2022-02-07 12:36:52,411  WARNING  MainThread:3912 -
Polling thread disabled.

2022-02-07 12:36:52,413  WARNING  MainThread:3924 -
Reset thread disabled.

2022-02-07,12:36:52:DEBUG MainThread:1193 - MainController - REST SERVER halted.

2022-02-07 12:36:52,427  WARNING  MainThread:3944 -
REST server thread disabled.

2022-02-07 12:36:52,429  WARNING  MainThread:3956 -
HTTP-URL thread disabled.

2022-02-07 12:36:52,430  INFO  MainThread:3987 -
[START] PYGATEWAY LISTENER @ 07-02-2022 12:36:52

2022-02-07 12:37:00,001  ERROR  MainThread:4164 -
Attempting to use a port that is not open

2022-02-07,12:37:00:DEBUG MainThread:4243 - All serial ports cannot be opened: reconnecting...

2022-02-07,12:37:21:DEBUG MainThread:715 - SerialManager - Connected to port /dev/ttyUSB0

2022-02-07,12:37:22:DEBUG MainThread:774 - SerialManager - Configuring port with Setting 0

2022-02-07,12:37:23:DEBUG MainThread:564 - NodeDatabase - Sync: 10 existing entries in node_database table...

2022-02-07,12:37:23:DEBUG MainThread:1193 - MainController - REST SERVER halted.

2022-02-07,12:37:23:DEBUG MainController:1174 - Running REST SERVER at port 9090.

2022-02-07 12:17:17,928  WARNING  MainThread:3912 -
Polling thread disabled.

2022-02-07 12:17:17,931  WARNING  MainThread:3924 -
Reset thread disabled.

2022-02-07,12:17:17:DEBUG MainThread:1193 - MainController - REST SERVER halted.

2022-02-07 12:17:17,944  WARNING  MainThread:3944 -
REST server thread disabled.

2022-02-07 12:17:17,946  WARNING  MainThread:3956 -
HTTP-URL thread disabled.

2022-02-07 12:17:17,947  INFO  MainThread:3987 -
[START] PYGATEWAY LISTENER @ 07-02-2022 12:17:17

2022-07-28,10:11:37:DEBUG MainThread:4270 - All threading processes stopped.

2022-07-28 10:15:53,873  WARNING  MainThread:3912 -
Polling thread disabled.

2022-07-28 10:15:53,879  WARNING  MainThread:3924 -
Reset thread disabled.

2022-07-28,10:15:53:DEBUG MainThread:1193 - MainController - REST SERVER halted.

2022-07-28 10:15:53,894  WARNING  MainThread:3944 -
REST server thread disabled.

2022-07-28 10:15:53,896  WARNING  MainThread:3956 -
HTTP-URL thread disabled.

2022-07-28 10:15:53,898  INFO  MainThread:3987 -
[START] PYGATEWAY LISTENER @ 28-07-2022 10:15:53

2022-07-28 10:16:00,018  ERROR  MainThread:4164 -
Attempting to use a port that is not open

2022-07-28,10:16:00:DEBUG MainThread:4243 - All serial ports cannot be opened: reconnecting...

2022-07-28 10:17:00,019  ERROR  MainThread:4164 -
Attempting to use a port that is not open

2022-07-28,10:17:00:DEBUG MainThread:4243 - All serial ports cannot be opened: reconnecting...

2022-07-28 10:18:00,008  ERROR  MainThread:4164 -
Attempting to use a port that is not open

2022-07-28,10:18:00:DEBUG MainThread:4243 - All serial ports cannot be opened: reconnecting...

2022-07-28 10:19:00,011  ERROR  MainThread:4164 -
Attempting to use a port that is not open

2022-07-28,10:19:00:DEBUG MainThread:4243 - All serial ports cannot be opened: reconnecting...

2022-07-28 10:20:00,018  ERROR  MainThread:4164 -
Attempting to use a port that is not open

2022-07-28,10:20:00:DEBUG MainThread:4243 - All serial ports cannot be opened: reconnecting...

2022-07-28 10:21:00,010  ERROR  MainThread:4164 -
Attempting to use a port that is not open

2022-07-28,10:21:00:DEBUG MainThread:4243 - All serial ports cannot be opened: reconnecting...

2022-07-28 10:22:00,007  ERROR  MainThread:4164 -
Attempting to use a port that is not open

2022-07-28,10:22:00:DEBUG MainThread:4243 - All serial ports cannot be opened: reconnecting...

2022-07-28 10:23:00,010  ERROR  MainThread:4164 -
Attempting to use a port that is not open

2022-07-28,10:23:00:DEBUG MainThread:4243 - All serial ports cannot be opened: reconnecting...

2022-07-28 10:23:48,100  WARNING  MainThread:3912 -
Polling thread disabled.

2022-07-28 10:23:48,103  WARNING  MainThread:3924 -
Reset thread disabled.

2022-07-28,10:23:48:DEBUG MainThread:1193 - MainController - REST SERVER halted.

2022-07-28 10:23:48,116  WARNING  MainThread:3944 -
REST server thread disabled.

2022-07-28 10:23:48,118  WARNING  MainThread:3956 -
HTTP-URL thread disabled.

2022-07-28 10:23:48,119  INFO  MainThread:3987 -
[START] PYGATEWAY LISTENER @ 28-07-2022 10:23:48

2022-07-28 10:24:00,010  ERROR  MainThread:4164 -
Attempting to use a port that is not open

2022-07-28,10:24:00:DEBUG MainThread:4243 - All serial ports cannot be opened: reconnecting...

2022-07-28 10:25:00,000  ERROR  MainThread:4164 -
Attempting to use a port that is not open

2022-07-28,10:25:00:DEBUG MainThread:4243 - All serial ports cannot be opened: reconnecting...

2022-07-28 10:26:00,001  ERROR  MainThread:4164 -
Attempting to use a port that is not open

2022-07-28,10:26:00:DEBUG MainThread:4243 - All serial ports cannot be opened: reconnecting...

2022-07-28 10:27:00,005  ERROR  MainThread:4164 -
Attempting to use a port that is not open

2022-07-28,10:27:00:DEBUG MainThread:4243 - All serial ports cannot be opened: reconnecting...

2022-07-28 10:28:00,002  ERROR  MainThread:4164 -
Attempting to use a port that is not open

2022-07-28,10:28:00:DEBUG MainThread:4243 - All serial ports cannot be opened: reconnecting...

2022-07-28 10:28:21,454  WARNING  MainThread:3912 -
Polling thread disabled.

2022-07-28 10:28:21,455  WARNING  MainThread:3924 -
Reset thread disabled.

2022-07-28,10:28:21:DEBUG MainThread:1193 - MainController - REST SERVER halted.

2022-07-28 10:28:21,462  WARNING  MainThread:3944 -
REST server thread disabled.

2022-07-28 10:28:21,462  WARNING  MainThread:3956 -
HTTP-URL thread disabled.

2022-07-28 10:28:21,463  INFO  MainThread:3987 -
[START] PYGATEWAY LISTENER @ 28-07-2022 10:28:21

2022-07-28 10:29:00,005  ERROR  MainThread:4164 -
Attempting to use a port that is not open

2022-07-28,10:29:00:DEBUG MainThread:4243 - All serial ports cannot be opened: reconnecting...

2022-07-28 10:30:00,005  ERROR  MainThread:4164 -
Attempting to use a port that is not open

2022-07-28,10:30:00:DEBUG MainThread:4243 - All serial ports cannot be opened: reconnecting...

2022-07-28 10:31:00,003  ERROR  MainThread:4164 -
Attempting to use a port that is not open

2022-07-28,10:31:00:DEBUG MainThread:4243 - All serial ports cannot be opened: reconnecting...

2022-07-28 10:32:00,005  ERROR  MainThread:4164 -
Attempting to use a port that is not open

2022-07-28,10:32:00:DEBUG MainThread:4243 - All serial ports cannot be opened: reconnecting...

2022-07-28 10:33:00,008  ERROR  MainThread:4164 -
Attempting to use a port that is not open

2022-07-28,10:33:00:DEBUG MainThread:4243 - All serial ports cannot be opened: reconnecting...

2022-07-28 10:34:00,008  ERROR  MainThread:4164 -
Attempting to use a port that is not open

2022-07-28,10:34:00:DEBUG MainThread:4243 - All serial ports cannot be opened: reconnecting...

2022-07-28 10:35:00,003  ERROR  MainThread:4164 -
Attempting to use a port that is not open

2022-07-28,10:35:00:DEBUG MainThread:4243 - All serial ports cannot be opened: reconnecting...

2022-07-28 10:36:00,003  ERROR  MainThread:4164 -
Attempting to use a port that is not open

2022-07-28,10:36:00:DEBUG MainThread:4243 - All serial ports cannot be opened: reconnecting...

2022-07-28 10:37:00,006  ERROR  MainThread:4164 -
Attempting to use a port that is not open

2022-07-28,10:37:00:DEBUG MainThread:4243 - All serial ports cannot be opened: reconnecting...

2022-07-28 10:38:00,005  ERROR  MainThread:4164 -
Attempting to use a port that is not open

2022-07-28,10:38:00:DEBUG MainThread:4243 - All serial ports cannot be opened: reconnecting...

2022-07-28 10:39:00,004  ERROR  MainThread:4164 -
Attempting to use a port that is not open

2022-07-28,10:39:00:DEBUG MainThread:4243 - All serial ports cannot be opened: reconnecting...

2022-07-28 10:40:00,004  ERROR  MainThread:4164 -
Attempting to use a port that is not open

2022-07-28,10:40:00:DEBUG MainThread:4243 - All serial ports cannot be opened: reconnecting...

2022-07-28 10:41:00,007  ERROR  MainThread:4164 -
Attempting to use a port that is not open

2022-07-28,10:41:00:DEBUG MainThread:4243 - All serial ports cannot be opened: reconnecting...

2022-07-28 10:42:06,594  WARNING  MainThread:3912 -
Polling thread disabled.

2022-07-28 10:42:06,602  WARNING  MainThread:3924 -
Reset thread disabled.

2022-07-28,10:42:06:DEBUG MainThread:1193 - MainController - REST SERVER halted.

2022-07-28 10:42:06,612  WARNING  MainThread:3944 -
REST server thread disabled.

2022-07-28 10:42:06,613  WARNING  MainThread:3956 -
HTTP-URL thread disabled.

2022-07-28 10:42:06,615  INFO  MainThread:3987 -
[START] PYGATEWAY LISTENER @ 28-07-2022 10:42:06

2024-06-27,17:33:46:DEBUG MainThread:4270 - All threading processes stopped.

2024-06-28 10:31:43,870  WARNING  MainThread:3912 -
Polling thread disabled.

2024-06-28 10:31:43,873  WARNING  MainThread:3924 -
Reset thread disabled.

2024-06-28,10:31:43:DEBUG MainThread:1193 - MainController - REST SERVER halted.

2024-06-28 10:31:43,886  WARNING  MainThread:3944 -
REST server thread disabled.

2024-06-28 10:31:43,887  WARNING  MainThread:3956 -
HTTP-URL thread disabled.

2024-06-28 10:31:43,889  INFO  MainThread:3987 -
[START] PYGATEWAY LISTENER @ 28-06-2024 10:31:43

2024-06-28 10:32:00,005  ERROR  MainThread:4164 -
Attempting to use a port that is not open

2024-06-28,10:32:00:DEBUG MainThread:4243 - All serial ports cannot be opened: reconnecting...

2024-06-28 10:31:42,965  WARNING  MainThread:3912 -
Polling thread disabled.

2024-06-28 10:31:42,969  WARNING  MainThread:3924 -
Reset thread disabled.

2024-06-28,10:31:42:DEBUG MainThread:1193 - MainController - REST SERVER halted.

2024-06-28 10:31:42,981  WARNING  MainThread:3944 -
REST server thread disabled.

2024-06-28 10:31:42,983  WARNING  MainThread:3956 -
HTTP-URL thread disabled.

2024-06-28 10:31:42,984  INFO  MainThread:3987 -
[START] PYGATEWAY LISTENER @ 28-06-2024 10:31:42

2024-06-28 10:32:00,014  ERROR  MainThread:4164 -
Attempting to use a port that is not open

2024-06-28,10:32:00:DEBUG MainThread:4243 - All serial ports cannot be opened: reconnecting...

2024-06-28 10:33:00,012  ERROR  MainThread:4164 -
Attempting to use a port that is not open

2024-06-28,10:33:00:DEBUG MainThread:4243 - All serial ports cannot be opened: reconnecting...

2024-06-28 10:31:40,473  WARNING  MainThread:3912 -
Polling thread disabled.

2024-06-28 10:31:40,474  WARNING  MainThread:3924 -
Reset thread disabled.

2024-06-28,10:31:40:DEBUG MainThread:1193 - MainController - REST SERVER halted.

2024-06-28 10:31:40,480  WARNING  MainThread:3944 -
REST server thread disabled.

2024-06-28 10:31:40,481  WARNING  MainThread:3956 -
HTTP-URL thread disabled.

2024-06-28 10:31:40,481  INFO  MainThread:3987 -
[START] PYGATEWAY LISTENER @ 28-06-2024 10:31:40

2024-06-28 10:32:00,008  ERROR  MainThread:4164 -
Attempting to use a port that is not open

2024-06-28,10:32:00:DEBUG MainThread:4243 - All serial ports cannot be opened: reconnecting...

2024-06-28 10:33:00,004  ERROR  MainThread:4164 -
Attempting to use a port that is not open

2024-06-28,10:33:00:DEBUG MainThread:4243 - All serial ports cannot be opened: reconnecting...

2024-06-28 10:34:00,003  ERROR  MainThread:4164 -
Attempting to use a port that is not open

2024-06-28,10:34:00:DEBUG MainThread:4243 - All serial ports cannot be opened: reconnecting...

2024-06-28 10:35:00,007  ERROR  MainThread:4164 -
Attempting to use a port that is not open

2024-06-28,10:35:00:DEBUG MainThread:4243 - All serial ports cannot be opened: reconnecting...

2024-06-28 10:36:00,002  ERROR  MainThread:4164 -
Attempting to use a port that is not open

2024-06-28,10:36:00:DEBUG MainThread:4243 - All serial ports cannot be opened: reconnecting...

2024-06-28 10:37:00,003  ERROR  MainThread:4164 -
Attempting to use a port that is not open

2024-06-28,10:37:00:DEBUG MainThread:4243 - All serial ports cannot be opened: reconnecting...

2024-06-28 10:38:00,000  ERROR  MainThread:4164 -
Attempting to use a port that is not open

2024-06-28,10:38:00:DEBUG MainThread:4243 - All serial ports cannot be opened: reconnecting...

2024-06-28 10:39:00,002  ERROR  MainThread:4164 -
Attempting to use a port that is not open

2024-06-28,10:39:00:DEBUG MainThread:4243 - All serial ports cannot be opened: reconnecting...

2024-06-28 10:40:00,000  ERROR  MainThread:4164 -
Attempting to use a port that is not open

2024-06-28,10:40:00:DEBUG MainThread:4243 - All serial ports cannot be opened: reconnecting...

2024-06-28 10:41:00,003  ERROR  MainThread:4164 -
Attempting to use a port that is not open

2024-06-28,10:41:00:DEBUG MainThread:4243 - All serial ports cannot be opened: reconnecting...

2024-06-28 10:41:23,453  WARNING  MainThread:3912 -
Polling thread disabled.

2024-06-28 10:41:23,455  WARNING  MainThread:3924 -
Reset thread disabled.

2024-06-28,10:41:23:DEBUG MainThread:1193 - MainController - REST SERVER halted.

2024-06-28 10:41:23,463  WARNING  MainThread:3944 -
REST server thread disabled.

2024-06-28 10:41:23,465  WARNING  MainThread:3956 -
HTTP-URL thread disabled.

2024-06-28 10:41:23,466  INFO  MainThread:3987 -
[START] PYGATEWAY LISTENER @ 28-06-2024 10:41:23

2024-06-28 10:42:00,008  ERROR  MainThread:4164 -
Attempting to use a port that is not open

2024-06-28,10:42:00:DEBUG MainThread:4243 - All serial ports cannot be opened: reconnecting...

2024-06-28 10:43:00,002  ERROR  MainThread:4164 -
Attempting to use a port that is not open

2024-06-28,10:43:00:DEBUG MainThread:4243 - All serial ports cannot be opened: reconnecting...

2024-06-28 10:44:00,000  ERROR  MainThread:4164 -
Attempting to use a port that is not open

2024-06-28,10:44:00:DEBUG MainThread:4243 - All serial ports cannot be opened: reconnecting...

2024-06-28 10:45:00,002  ERROR  MainThread:4164 -
Attempting to use a port that is not open

2024-06-28,10:45:00:DEBUG MainThread:4243 - All serial ports cannot be opened: reconnecting...

2024-06-28 10:46:00,004  ERROR  MainThread:4164 -
Attempting to use a port that is not open

2024-06-28,10:46:00:DEBUG MainThread:4243 - All serial ports cannot be opened: reconnecting...

2024-06-28 10:47:00,000  ERROR  MainThread:4164 -
Attempting to use a port that is not open

2024-06-28,10:47:00:DEBUG MainThread:4243 - All serial ports cannot be opened: reconnecting...

2024-06-28 10:48:00,003  ERROR  MainThread:4164 -
Attempting to use a port that is not open

2024-06-28,10:48:00:DEBUG MainThread:4243 - All serial ports cannot be opened: reconnecting...

2024-06-28 10:49:00,003  ERROR  MainThread:4164 -
Attempting to use a port that is not open

2024-06-28,10:49:00:DEBUG MainThread:4243 - All serial ports cannot be opened: reconnecting...

2024-06-28 10:50:00,001  ERROR  MainThread:4164 -
Attempting to use a port that is not open

2024-06-28,10:50:00:DEBUG MainThread:4243 - All serial ports cannot be opened: reconnecting...

2024-06-28 10:51:00,011  ERROR  MainThread:4164 -
Attempting to use a port that is not open

2024-06-28,10:51:00:DEBUG MainThread:4243 - All serial ports cannot be opened: reconnecting...

2024-06-28 10:52:00,828  WARNING  MainThread:3912 -
Polling thread disabled.

2024-06-28 10:52:00,832  WARNING  MainThread:3924 -
Reset thread disabled.

2024-06-28,10:52:00:DEBUG MainThread:1193 - MainController - REST SERVER halted.

2024-06-28 10:52:00,844  WARNING  MainThread:3944 -
REST server thread disabled.

2024-06-28 10:52:00,845  WARNING  MainThread:3956 -
HTTP-URL thread disabled.

2024-06-28 10:52:00,847  INFO  MainThread:3987 -
[START] PYGATEWAY LISTENER @ 28-06-2024 10:52:00

2024-06-28 10:52:00,879  ERROR  MainThread:4164 -
Attempting to use a port that is not open

2024-06-28,10:52:01:DEBUG MainThread:4243 - All serial ports cannot be opened: reconnecting...

2024-06-28 10:53:00,013  ERROR  MainThread:4164 -
Attempting to use a port that is not open

2024-06-28,10:53:00:DEBUG MainThread:4243 - All serial ports cannot be opened: reconnecting...

2024-06-28 10:54:00,003  ERROR  MainThread:4164 -
Attempting to use a port that is not open

2024-06-28,10:54:00:DEBUG MainThread:4243 - All serial ports cannot be opened: reconnecting...

2024-06-28 10:55:00,018  ERROR  MainThread:4164 -
Attempting to use a port that is not open

2024-06-28,10:55:00:DEBUG MainThread:4243 - All serial ports cannot be opened: reconnecting...

2024-06-28 10:56:00,020  ERROR  MainThread:4164 -
Attempting to use a port that is not open

2024-06-28,10:56:00:DEBUG MainThread:4243 - All serial ports cannot be opened: reconnecting...

2024-06-28 10:51:57,921  WARNING  MainThread:3912 -
Polling thread disabled.

2024-06-28 10:51:57,923  WARNING  MainThread:3924 -
Reset thread disabled.

2024-06-28,10:51:57:DEBUG MainThread:1193 - MainController - REST SERVER halted.

2024-06-28 10:51:57,929  WARNING  MainThread:3944 -
REST server thread disabled.

2024-06-28 10:51:57,930  WARNING  MainThread:3956 -
HTTP-URL thread disabled.

2024-06-28 10:51:57,930  INFO  MainThread:3987 -
[START] PYGATEWAY LISTENER @ 28-06-2024 10:51:57

2024-06-28 10:52:00,008  ERROR  MainThread:4164 -
Attempting to use a port that is not open

2024-06-28,10:52:00:DEBUG MainThread:4243 - All serial ports cannot be opened: reconnecting...

2024-06-28 10:53:00,003  ERROR  MainThread:4164 -
Attempting to use a port that is not open

2024-06-28,10:53:00:DEBUG MainThread:4243 - All serial ports cannot be opened: reconnecting...

2024-06-28 10:54:00,007  ERROR  MainThread:4164 -
Attempting to use a port that is not open

2024-06-28,10:54:00:DEBUG MainThread:4243 - All serial ports cannot be opened: reconnecting...

2024-06-28 10:55:00,005  ERROR  MainThread:4164 -
Attempting to use a port that is not open

2024-06-28,10:55:00:DEBUG MainThread:4243 - All serial ports cannot be opened: reconnecting...

2024-06-28 10:56:00,007  ERROR  MainThread:4164 -
Attempting to use a port that is not open

2024-06-28,10:56:00:DEBUG MainThread:4243 - All serial ports cannot be opened: reconnecting...

2024-06-28 10:57:00,000  ERROR  MainThread:4164 -
Attempting to use a port that is not open

2024-06-28,10:57:00:DEBUG MainThread:4243 - All serial ports cannot be opened: reconnecting...

2024-06-28 10:58:00,001  ERROR  MainThread:4164 -
Attempting to use a port that is not open

2024-06-28,10:58:00:DEBUG MainThread:4243 - All serial ports cannot be opened: reconnecting...

2024-06-28 10:59:00,002  ERROR  MainThread:4164 -
Attempting to use a port that is not open

2024-06-28,10:59:00:DEBUG MainThread:4243 - All serial ports cannot be opened: reconnecting...

2024-06-28 11:00:00,000  ERROR  MainThread:4164 -
Attempting to use a port that is not open

2024-06-28,11:00:00:DEBUG MainThread:4243 - All serial ports cannot be opened: reconnecting...

2024-06-28 11:01:00,000  ERROR  MainThread:4164 -
Attempting to use a port that is not open

2024-06-28,11:01:00:DEBUG MainThread:4243 - All serial ports cannot be opened: reconnecting...

2024-06-28 11:02:00,008  ERROR  MainThread:4164 -
Attempting to use a port that is not open

2024-06-28,11:02:00:DEBUG MainThread:4243 - All serial ports cannot be opened: reconnecting...

2024-06-28 11:03:00,001  ERROR  MainThread:4164 -
Attempting to use a port that is not open

2024-06-28,11:03:00:DEBUG MainThread:4243 - All serial ports cannot be opened: reconnecting...

2024-06-28 11:04:00,007  ERROR  MainThread:4164 -
Attempting to use a port that is not open

2024-06-28,11:04:00:DEBUG MainThread:4243 - All serial ports cannot be opened: reconnecting...

2024-06-28 11:05:00,005  ERROR  MainThread:4164 -
Attempting to use a port that is not open

2024-06-28,11:05:00:DEBUG MainThread:4243 - All serial ports cannot be opened: reconnecting...

2024-06-28 11:06:00,008  ERROR  MainThread:4164 -
Attempting to use a port that is not open

2024-06-28,11:06:00:DEBUG MainThread:4243 - All serial ports cannot be opened: reconnecting...

2024-06-28 11:07:00,005  ERROR  MainThread:4164 -
Attempting to use a port that is not open

2024-06-28,11:07:00:DEBUG MainThread:4243 - All serial ports cannot be opened: reconnecting...

2024-06-28 11:08:00,006  ERROR  MainThread:4164 -
Attempting to use a port that is not open

2024-06-28,11:08:00:DEBUG MainThread:4243 - All serial ports cannot be opened: reconnecting...

2024-06-28 11:09:00,004  ERROR  MainThread:4164 -
Attempting to use a port that is not open

2024-06-28,11:09:00:DEBUG MainThread:4243 - All serial ports cannot be opened: reconnecting...

2024-06-28 10:51:57,830  WARNING  MainThread:3912 -
Polling thread disabled.

2024-06-28 10:51:57,832  WARNING  MainThread:3924 -
Reset thread disabled.

2024-06-28,10:51:57:DEBUG MainThread:1193 - MainController - REST SERVER halted.

2024-06-28 10:51:57,838  WARNING  MainThread:3944 -
REST server thread disabled.

2024-06-28 10:51:57,839  WARNING  MainThread:3956 -
HTTP-URL thread disabled.

2024-06-28 10:51:57,840  INFO  MainThread:3987 -
[START] PYGATEWAY LISTENER @ 28-06-2024 10:51:57

2024-06-28 10:52:00,001  ERROR  MainThread:4164 -
Attempting to use a port that is not open

2024-06-28,10:52:00:DEBUG MainThread:4243 - All serial ports cannot be opened: reconnecting...

2024-06-28 10:51:57,409  WARNING  MainThread:3912 -
Polling thread disabled.

2024-06-28 10:51:57,411  WARNING  MainThread:3924 -
Reset thread disabled.

2024-06-28,10:51:57:DEBUG MainThread:1193 - MainController - REST SERVER halted.

2024-06-28 10:51:57,417  WARNING  MainThread:3944 -
REST server thread disabled.

2024-06-28 10:51:57,418  WARNING  MainThread:3956 -
HTTP-URL thread disabled.

2024-06-28 10:51:57,419  INFO  MainThread:3987 -
[START] PYGATEWAY LISTENER @ 28-06-2024 10:51:57

2024-06-28 10:52:00,007  ERROR  MainThread:4164 -
Attempting to use a port that is not open

2024-06-28,10:52:00:DEBUG MainThread:4243 - All serial ports cannot be opened: reconnecting...

2024-06-28 10:53:00,003  ERROR  MainThread:4164 -
Attempting to use a port that is not open

2024-06-28,10:53:00:DEBUG MainThread:4243 - All serial ports cannot be opened: reconnecting...

2024-06-28 10:54:00,001  ERROR  MainThread:4164 -
Attempting to use a port that is not open

2024-06-28,10:54:00:DEBUG MainThread:4243 - All serial ports cannot be opened: reconnecting...

2024-06-28 10:55:00,001  ERROR  MainThread:4164 -
Attempting to use a port that is not open

2024-06-28,10:55:00:DEBUG MainThread:4243 - All serial ports cannot be opened: reconnecting...

2024-06-28 10:56:00,002  ERROR  MainThread:4164 -
Attempting to use a port that is not open

2024-06-28,10:56:00:DEBUG MainThread:4243 - All serial ports cannot be opened: reconnecting...

2024-06-28 10:57:00,000  ERROR  MainThread:4164 -
Attempting to use a port that is not open

2024-06-28,10:57:00:DEBUG MainThread:4243 - All serial ports cannot be opened: reconnecting...

2024-06-28 10:58:00,009  ERROR  MainThread:4164 -
Attempting to use a port that is not open

2024-06-28,10:58:00:DEBUG MainThread:4243 - All serial ports cannot be opened: reconnecting...

2024-06-28 10:59:00,008  ERROR  MainThread:4164 -
Attempting to use a port that is not open

2024-06-28,10:59:00:DEBUG MainThread:4243 - All serial ports cannot be opened: reconnecting...

2024-06-28 11:00:00,000  ERROR  MainThread:4164 -
Attempting to use a port that is not open

2024-06-28,11:00:00:DEBUG MainThread:4243 - All serial ports cannot be opened: reconnecting...

2024-06-28 11:01:00,007  ERROR  MainThread:4164 -
Attempting to use a port that is not open

2024-06-28,11:01:00:DEBUG MainThread:4243 - All serial ports cannot be opened: reconnecting...

2024-06-28 11:02:00,003  ERROR  MainThread:4164 -
Attempting to use a port that is not open

2024-06-28,11:02:00:DEBUG MainThread:4243 - All serial ports cannot be opened: reconnecting...

2024-06-28 11:03:00,004  ERROR  MainThread:4164 -
Attempting to use a port that is not open

2024-06-28,11:03:00:DEBUG MainThread:4243 - All serial ports cannot be opened: reconnecting...

2024-06-28 11:04:00,006  ERROR  MainThread:4164 -
Attempting to use a port that is not open

2024-06-28,11:04:00:DEBUG MainThread:4243 - All serial ports cannot be opened: reconnecting...

2024-06-28 11:05:00,008  ERROR  MainThread:4164 -
Attempting to use a port that is not open

2024-06-28,11:05:00:DEBUG MainThread:4243 - All serial ports cannot be opened: reconnecting...

2024-06-28 11:06:00,006  ERROR  MainThread:4164 -
Attempting to use a port that is not open

2024-06-28,11:06:00:DEBUG MainThread:4243 - All serial ports cannot be opened: reconnecting...

2024-06-28 11:07:00,002  ERROR  MainThread:4164 -
Attempting to use a port that is not open

2024-06-28,11:07:00:DEBUG MainThread:4243 - All serial ports cannot be opened: reconnecting...

2024-06-28 11:08:00,008  ERROR  MainThread:4164 -
Attempting to use a port that is not open

2024-06-28,11:08:00:DEBUG MainThread:4243 - All serial ports cannot be opened: reconnecting...

2024-06-28 11:09:00,007  ERROR  MainThread:4164 -
Attempting to use a port that is not open

2024-06-28,11:09:00:DEBUG MainThread:4243 - All serial ports cannot be opened: reconnecting...

2024-06-28 11:10:00,000  ERROR  MainThread:4164 -
Attempting to use a port that is not open

2024-06-28,11:10:00:DEBUG MainThread:4243 - All serial ports cannot be opened: reconnecting...

2024-06-28 11:11:00,005  ERROR  MainThread:4164 -
Attempting to use a port that is not open

2024-06-28,11:11:00:DEBUG MainThread:4243 - All serial ports cannot be opened: reconnecting...

2024-06-28 11:12:00,004  ERROR  MainThread:4164 -
Attempting to use a port that is not open

2024-06-28,11:12:00:DEBUG MainThread:4243 - All serial ports cannot be opened: reconnecting...

2024-06-28 11:13:00,007  ERROR  MainThread:4164 -
Attempting to use a port that is not open

2024-06-28,11:13:00:DEBUG MainThread:4243 - All serial ports cannot be opened: reconnecting...

2024-06-28 11:14:00,001  ERROR  MainThread:4164 -
Attempting to use a port that is not open

2024-06-28,11:14:00:DEBUG MainThread:4243 - All serial ports cannot be opened: reconnecting...

2024-06-28 11:15:00,004  ERROR  MainThread:4164 -
Attempting to use a port that is not open

2024-06-28,11:15:00:DEBUG MainThread:4243 - All serial ports cannot be opened: reconnecting...

2024-06-28 11:16:00,005  ERROR  MainThread:4164 -
Attempting to use a port that is not open

2024-06-28,11:16:00:DEBUG MainThread:4243 - All serial ports cannot be opened: reconnecting...

2024-06-28 11:17:00,007  ERROR  MainThread:4164 -
Attempting to use a port that is not open

2024-06-28,11:17:00:DEBUG MainThread:4243 - All serial ports cannot be opened: reconnecting...

2024-06-28 11:18:00,005  ERROR  MainThread:4164 -
Attempting to use a port that is not open

2024-06-28,11:18:00:DEBUG MainThread:4243 - All serial ports cannot be opened: reconnecting...

2024-06-28 11:19:00,002  ERROR  MainThread:4164 -
Attempting to use a port that is not open

2024-06-28,11:19:00:DEBUG MainThread:4243 - All serial ports cannot be opened: reconnecting...

2024-06-28 11:20:00,002  ERROR  MainThread:4164 -
Attempting to use a port that is not open

2024-06-28,11:20:00:DEBUG MainThread:4243 - All serial ports cannot be opened: reconnecting...

2024-06-28 11:21:00,003  ERROR  MainThread:4164 -
Attempting to use a port that is not open

2024-06-28,11:21:00:DEBUG MainThread:4243 - All serial ports cannot be opened: reconnecting...

2024-06-28 11:22:00,008  ERROR  MainThread:4164 -
Attempting to use a port that is not open

2024-06-28,11:22:00:DEBUG MainThread:4243 - All serial ports cannot be opened: reconnecting...

2024-06-28 11:23:00,004  ERROR  MainThread:4164 -
Attempting to use a port that is not open

2024-06-28,11:23:00:DEBUG MainThread:4243 - All serial ports cannot be opened: reconnecting...

2024-06-28 11:24:00,000  ERROR  MainThread:4164 -
Attempting to use a port that is not open

2024-06-28,11:24:00:DEBUG MainThread:4243 - All serial ports cannot be opened: reconnecting...

2024-06-28 11:25:00,002  ERROR  MainThread:4164 -
Attempting to use a port that is not open

2024-06-28,11:25:00:DEBUG MainThread:4243 - All serial ports cannot be opened: reconnecting...

2024-06-28 11:26:00,001  ERROR  MainThread:4164 -
Attempting to use a port that is not open

2024-06-28,11:26:00:DEBUG MainThread:4243 - All serial ports cannot be opened: reconnecting...

2024-06-28 11:27:00,004  ERROR  MainThread:4164 -
Attempting to use a port that is not open

2024-06-28,11:27:00:DEBUG MainThread:4243 - All serial ports cannot be opened: reconnecting...

2024-06-28 11:28:00,006  ERROR  MainThread:4164 -
Attempting to use a port that is not open

2024-06-28,11:28:00:DEBUG MainThread:4243 - All serial ports cannot be opened: reconnecting...

2024-06-28 11:29:00,000  ERROR  MainThread:4164 -
Attempting to use a port that is not open

2024-06-28,11:29:00:DEBUG MainThread:4243 - All serial ports cannot be opened: reconnecting...

2024-06-28 11:30:00,006  ERROR  MainThread:4164 -
Attempting to use a port that is not open

2024-06-28,11:30:00:DEBUG MainThread:4243 - All serial ports cannot be opened: reconnecting...

2024-06-28 11:31:00,006  ERROR  MainThread:4164 -
Attempting to use a port that is not open

2024-06-28,11:31:00:DEBUG MainThread:4243 - All serial ports cannot be opened: reconnecting...

2024-06-28 11:32:00,001  ERROR  MainThread:4164 -
Attempting to use a port that is not open

2024-06-28,11:32:00:DEBUG MainThread:4243 - All serial ports cannot be opened: reconnecting...

2024-06-28 11:33:00,005  ERROR  MainThread:4164 -
Attempting to use a port that is not open

2024-06-28,11:33:00:DEBUG MainThread:4243 - All serial ports cannot be opened: reconnecting...

2024-06-28 11:34:00,006  ERROR  MainThread:4164 -
Attempting to use a port that is not open

2024-06-28,11:34:00:DEBUG MainThread:4243 - All serial ports cannot be opened: reconnecting...

2024-06-28 11:35:00,005  ERROR  MainThread:4164 -
Attempting to use a port that is not open

2024-06-28,11:35:00:DEBUG MainThread:4243 - All serial ports cannot be opened: reconnecting...

2024-06-28 11:36:00,006  ERROR  MainThread:4164 -
Attempting to use a port that is not open

2024-06-28,11:36:00:DEBUG MainThread:4243 - All serial ports cannot be opened: reconnecting...

2024-06-28 11:37:00,008  ERROR  MainThread:4164 -
Attempting to use a port that is not open

2024-06-28,11:37:00:DEBUG MainThread:4243 - All serial ports cannot be opened: reconnecting...

2024-06-28 11:38:00,004  ERROR  MainThread:4164 -
Attempting to use a port that is not open

2024-06-28,11:38:00:DEBUG MainThread:4243 - All serial ports cannot be opened: reconnecting...

2024-06-28 11:39:00,006  ERROR  MainThread:4164 -
Attempting to use a port that is not open

2024-06-28,11:39:00:DEBUG MainThread:4243 - All serial ports cannot be opened: reconnecting...

2024-06-28 11:40:00,003  ERROR  MainThread:4164 -
Attempting to use a port that is not open

2024-06-28,11:40:00:DEBUG MainThread:4243 - All serial ports cannot be opened: reconnecting...

2024-06-28 11:41:00,008  ERROR  MainThread:4164 -
Attempting to use a port that is not open

2024-06-28,11:41:00:DEBUG MainThread:4243 - All serial ports cannot be opened: reconnecting...

2024-06-28 11:42:00,006  ERROR  MainThread:4164 -
Attempting to use a port that is not open

2024-06-28,11:42:00:DEBUG MainThread:4243 - All serial ports cannot be opened: reconnecting...

2024-06-28 11:43:00,007  ERROR  MainThread:4164 -
Attempting to use a port that is not open

2024-06-28,11:43:00:DEBUG MainThread:4243 - All serial ports cannot be opened: reconnecting...

2024-06-28 11:44:00,007  ERROR  MainThread:4164 -
Attempting to use a port that is not open

2024-06-28,11:44:00:DEBUG MainThread:4243 - All serial ports cannot be opened: reconnecting...

2024-06-28 11:45:00,002  ERROR  MainThread:4164 -
Attempting to use a port that is not open

2024-06-28,11:45:00:DEBUG MainThread:4243 - All serial ports cannot be opened: reconnecting...

2024-06-28 11:46:00,006  ERROR  MainThread:4164 -
Attempting to use a port that is not open

2024-06-28,11:46:00:DEBUG MainThread:4243 - All serial ports cannot be opened: reconnecting...

2024-06-28 11:47:00,006  ERROR  MainThread:4164 -
Attempting to use a port that is not open

2024-06-28,11:47:00:DEBUG MainThread:4243 - All serial ports cannot be opened: reconnecting...

2024-06-28 11:48:00,001  ERROR  MainThread:4164 -
Attempting to use a port that is not open

2024-06-28,11:48:00:DEBUG MainThread:4243 - All serial ports cannot be opened: reconnecting...

2024-06-28 11:49:00,004  ERROR  MainThread:4164 -
Attempting to use a port that is not open

2024-06-28,11:49:00:DEBUG MainThread:4243 - All serial ports cannot be opened: reconnecting...

2024-06-28 11:50:00,003  ERROR  MainThread:4164 -
Attempting to use a port that is not open

2024-06-28,11:50:00:DEBUG MainThread:4243 - All serial ports cannot be opened: reconnecting...

2024-06-28 11:51:00,005  ERROR  MainThread:4164 -
Attempting to use a port that is not open

2024-06-28,11:51:00:DEBUG MainThread:4243 - All serial ports cannot be opened: reconnecting...

2024-06-28,11:51:58:DEBUG MainThread:4270 - All threading processes stopped.

2024-06-28,12:58:21:DEBUG MainThread:715 - SerialManager - Connected to port /dev/ttyUSB0

2024-06-28,12:58:22:DEBUG MainThread:774 - SerialManager - Configuring port with Setting 0

2024-06-28,12:58:22:DEBUG MainThread:564 - NodeDatabase - Sync: 10 existing entries in node_database table...

2024-06-28 12:58:22,948  INFO  MainThread:3987 -
[START] PYGATEWAY LISTENER @ 28-06-2024 12:58:22

2024-06-28,12:58:22:DEBUG MainController:1174 - Running REST SERVER at port 9090.

2024-06-28,12:58:28:DEBUG MainPolling:1899 - Database - Nodes out of update: []

2024-06-28,12:58:28:DEBUG MainPolling:1902 - Database - Nodes currently ON: []

2024-06-28,12:58:28:DEBUG MainPolling:1741 - MainPolling- Poll: 0 existing nodes in node_database table...

2024-06-28,12:58:28:DEBUG MainPolling:2225 - Network free time: 1399.976

2025-10-09,15:14:27:DEBUG MainThread:774 - SerialManager - Configuring port with Setting 0

2025-10-09,15:14:28:DEBUG MainThread:564 - NodeDatabase - Sync: 10 existing entries in node_database table...

2025-10-09,15:14:30:DEBUG MainThread:774 - SerialManager - Configuring port with Setting 0

2025-10-09,15:14:33:DEBUG MainThread:774 - SerialManager - Configuring port with Setting 0

2025-10-09,15:14:36:DEBUG MainThread:774 - SerialManager - Configuring port with Setting 0

2025-10-09,15:14:39:DEBUG MainThread:774 - SerialManager - Configuring port with Setting 0

2025-10-09,15:14:42:DEBUG MainThread:774 - SerialManager - Configuring port with Setting 0

2025-10-09,15:14:45:DEBUG MainThread:774 - SerialManager - Configuring port with Setting 0

2025-10-09,15:14:48:DEBUG MainThread:774 - SerialManager - Configuring port with Setting 0

2025-10-09,15:14:51:DEBUG MainThread:774 - SerialManager - Configuring port with Setting 0

2025-10-09,15:14:54:DEBUG MainThread:774 - SerialManager - Configuring port with Setting 0

2025-10-09,15:14:57:DEBUG MainThread:774 - SerialManager - Configuring port with Setting 0

2025-10-09,15:15:00:DEBUG MainThread:774 - SerialManager - Configuring port with Setting 0

2025-10-09,15:15:03:DEBUG MainThread:774 - SerialManager - Configuring port with Setting 0

2025-10-09,15:15:06:DEBUG MainThread:774 - SerialManager - Configuring port with Setting 0

2025-10-09,15:15:09:DEBUG MainThread:774 - SerialManager - Configuring port with Setting 0

2025-10-09,15:15:12:DEBUG MainThread:774 - SerialManager - Configuring port with Setting 0

2025-10-09,15:15:15:DEBUG MainThread:774 - SerialManager - Configuring port with Setting 0

2025-10-09,15:15:18:DEBUG MainThread:774 - SerialManager - Configuring port with Setting 0

2025-10-09,15:15:21:DEBUG MainThread:774 - SerialManager - Configuring port with Setting 0

2025-10-09,15:15:24:DEBUG MainThread:774 - SerialManager - Configuring port with Setting 0

2025-10-09,15:15:27:DEBUG MainThread:774 - SerialManager - Configuring port with Setting 0

2025-10-09,15:15:30:DEBUG MainThread:774 - SerialManager - Configuring port with Setting 0

2025-10-09,15:15:33:DEBUG MainThread:774 - SerialManager - Configuring port with Setting 0

2025-10-09,15:15:36:DEBUG MainThread:774 - SerialManager - Configuring port with Setting 0

2025-10-09,15:15:39:DEBUG MainThread:774 - SerialManager - Configuring port with Setting 0

2025-10-09,15:15:42:DEBUG MainThread:774 - SerialManager - Configuring port with Setting 0

2025-10-09,15:15:45:DEBUG MainThread:774 - SerialManager - Configuring port with Setting 0

2025-10-09,15:15:49:DEBUG MainThread:774 - SerialManager - Configuring port with Setting 0

2025-10-09,15:15:52:DEBUG MainThread:774 - SerialManager - Configuring port with Setting 0

2025-10-09,15:15:55:DEBUG MainThread:774 - SerialManager - Configuring port with Setting 0

2025-10-09,15:15:58:DEBUG MainThread:774 - SerialManager - Configuring port with Setting 0

2025-10-09,15:16:01:DEBUG MainThread:774 - SerialManager - Configuring port with Setting 0

2025-10-09,15:16:04:DEBUG MainThread:774 - SerialManager - Configuring port with Setting 0

2025-10-09,15:16:06:DEBUG MainThread:774 - SerialManager - Configuring port with Setting 0

2025-10-09,15:16:08:DEBUG MainThread:774 - SerialManager - Configuring port with Setting 0

2025-10-09,15:16:10:DEBUG MainThread:774 - SerialManager - Configuring port with Setting 0

2025-10-09,15:16:12:DEBUG MainThread:774 - SerialManager - Configuring port with Setting 0

2025-10-09,15:16:14:DEBUG MainThread:774 - SerialManager - Configuring port with Setting 0

2025-10-09,15:16:16:DEBUG MainThread:774 - SerialManager - Configuring port with Setting 0

2025-10-09,15:16:18:DEBUG MainThread:774 - SerialManager - Configuring port with Setting 0

2025-10-09,15:16:20:DEBUG MainThread:774 - SerialManager - Configuring port with Setting 0

2025-10-09,15:16:22:DEBUG MainThread:774 - SerialManager - Configuring port with Setting 0

2025-10-09,15:16:25:DEBUG MainThread:774 - SerialManager - Configuring port with Setting 0

2025-10-09,15:16:28:DEBUG MainThread:774 - SerialManager - Configuring port with Setting 0

2025-10-09,15:16:31:DEBUG MainThread:774 - SerialManager - Configuring port with Setting 0

2025-10-09,15:16:34:DEBUG MainThread:774 - SerialManager - Configuring port with Setting 0

2025-10-09,15:16:37:DEBUG MainThread:774 - SerialManager - Configuring port with Setting 0

2025-10-09,15:16:41:DEBUG MainThread:774 - SerialManager - Configuring port with Setting 0

2025-10-09,15:16:44:DEBUG MainThread:774 - SerialManager - Configuring port with Setting 0

2025-10-09,15:16:47:DEBUG MainThread:774 - SerialManager - Configuring port with Setting 0

2025-10-09,15:16:50:DEBUG MainThread:774 - SerialManager - Configuring port with Setting 0

2025-10-09,15:16:53:DEBUG MainThread:774 - SerialManager - Configuring port with Setting 0

2025-10-09,15:16:56:DEBUG MainThread:774 - SerialManager - Configuring port with Setting 0

2025-10-09,15:16:59:DEBUG MainThread:774 - SerialManager - Configuring port with Setting 0

2025-10-09,15:17:02:DEBUG MainThread:774 - SerialManager - Configuring port with Setting 0

2025-10-09,15:17:05:DEBUG MainThread:774 - SerialManager - Configuring port with Setting 0

2025-10-09,15:17:08:DEBUG MainThread:774 - SerialManager - Configuring port with Setting 0

2025-10-09,15:17:11:DEBUG MainThread:774 - SerialManager - Configuring port with Setting 0

2025-10-09,15:17:14:DEBUG MainThread:774 - SerialManager - Configuring port with Setting 0

2025-10-09,15:17:17:DEBUG MainThread:774 - SerialManager - Configuring port with Setting 0

2025-10-09,15:17:20:DEBUG MainThread:774 - SerialManager - Configuring port with Setting 0

2025-10-09,15:17:23:DEBUG MainThread:774 - SerialManager - Configuring port with Setting 0

2025-10-09,15:17:26:DEBUG MainThread:774 - SerialManager - Configuring port with Setting 0

2025-10-09,15:17:29:DEBUG MainThread:774 - SerialManager - Configuring port with Setting 0

2025-10-09,15:17:32:DEBUG MainThread:774 - SerialManager - Configuring port with Setting 0

2025-10-09,15:17:35:DEBUG MainThread:774 - SerialManager - Configuring port with Setting 0

2025-10-09,15:17:38:DEBUG MainThread:774 - SerialManager - Configuring port with Setting 0

2025-10-09,15:17:41:DEBUG MainThread:774 - SerialManager - Configuring port with Setting 0

2025-10-09,15:17:44:DEBUG MainThread:774 - SerialManager - Configuring port with Setting 0

2025-10-09,15:17:47:DEBUG MainThread:774 - SerialManager - Configuring port with Setting 0

2025-10-09,15:17:50:DEBUG MainThread:774 - SerialManager - Configuring port with Setting 0

2025-10-09,15:17:53:DEBUG MainThread:774 - SerialManager - Configuring port with Setting 0

2025-10-09,15:17:56:DEBUG MainThread:774 - SerialManager - Configuring port with Setting 0

2025-10-09,15:17:59:DEBUG MainThread:774 - SerialManager - Configuring port with Setting 0

2025-10-09,15:18:02:DEBUG MainThread:774 - SerialManager - Configuring port with Setting 0

2025-10-09,15:18:05:DEBUG MainThread:774 - SerialManager - Configuring port with Setting 0

2025-10-09,15:18:08:DEBUG MainThread:774 - SerialManager - Configuring port with Setting 0

2025-10-09,15:18:11:DEBUG MainThread:774 - SerialManager - Configuring port with Setting 0

2025-10-09,15:18:14:DEBUG MainThread:774 - SerialManager - Configuring port with Setting 0

2025-10-09,15:18:17:DEBUG MainThread:774 - SerialManager - Configuring port with Setting 0

2025-10-09,15:18:20:DEBUG MainThread:774 - SerialManager - Configuring port with Setting 0

2025-10-09,15:18:23:DEBUG MainThread:774 - SerialManager - Configuring port with Setting 0

2025-10-09,15:18:26:DEBUG MainThread:774 - SerialManager - Configuring port with Setting 0

2025-10-09,15:18:30:DEBUG MainThread:774 - SerialManager - Configuring port with Setting 0

2025-10-09,15:18:33:DEBUG MainThread:774 - SerialManager - Configuring port with Setting 0

2025-10-09,15:18:36:DEBUG MainThread:774 - SerialManager - Configuring port with Setting 0

2025-10-09,15:18:39:DEBUG MainThread:774 - SerialManager - Configuring port with Setting 0

2025-10-09,15:18:42:DEBUG MainThread:774 - SerialManager - Configuring port with Setting 0

2025-10-09,15:18:45:DEBUG MainThread:774 - SerialManager - Configuring port with Setting 0

2025-10-09,15:18:48:DEBUG MainThread:774 - SerialManager - Configuring port with Setting 0

2025-10-09,15:18:51:DEBUG MainThread:774 - SerialManager - Configuring port with Setting 0

2025-10-09,15:18:54:DEBUG MainThread:774 - SerialManager - Configuring port with Setting 0

2025-10-09,15:18:57:DEBUG MainThread:774 - SerialManager - Configuring port with Setting 0

2025-10-09,15:19:00:DEBUG MainThread:774 - SerialManager - Configuring port with Setting 0

2025-10-09,15:19:03:DEBUG MainThread:774 - SerialManager - Configuring port with Setting 0

2025-10-09,15:19:06:DEBUG MainThread:774 - SerialManager - Configuring port with Setting 0

2025-10-09,15:19:09:DEBUG MainThread:774 - SerialManager - Configuring port with Setting 0

2025-10-09,15:19:12:DEBUG MainThread:774 - SerialManager - Configuring port with Setting 0

2025-10-09,15:19:15:DEBUG MainThread:774 - SerialManager - Configuring port with Setting 0

2025-10-09,15:19:18:DEBUG MainThread:774 - SerialManager - Configuring port with Setting 0

2025-10-09,15:19:21:DEBUG MainThread:774 - SerialManager - Configuring port with Setting 0

2025-10-09,15:19:24:DEBUG MainThread:774 - SerialManager - Configuring port with Setting 0

2025-10-09,15:19:27:DEBUG MainThread:774 - SerialManager - Configuring port with Setting 0

2025-10-09,15:19:30:DEBUG MainThread:774 - SerialManager - Configuring port with Setting 0

2025-10-09,15:19:33:DEBUG MainThread:774 - SerialManager - Configuring port with Setting 0

2025-10-09,15:19:36:DEBUG MainThread:774 - SerialManager - Configuring port with Setting 0

2025-10-09,15:19:39:DEBUG MainThread:774 - SerialManager - Configuring port with Setting 0

2025-10-09,15:19:42:DEBUG MainThread:774 - SerialManager - Configuring port with Setting 0

2025-10-09,15:19:45:DEBUG MainThread:774 - SerialManager - Configuring port with Setting 0

2025-10-09,15:19:49:DEBUG MainThread:774 - SerialManager - Configuring port with Setting 0

2025-10-09,15:19:52:DEBUG MainThread:774 - SerialManager - Configuring port with Setting 0

2025-10-09,15:19:55:DEBUG MainThread:774 - SerialManager - Configuring port with Setting 0

2025-10-09,15:19:58:DEBUG MainThread:774 - SerialManager - Configuring port with Setting 0

2025-10-09,15:20:01:DEBUG MainThread:774 - SerialManager - Configuring port with Setting 0

2025-10-09,15:20:04:DEBUG MainThread:774 - SerialManager - Configuring port with Setting 0

2025-10-09,15:20:07:DEBUG MainThread:774 - SerialManager - Configuring port with Setting 0

2025-10-09,15:20:10:DEBUG MainThread:774 - SerialManager - Configuring port with Setting 0

2025-10-09,15:20:13:DEBUG MainThread:774 - SerialManager - Configuring port with Setting 0

2025-10-09,15:20:16:DEBUG MainThread:774 - SerialManager - Configuring port with Setting 0

2025-10-09,15:20:19:DEBUG MainThread:774 - SerialManager - Configuring port with Setting 0

2025-10-09,15:20:22:DEBUG MainThread:774 - SerialManager - Configuring port with Setting 0

2025-10-09,15:20:25:DEBUG MainThread:774 - SerialManager - Configuring port with Setting 0

2025-10-09,15:20:28:DEBUG MainThread:774 - SerialManager - Configuring port with Setting 0

2025-10-09,15:20:31:DEBUG MainThread:774 - SerialManager - Configuring port with Setting 0

2025-10-09,15:20:34:DEBUG MainThread:774 - SerialManager - Configuring port with Setting 0

2025-10-09,15:20:37:DEBUG MainThread:774 - SerialManager - Configuring port with Setting 0

2025-10-09,15:20:40:DEBUG MainThread:774 - SerialManager - Configuring port with Setting 0

2025-10-09,15:20:43:DEBUG MainThread:774 - SerialManager - Configuring port with Setting 0

2025-10-09,15:20:46:DEBUG MainThread:774 - SerialManager - Configuring port with Setting 0

2025-10-09,15:20:49:DEBUG MainThread:774 - SerialManager - Configuring port with Setting 0

2025-10-09,15:20:52:DEBUG MainThread:774 - SerialManager - Configuring port with Setting 0

2025-10-09,15:20:55:DEBUG MainThread:774 - SerialManager - Configuring port with Setting 0

2025-10-09,15:20:58:DEBUG MainThread:774 - SerialManager - Configuring port with Setting 0

2025-10-09,15:21:01:DEBUG MainThread:774 - SerialManager - Configuring port with Setting 0

2025-10-09,15:21:04:DEBUG MainThread:774 - SerialManager - Configuring port with Setting 0

2025-10-09,15:21:07:DEBUG MainThread:774 - SerialManager - Configuring port with Setting 0

2025-10-09,15:21:11:DEBUG MainThread:774 - SerialManager - Configuring port with Setting 0

2025-10-09,15:21:14:DEBUG MainThread:774 - SerialManager - Configuring port with Setting 0

2025-10-09,15:21:17:DEBUG MainThread:774 - SerialManager - Configuring port with Setting 0

2025-10-09,15:21:20:DEBUG MainThread:774 - SerialManager - Configuring port with Setting 0

2025-10-09,15:21:23:DEBUG MainThread:774 - SerialManager - Configuring port with Setting 0

2025-10-09,15:21:26:DEBUG MainThread:774 - SerialManager - Configuring port with Setting 0

2025-10-09,15:21:29:DEBUG MainThread:774 - SerialManager - Configuring port with Setting 0

2025-10-09,15:21:32:DEBUG MainThread:774 - SerialManager - Configuring port with Setting 0

2025-10-09,15:21:35:DEBUG MainThread:774 - SerialManager - Configuring port with Setting 0

2025-10-09,15:21:38:DEBUG MainThread:774 - SerialManager - Configuring port with Setting 0

2025-10-09,15:21:41:DEBUG MainThread:774 - SerialManager - Configuring port with Setting 0

2025-10-09,15:21:44:DEBUG MainThread:774 - SerialManager - Configuring port with Setting 0

2025-10-09,15:21:47:DEBUG MainThread:774 - SerialManager - Configuring port with Setting 0

2025-10-09,15:21:50:DEBUG MainThread:774 - SerialManager - Configuring port with Setting 0

2025-10-09,15:21:53:DEBUG MainThread:774 - SerialManager - Configuring port with Setting 0

2025-10-09,15:21:56:DEBUG MainThread:774 - SerialManager - Configuring port with Setting 0

2025-10-09,15:21:59:DEBUG MainThread:774 - SerialManager - Configuring port with Setting 0

2025-10-09,15:22:02:DEBUG MainThread:774 - SerialManager - Configuring port with Setting 0

2025-10-09,15:22:05:DEBUG MainThread:774 - SerialManager - Configuring port with Setting 0

2025-10-09,15:22:08:DEBUG MainThread:774 - SerialManager - Configuring port with Setting 0

2025-10-09,15:22:11:DEBUG MainThread:774 - SerialManager - Configuring port with Setting 0

2025-10-09,15:22:14:DEBUG MainThread:774 - SerialManager - Configuring port with Setting 0

2025-10-09,15:22:17:DEBUG MainThread:774 - SerialManager - Configuring port with Setting 0

2025-10-09,15:22:20:DEBUG MainThread:774 - SerialManager - Configuring port with Setting 0

2025-10-09,15:22:23:DEBUG MainThread:774 - SerialManager - Configuring port with Setting 0

2025-10-09,15:22:26:DEBUG MainThread:774 - SerialManager - Configuring port with Setting 0

2025-10-09,15:22:30:DEBUG MainThread:774 - SerialManager - Configuring port with Setting 0

2025-10-09,15:22:33:DEBUG MainThread:774 - SerialManager - Configuring port with Setting 0

2025-10-09,15:22:35:DEBUG MainThread:774 - SerialManager - Configuring port with Setting 0

2025-10-09,15:22:38:DEBUG MainThread:774 - SerialManager - Configuring port with Setting 0

2025-10-09,15:22:41:DEBUG MainThread:774 - SerialManager - Configuring port with Setting 0

2025-10-09,15:22:44:DEBUG MainThread:774 - SerialManager - Configuring port with Setting 0

2025-10-09,15:22:47:DEBUG MainThread:774 - SerialManager - Configuring port with Setting 0

2025-10-09,15:22:50:DEBUG MainThread:774 - SerialManager - Configuring port with Setting 0

2025-10-09,15:22:53:DEBUG MainThread:774 - SerialManager - Configuring port with Setting 0

2025-10-09,15:22:56:DEBUG MainThread:774 - SerialManager - Configuring port with Setting 0

2025-10-09,15:22:59:DEBUG MainThread:774 - SerialManager - Configuring port with Setting 0

2025-10-09,15:23:02:DEBUG MainThread:774 - SerialManager - Configuring port with Setting 0

2025-10-09,15:23:05:DEBUG MainThread:774 - SerialManager - Configuring port with Setting 0

2025-10-09,15:23:08:DEBUG MainThread:774 - SerialManager - Configuring port with Setting 0

2025-10-09,15:23:11:DEBUG MainThread:774 - SerialManager - Configuring port with Setting 0

2025-10-09,15:23:14:DEBUG MainThread:774 - SerialManager - Configuring port with Setting 0

2025-10-09,15:23:17:DEBUG MainThread:774 - SerialManager - Configuring port with Setting 0

2025-10-09,15:23:20:DEBUG MainThread:774 - SerialManager - Configuring port with Setting 0

2025-10-09,15:23:23:DEBUG MainThread:774 - SerialManager - Configuring port with Setting 0

2025-10-09,15:23:26:DEBUG MainThread:774 - SerialManager - Configuring port with Setting 0

2025-10-09,15:23:29:DEBUG MainThread:774 - SerialManager - Configuring port with Setting 0

2025-10-09,15:23:32:DEBUG MainThread:774 - SerialManager - Configuring port with Setting 0

2025-10-09,15:23:36:DEBUG MainThread:774 - SerialManager - Configuring port with Setting 0

2025-10-09,15:23:39:DEBUG MainThread:774 - SerialManager - Configuring port with Setting 0

2025-10-09,15:23:42:DEBUG MainThread:774 - SerialManager - Configuring port with Setting 0

2025-10-09,15:23:45:DEBUG MainThread:774 - SerialManager - Configuring port with Setting 0

2025-10-09,15:23:48:DEBUG MainThread:774 - SerialManager - Configuring port with Setting 0

2025-10-09,15:23:51:DEBUG MainThread:774 - SerialManager - Configuring port with Setting 0

2025-10-09,15:23:54:DEBUG MainThread:774 - SerialManager - Configuring port with Setting 0

2025-10-09,15:23:57:DEBUG MainThread:774 - SerialManager - Configuring port with Setting 0

2025-10-09,15:24:00:DEBUG MainThread:774 - SerialManager - Configuring port with Setting 0

2025-10-09,15:24:03:DEBUG MainThread:774 - SerialManager - Configuring port with Setting 0

2025-10-09,15:24:06:DEBUG MainThread:774 - SerialManager - Configuring port with Setting 0

2025-10-09,15:24:09:DEBUG MainThread:774 - SerialManager - Configuring port with Setting 0

2025-10-09,15:24:12:DEBUG MainThread:774 - SerialManager - Configuring port with Setting 0

2025-10-09,15:24:15:DEBUG MainThread:774 - SerialManager - Configuring port with Setting 0

2025-10-09,15:24:18:DEBUG MainThread:774 - SerialManager - Configuring port with Setting 0

2025-10-09,15:24:21:DEBUG MainThread:774 - SerialManager - Configuring port with Setting 0

2025-10-09,15:24:24:DEBUG MainThread:774 - SerialManager - Configuring port with Setting 0

2025-10-09,15:24:27:DEBUG MainThread:774 - SerialManager - Configuring port with Setting 0

2025-10-09,15:24:30:DEBUG MainThread:774 - SerialManager - Configuring port with Setting 0

2025-10-09,15:24:33:DEBUG MainThread:774 - SerialManager - Configuring port with Setting 0

2025-10-09,15:24:36:DEBUG MainThread:774 - SerialManager - Configuring port with Setting 0

2025-10-09,15:24:39:DEBUG MainThread:774 - SerialManager - Configuring port with Setting 0

2025-10-09,15:24:42:DEBUG MainThread:774 - SerialManager - Configuring port with Setting 0

2025-10-09,15:24:45:DEBUG MainThread:774 - SerialManager - Configuring port with Setting 0

2025-10-09,15:24:48:DEBUG MainThread:774 - SerialManager - Configuring port with Setting 0

2025-10-09,15:24:51:DEBUG MainThread:774 - SerialManager - Configuring port with Setting 0

2025-10-09,15:24:54:DEBUG MainThread:774 - SerialManager - Configuring port with Setting 0

2025-10-09,15:24:57:DEBUG MainThread:774 - SerialManager - Configuring port with Setting 0

2025-10-09,15:25:01:DEBUG MainThread:774 - SerialManager - Configuring port with Setting 0

2025-10-09,15:25:04:DEBUG MainThread:774 - SerialManager - Configuring port with Setting 0

2025-10-09,15:25:07:DEBUG MainThread:774 - SerialManager - Configuring port with Setting 0

2025-10-09,15:25:10:DEBUG MainThread:774 - SerialManager - Configuring port with Setting 0

2025-10-09,15:25:13:DEBUG MainThread:774 - SerialManager - Configuring port with Setting 0

2025-10-09,15:25:16:DEBUG MainThread:774 - SerialManager - Configuring port with Setting 0

2025-10-09,15:25:19:DEBUG MainThread:774 - SerialManager - Configuring port with Setting 0

2025-10-09,15:25:22:DEBUG MainThread:774 - SerialManager - Configuring port with Setting 0

2025-10-09,15:25:25:DEBUG MainThread:774 - SerialManager - Configuring port with Setting 0

2025-10-09,15:25:28:DEBUG MainThread:774 - SerialManager - Configuring port with Setting 0

2025-10-09,15:25:31:DEBUG MainThread:774 - SerialManager - Configuring port with Setting 0

2025-10-09,15:25:34:DEBUG MainThread:774 - SerialManager - Configuring port with Setting 0

2025-10-09,15:25:37:DEBUG MainThread:774 - SerialManager - Configuring port with Setting 0

2025-10-09,15:25:40:DEBUG MainThread:774 - SerialManager - Configuring port with Setting 0

2025-10-09,15:25:43:DEBUG MainThread:774 - SerialManager - Configuring port with Setting 0

2025-10-09,15:25:46:DEBUG MainThread:774 - SerialManager - Configuring port with Setting 0

2025-10-09,15:25:49:DEBUG MainThread:774 - SerialManager - Configuring port with Setting 0

2025-10-09,15:25:52:DEBUG MainThread:774 - SerialManager - Configuring port with Setting 0

2025-10-09,15:25:55:DEBUG MainThread:774 - SerialManager - Configuring port with Setting 0

2025-10-09,15:25:58:DEBUG MainThread:774 - SerialManager - Configuring port with Setting 0

2025-10-09,15:26:01:DEBUG MainThread:774 - SerialManager - Configuring port with Setting 0

2025-10-09,15:26:04:DEBUG MainThread:774 - SerialManager - Configuring port with Setting 0

2025-10-09,15:26:07:DEBUG MainThread:774 - SerialManager - Configuring port with Setting 0

2025-10-09,15:26:10:DEBUG MainThread:774 - SerialManager - Configuring port with Setting 0

2025-10-09,15:26:13:DEBUG MainThread:774 - SerialManager - Configuring port with Setting 0

2025-10-09,15:26:16:DEBUG MainThread:774 - SerialManager - Configuring port with Setting 0

2025-10-09,15:26:20:DEBUG MainThread:774 - SerialManager - Configuring port with Setting 0

2025-10-09,15:26:23:DEBUG MainThread:774 - SerialManager - Configuring port with Setting 0

2025-10-09,15:26:26:DEBUG MainThread:774 - SerialManager - Configuring port with Setting 0

2025-10-09,15:26:29:DEBUG MainThread:774 - SerialManager - Configuring port with Setting 0

2025-10-09,15:26:32:DEBUG MainThread:774 - SerialManager - Configuring port with Setting 0

2025-10-09,15:26:35:DEBUG MainThread:774 - SerialManager - Configuring port with Setting 0

2025-10-09,15:26:38:DEBUG MainThread:774 - SerialManager - Configuring port with Setting 0

2025-10-09,15:26:41:DEBUG MainThread:774 - SerialManager - Configuring port with Setting 0

2025-10-09,15:26:44:DEBUG MainThread:774 - SerialManager - Configuring port with Setting 0

2025-10-09,15:26:47:DEBUG MainThread:774 - SerialManager - Configuring port with Setting 0

2025-10-09,15:26:50:DEBUG MainThread:774 - SerialManager - Configuring port with Setting 0

2025-10-09,15:26:53:DEBUG MainThread:774 - SerialManager - Configuring port with Setting 0

2025-10-09,15:26:56:DEBUG MainThread:774 - SerialManager - Configuring port with Setting 0

2025-10-09,15:26:59:DEBUG MainThread:774 - SerialManager - Configuring port with Setting 0

2025-10-09,15:27:02:DEBUG MainThread:774 - SerialManager - Configuring port with Setting 0

2025-10-09,15:27:05:DEBUG MainThread:774 - SerialManager - Configuring port with Setting 0

2025-10-09,15:27:08:DEBUG MainThread:774 - SerialManager - Configuring port with Setting 0

2025-10-09,15:27:11:DEBUG MainThread:774 - SerialManager - Configuring port with Setting 0

2025-10-09,15:27:14:DEBUG MainThread:774 - SerialManager - Configuring port with Setting 0

2025-10-09,15:27:17:DEBUG MainThread:774 - SerialManager - Configuring port with Setting 0

2025-10-09,15:27:20:DEBUG MainThread:774 - SerialManager - Configuring port with Setting 0

2025-10-09,15:27:23:DEBUG MainThread:774 - SerialManager - Configuring port with Setting 0

2025-10-09,15:27:26:DEBUG MainThread:774 - SerialManager - Configuring port with Setting 0

2025-10-09,15:27:29:DEBUG MainThread:774 - SerialManager - Configuring port with Setting 0

2025-10-09,15:27:32:DEBUG MainThread:774 - SerialManager - Configuring port with Setting 0

2025-10-09,15:27:36:DEBUG MainThread:774 - SerialManager - Configuring port with Setting 0

2025-10-09,15:27:39:DEBUG MainThread:774 - SerialManager - Configuring port with Setting 0

2025-10-09,15:27:42:DEBUG MainThread:774 - SerialManager - Configuring port with Setting 0

2025-10-09,15:27:45:DEBUG MainThread:774 - SerialManager - Configuring port with Setting 0

2025-10-09,15:27:48:DEBUG MainThread:774 - SerialManager - Configuring port with Setting 0

2025-10-09,15:27:51:DEBUG MainThread:774 - SerialManager - Configuring port with Setting 0

2025-10-09,15:27:54:DEBUG MainThread:774 - SerialManager - Configuring port with Setting 0

2025-10-09,15:27:57:DEBUG MainThread:774 - SerialManager - Configuring port with Setting 0

2025-10-09,15:28:00:DEBUG MainThread:774 - SerialManager - Configuring port with Setting 0

2025-10-09,15:28:03:DEBUG MainThread:774 - SerialManager - Configuring port with Setting 0

2025-10-09,15:28:06:DEBUG MainThread:774 - SerialManager - Configuring port with Setting 0

2025-10-09,15:28:09:DEBUG MainThread:774 - SerialManager - Configuring port with Setting 0

2025-10-09,15:28:12:DEBUG MainThread:774 - SerialManager - Configuring port with Setting 0

2025-10-09,15:28:15:DEBUG MainThread:774 - SerialManager - Configuring port with Setting 0

2025-10-09,15:28:18:DEBUG MainThread:774 - SerialManager - Configuring port with Setting 0

2025-10-09,15:28:21:DEBUG MainThread:774 - SerialManager - Configuring port with Setting 0

2025-10-09,15:28:24:DEBUG MainThread:774 - SerialManager - Configuring port with Setting 0

2025-10-09,15:28:27:DEBUG MainThread:774 - SerialManager - Configuring port with Setting 0

2025-10-09,15:28:30:DEBUG MainThread:774 - SerialManager - Configuring port with Setting 0

2025-10-09,15:28:33:DEBUG MainThread:774 - SerialManager - Configuring port with Setting 0

2025-10-09,15:28:36:DEBUG MainThread:774 - SerialManager - Configuring port with Setting 0

2025-10-09,15:28:39:DEBUG MainThread:774 - SerialManager - Configuring port with Setting 0

2025-10-09,15:28:42:DEBUG MainThread:774 - SerialManager - Configuring port with Setting 0

2025-10-09,15:28:45:DEBUG MainThread:774 - SerialManager - Configuring port with Setting 0

2025-10-09,15:28:48:DEBUG MainThread:774 - SerialManager - Configuring port with Setting 0

2025-10-09,15:28:52:DEBUG MainThread:774 - SerialManager - Configuring port with Setting 0

2025-10-09,15:28:55:DEBUG MainThread:774 - SerialManager - Configuring port with Setting 0

2025-10-09,15:28:58:DEBUG MainThread:774 - SerialManager - Configuring port with Setting 0

2025-10-09,15:29:01:DEBUG MainThread:774 - SerialManager - Configuring port with Setting 0

2025-10-09,15:29:04:DEBUG MainThread:774 - SerialManager - Configuring port with Setting 0

2025-10-09,15:29:07:DEBUG MainThread:774 - SerialManager - Configuring port with Setting 0

2025-10-09,15:29:10:DEBUG MainThread:774 - SerialManager - Configuring port with Setting 0

2025-10-09,15:29:13:DEBUG MainThread:774 - SerialManager - Configuring port with Setting 0

2025-10-09,15:29:16:DEBUG MainThread:774 - SerialManager - Configuring port with Setting 0

2025-10-09,15:29:19:DEBUG MainThread:774 - SerialManager - Configuring port with Setting 0

2025-10-09,15:29:22:DEBUG MainThread:774 - SerialManager - Configuring port with Setting 0

2025-10-09,15:29:25:DEBUG MainThread:774 - SerialManager - Configuring port with Setting 0

2025-10-09,15:29:28:DEBUG MainThread:774 - SerialManager - Configuring port with Setting 0

2025-10-09,15:29:31:DEBUG MainThread:774 - SerialManager - Configuring port with Setting 0

2025-10-09,15:29:34:DEBUG MainThread:774 - SerialManager - Configuring port with Setting 0

2025-10-09,15:29:37:DEBUG MainThread:774 - SerialManager - Configuring port with Setting 0

2025-10-09,15:29:40:DEBUG MainThread:774 - SerialManager - Configuring port with Setting 0

2025-10-09,15:29:43:DEBUG MainThread:774 - SerialManager - Configuring port with Setting 0

2025-10-09,15:29:46:DEBUG MainThread:774 - SerialManager - Configuring port with Setting 0

2025-10-09,15:29:49:DEBUG MainThread:774 - SerialManager - Configuring port with Setting 0

2025-10-09,15:29:52:DEBUG MainThread:774 - SerialManager - Configuring port with Setting 0

2025-10-09,15:29:55:DEBUG MainThread:774 - SerialManager - Configuring port with Setting 0

2025-10-09,15:29:58:DEBUG MainThread:774 - SerialManager - Configuring port with Setting 0

2025-10-09,15:30:01:DEBUG MainThread:774 - SerialManager - Configuring port with Setting 0

2025-10-09,15:30:04:DEBUG MainThread:774 - SerialManager - Configuring port with Setting 0

2025-10-09,15:30:08:DEBUG MainThread:774 - SerialManager - Configuring port with Setting 0

2025-10-09,15:30:11:DEBUG MainThread:774 - SerialManager - Configuring port with Setting 0

2025-10-09,15:30:14:DEBUG MainThread:774 - SerialManager - Configuring port with Setting 0

2025-10-09,15:30:17:DEBUG MainThread:774 - SerialManager - Configuring port with Setting 0

2025-10-09,15:30:20:DEBUG MainThread:774 - SerialManager - Configuring port with Setting 0

2025-10-09,15:30:23:DEBUG MainThread:774 - SerialManager - Configuring port with Setting 0

2025-10-09,15:30:26:DEBUG MainThread:774 - SerialManager - Configuring port with Setting 0

2025-10-09,15:30:29:DEBUG MainThread:774 - SerialManager - Configuring port with Setting 0

2025-10-09,15:30:32:DEBUG MainThread:774 - SerialManager - Configuring port with Setting 0

2025-10-09,15:30:35:DEBUG MainThread:774 - SerialManager - Configuring port with Setting 0

2025-10-09,15:30:38:DEBUG MainThread:774 - SerialManager - Configuring port with Setting 0

2025-10-09,15:30:41:DEBUG MainThread:774 - SerialManager - Configuring port with Setting 0

2025-10-09,15:30:44:DEBUG MainThread:774 - SerialManager - Configuring port with Setting 0

2025-10-09,15:30:47:DEBUG MainThread:774 - SerialManager - Configuring port with Setting 0

2025-10-09,15:30:50:DEBUG MainThread:774 - SerialManager - Configuring port with Setting 0

2025-10-09,15:30:53:DEBUG MainThread:774 - SerialManager - Configuring port with Setting 0

2025-10-09,15:30:56:DEBUG MainThread:774 - SerialManager - Configuring port with Setting 0

2025-10-09,15:30:59:DEBUG MainThread:774 - SerialManager - Configuring port with Setting 0

2025-10-09,15:31:02:DEBUG MainThread:774 - SerialManager - Configuring port with Setting 0

2025-10-09,15:31:05:DEBUG MainThread:774 - SerialManager - Configuring port with Setting 0

2025-10-09,15:31:08:DEBUG MainThread:774 - SerialManager - Configuring port with Setting 0

2025-10-09,15:31:11:DEBUG MainThread:774 - SerialManager - Configuring port with Setting 0

2025-10-09,15:31:14:DEBUG MainThread:774 - SerialManager - Configuring port with Setting 0

2025-10-09,15:31:17:DEBUG MainThread:774 - SerialManager - Configuring port with Setting 0

2025-10-09,15:31:21:DEBUG MainThread:774 - SerialManager - Configuring port with Setting 0

2025-10-09,15:31:24:DEBUG MainThread:774 - SerialManager - Configuring port with Setting 0

2025-10-09,15:31:27:DEBUG MainThread:774 - SerialManager - Configuring port with Setting 0

2025-10-09,15:31:30:DEBUG MainThread:774 - SerialManager - Configuring port with Setting 0

2025-10-09,15:31:33:DEBUG MainThread:774 - SerialManager - Configuring port with Setting 0

2025-10-09,15:31:36:DEBUG MainThread:774 - SerialManager - Configuring port with Setting 0

2025-10-09,15:31:39:DEBUG MainThread:774 - SerialManager - Configuring port with Setting 0

2025-10-09,15:31:42:DEBUG MainThread:774 - SerialManager - Configuring port with Setting 0

2025-10-09,15:31:45:DEBUG MainThread:774 - SerialManager - Configuring port with Setting 0

2025-10-09,15:31:48:DEBUG MainThread:774 - SerialManager - Configuring port with Setting 0

2025-10-09,15:31:51:DEBUG MainThread:774 - SerialManager - Configuring port with Setting 0

2025-10-09,15:31:54:DEBUG MainThread:774 - SerialManager - Configuring port with Setting 0

2025-10-09,15:31:57:DEBUG MainThread:774 - SerialManager - Configuring port with Setting 0

2025-10-09,15:32:00:DEBUG MainThread:774 - SerialManager - Configuring port with Setting 0

2025-10-09,15:32:03:DEBUG MainThread:774 - SerialManager - Configuring port with Setting 0

2025-10-09,15:32:06:DEBUG MainThread:774 - SerialManager - Configuring port with Setting 0

2025-10-09,15:32:09:DEBUG MainThread:774 - SerialManager - Configuring port with Setting 0

2025-10-09,15:32:12:DEBUG MainThread:774 - SerialManager - Configuring port with Setting 0

2025-10-09,15:32:15:DEBUG MainThread:774 - SerialManager - Configuring port with Setting 0

2025-10-09,15:32:18:DEBUG MainThread:774 - SerialManager - Configuring port with Setting 0

2025-10-09,15:32:21:DEBUG MainThread:774 - SerialManager - Configuring port with Setting 0

2025-10-09,15:32:24:DEBUG MainThread:774 - SerialManager - Configuring port with Setting 0

2025-10-09,15:32:27:DEBUG MainThread:774 - SerialManager - Configuring port with Setting 0

2025-10-09,15:32:30:DEBUG MainThread:774 - SerialManager - Configuring port with Setting 0

2025-10-09,15:32:33:DEBUG MainThread:774 - SerialManager - Configuring port with Setting 0

2025-10-09,15:32:37:DEBUG MainThread:774 - SerialManager - Configuring port with Setting 0

2025-10-09,15:32:40:DEBUG MainThread:774 - SerialManager - Configuring port with Setting 0

2025-10-09,15:32:43:DEBUG MainThread:774 - SerialManager - Configuring port with Setting 0

2025-10-09,15:32:46:DEBUG MainThread:774 - SerialManager - Configuring port with Setting 0

2025-10-09,15:32:49:DEBUG MainThread:774 - SerialManager - Configuring port with Setting 0

2025-10-09,15:32:52:DEBUG MainThread:774 - SerialManager - Configuring port with Setting 0

2025-10-09,15:32:55:DEBUG MainThread:774 - SerialManager - Configuring port with Setting 0

2025-10-09,15:32:58:DEBUG MainThread:774 - SerialManager - Configuring port with Setting 0

2025-10-09,15:33:01:DEBUG MainThread:774 - SerialManager - Configuring port with Setting 0

2025-10-09,15:33:04:DEBUG MainThread:774 - SerialManager - Configuring port with Setting 0

2025-10-09,15:33:07:DEBUG MainThread:774 - SerialManager - Configuring port with Setting 0

2025-10-09,15:33:10:DEBUG MainThread:774 - SerialManager - Configuring port with Setting 0

2025-10-09,15:33:13:DEBUG MainThread:774 - SerialManager - Configuring port with Setting 0

2025-10-09,15:33:16:DEBUG MainThread:774 - SerialManager - Configuring port with Setting 0

2025-10-09,15:33:19:DEBUG MainThread:774 - SerialManager - Configuring port with Setting 0

2025-10-09,15:33:22:DEBUG MainThread:774 - SerialManager - Configuring port with Setting 0

2025-10-09,15:33:25:DEBUG MainThread:774 - SerialManager - Configuring port with Setting 0

2025-10-09,15:33:28:DEBUG MainThread:774 - SerialManager - Configuring port with Setting 0

2025-10-09,15:33:31:DEBUG MainThread:774 - SerialManager - Configuring port with Setting 0

2025-10-09,15:33:34:DEBUG MainThread:774 - SerialManager - Configuring port with Setting 0

2025-10-09,15:33:37:DEBUG MainThread:774 - SerialManager - Configuring port with Setting 0

2025-10-09,15:33:40:DEBUG MainThread:774 - SerialManager - Configuring port with Setting 0

2025-10-09,15:33:43:DEBUG MainThread:774 - SerialManager - Configuring port with Setting 0

2025-10-09,15:33:46:DEBUG MainThread:774 - SerialManager - Configuring port with Setting 0

2025-10-09,15:33:50:DEBUG MainThread:774 - SerialManager - Configuring port with Setting 0

2025-10-09,15:33:53:DEBUG MainThread:774 - SerialManager - Configuring port with Setting 0

2025-10-09,15:33:56:DEBUG MainThread:774 - SerialManager - Configuring port with Setting 0

2025-10-09,15:33:59:DEBUG MainThread:774 - SerialManager - Configuring port with Setting 0

2025-10-09,15:34:02:DEBUG MainThread:774 - SerialManager - Configuring port with Setting 0

2025-10-09,15:34:05:DEBUG MainThread:774 - SerialManager - Configuring port with Setting 0

2025-10-09,15:34:08:DEBUG MainThread:774 - SerialManager - Configuring port with Setting 0

2025-10-09,15:34:11:DEBUG MainThread:774 - SerialManager - Configuring port with Setting 0

2025-10-09,15:34:14:DEBUG MainThread:774 - SerialManager - Configuring port with Setting 0

2025-10-09,15:34:17:DEBUG MainThread:774 - SerialManager - Configuring port with Setting 0

2025-10-09,15:34:20:DEBUG MainThread:774 - SerialManager - Configuring port with Setting 0

2025-10-09,15:34:23:DEBUG MainThread:774 - SerialManager - Configuring port with Setting 0

2025-10-09,15:34:26:DEBUG MainThread:774 - SerialManager - Configuring port with Setting 0

2025-10-09,15:34:29:DEBUG MainThread:774 - SerialManager - Configuring port with Setting 0

2025-10-09,15:34:32:DEBUG MainThread:774 - SerialManager - Configuring port with Setting 0

2025-10-09,15:34:35:DEBUG MainThread:774 - SerialManager - Configuring port with Setting 0

2025-10-09,15:34:38:DEBUG MainThread:774 - SerialManager - Configuring port with Setting 0

2025-10-09,15:34:41:DEBUG MainThread:774 - SerialManager - Configuring port with Setting 0

2025-10-09,15:34:44:DEBUG MainThread:774 - SerialManager - Configuring port with Setting 0

2025-10-09,15:34:47:DEBUG MainThread:774 - SerialManager - Configuring port with Setting 0

2025-10-09,15:34:50:DEBUG MainThread:774 - SerialManager - Configuring port with Setting 0

2025-10-09,15:34:53:DEBUG MainThread:774 - SerialManager - Configuring port with Setting 0

2025-10-09,15:34:56:DEBUG MainThread:774 - SerialManager - Configuring port with Setting 0

2025-10-09,15:34:59:DEBUG MainThread:774 - SerialManager - Configuring port with Setting 0

2025-10-09,15:35:02:DEBUG MainThread:774 - SerialManager - Configuring port with Setting 0

2025-10-09,15:35:06:DEBUG MainThread:774 - SerialManager - Configuring port with Setting 0

2025-10-09,15:35:09:DEBUG MainThread:774 - SerialManager - Configuring port with Setting 0

2025-10-09,15:35:12:DEBUG MainThread:774 - SerialManager - Configuring port with Setting 0

2025-10-09,15:35:15:DEBUG MainThread:774 - SerialManager - Configuring port with Setting 0

2025-10-09,15:35:18:DEBUG MainThread:774 - SerialManager - Configuring port with Setting 0

2025-10-09,15:35:21:DEBUG MainThread:774 - SerialManager - Configuring port with Setting 0

2025-10-09,15:35:24:DEBUG MainThread:774 - SerialManager - Configuring port with Setting 0

2025-10-09,15:35:27:DEBUG MainThread:774 - SerialManager - Configuring port with Setting 0

2025-10-09,15:35:30:DEBUG MainThread:774 - SerialManager - Configuring port with Setting 0

2025-10-09,15:35:33:DEBUG MainThread:774 - SerialManager - Configuring port with Setting 0

2025-10-09,15:35:36:DEBUG MainThread:774 - SerialManager - Configuring port with Setting 0

2025-10-09,15:35:39:DEBUG MainThread:774 - SerialManager - Configuring port with Setting 0

2025-10-09,15:35:42:DEBUG MainThread:774 - SerialManager - Configuring port with Setting 0

2025-10-09,15:35:45:DEBUG MainThread:774 - SerialManager - Configuring port with Setting 0

2025-10-09,15:35:48:DEBUG MainThread:774 - SerialManager - Configuring port with Setting 0

2025-10-09,15:35:51:DEBUG MainThread:774 - SerialManager - Configuring port with Setting 0

2025-10-09,15:35:54:DEBUG MainThread:774 - SerialManager - Configuring port with Setting 0

2025-10-09,15:35:57:DEBUG MainThread:774 - SerialManager - Configuring port with Setting 0

2025-10-09,15:36:00:DEBUG MainThread:774 - SerialManager - Configuring port with Setting 0

2025-10-09,15:36:03:DEBUG MainThread:774 - SerialManager - Configuring port with Setting 0

2025-10-09,15:36:06:DEBUG MainThread:774 - SerialManager - Configuring port with Setting 0

2025-10-09,15:36:09:DEBUG MainThread:774 - SerialManager - Configuring port with Setting 0

2025-10-09,15:36:12:DEBUG MainThread:774 - SerialManager - Configuring port with Setting 0

2025-10-09,15:36:15:DEBUG MainThread:774 - SerialManager - Configuring port with Setting 0

2025-10-09,15:36:19:DEBUG MainThread:774 - SerialManager - Configuring port with Setting 0

2025-10-09,15:36:22:DEBUG MainThread:774 - SerialManager - Configuring port with Setting 0

2025-10-09,15:36:25:DEBUG MainThread:774 - SerialManager - Configuring port with Setting 0

2025-10-09,15:36:28:DEBUG MainThread:774 - SerialManager - Configuring port with Setting 0

2025-10-09,15:36:31:DEBUG MainThread:774 - SerialManager - Configuring port with Setting 0

2025-10-09,15:36:34:DEBUG MainThread:774 - SerialManager - Configuring port with Setting 0

2025-10-09,15:36:37:DEBUG MainThread:774 - SerialManager - Configuring port with Setting 0

2025-10-09,15:36:40:DEBUG MainThread:774 - SerialManager - Configuring port with Setting 0

2025-10-09,15:36:43:DEBUG MainThread:774 - SerialManager - Configuring port with Setting 0

2025-10-09,15:36:46:DEBUG MainThread:774 - SerialManager - Configuring port with Setting 0

2025-10-09,15:36:49:DEBUG MainThread:774 - SerialManager - Configuring port with Setting 0

2025-10-09,15:36:52:DEBUG MainThread:774 - SerialManager - Configuring port with Setting 0

2025-10-09,15:36:55:DEBUG MainThread:774 - SerialManager - Configuring port with Setting 0

2025-10-09,15:36:58:DEBUG MainThread:774 - SerialManager - Configuring port with Setting 0

2025-10-09,15:37:01:DEBUG MainThread:774 - SerialManager - Configuring port with Setting 0

2025-10-09,15:37:04:DEBUG MainThread:774 - SerialManager - Configuring port with Setting 0

2025-10-09,15:37:07:DEBUG MainThread:774 - SerialManager - Configuring port with Setting 0

2025-10-09,15:37:10:DEBUG MainThread:774 - SerialManager - Configuring port with Setting 0

2025-10-09,15:37:13:DEBUG MainThread:774 - SerialManager - Configuring port with Setting 0

2025-10-09,15:37:16:DEBUG MainThread:774 - SerialManager - Configuring port with Setting 0

2025-10-09,15:37:19:DEBUG MainThread:774 - SerialManager - Configuring port with Setting 0

2025-10-09,15:37:22:DEBUG MainThread:774 - SerialManager - Configuring port with Setting 0

2025-10-09,15:37:25:DEBUG MainThread:774 - SerialManager - Configuring port with Setting 0

2025-10-09,15:37:28:DEBUG MainThread:774 - SerialManager - Configuring port with Setting 0

2025-10-09,15:37:31:DEBUG MainThread:774 - SerialManager - Configuring port with Setting 0

2025-10-09,15:37:35:DEBUG MainThread:774 - SerialManager - Configuring port with Setting 0

2025-10-09,15:37:38:DEBUG MainThread:774 - SerialManager - Configuring port with Setting 0

2025-10-09,15:37:41:DEBUG MainThread:774 - SerialManager - Configuring port with Setting 0

2025-10-09,15:37:44:DEBUG MainThread:774 - SerialManager - Configuring port with Setting 0

2025-10-09,15:37:44:DEBUG MainPolling:1899 - Database - Nodes out of update: []

2025-10-09,15:37:44:DEBUG MainPolling:1902 - Database - Nodes currently ON: []

2025-10-09,15:37:44:DEBUG MainPolling:1741 - MainPolling- Poll: 0 existing nodes in node_database table...

2025-10-09,15:37:44:DEBUG MainPolling:2225 - Network free time: 1399.995

2025-10-09,15:37:47:DEBUG MainThread:774 - SerialManager - Configuring port with Setting 0

2025-10-09,15:37:50:DEBUG MainThread:774 - SerialManager - Configuring port with Setting 0

2025-10-09,15:37:53:DEBUG MainThread:774 - SerialManager - Configuring port with Setting 0

2025-10-09,15:37:56:DEBUG MainThread:774 - SerialManager - Configuring port with Setting 0

2025-10-09,15:37:59:DEBUG MainThread:774 - SerialManager - Configuring port with Setting 0

2025-10-09,15:38:01:DEBUG MainThread:774 - SerialManager - Configuring port with Setting 0

2025-10-09,15:38:03:DEBUG MainThread:774 - SerialManager - Configuring port with Setting 0

2025-10-09,15:38:05:DEBUG MainThread:774 - SerialManager - Configuring port with Setting 0

2025-10-09,15:38:07:DEBUG MainThread:774 - SerialManager - Configuring port with Setting 0

2025-10-09,15:38:09:DEBUG MainThread:774 - SerialManager - Configuring port with Setting 0

2025-10-09,15:38:11:DEBUG MainThread:774 - SerialManager - Configuring port with Setting 0

2025-10-09,15:38:13:DEBUG MainThread:774 - SerialManager - Configuring port with Setting 0

2025-10-09,15:38:15:DEBUG MainThread:774 - SerialManager - Configuring port with Setting 0

2025-10-09,15:38:17:DEBUG MainThread:774 - SerialManager - Configuring port with Setting 0

2025-10-09,15:38:19:DEBUG MainThread:774 - SerialManager - Configuring port with Setting 0

2025-10-09,15:38:21:DEBUG MainThread:774 - SerialManager - Configuring port with Setting 0

2025-10-09,15:38:23:DEBUG MainThread:774 - SerialManager - Configuring port with Setting 0

2025-10-09,15:38:25:DEBUG MainThread:774 - SerialManager - Configuring port with Setting 0

2025-10-09,15:38:27:DEBUG MainThread:774 - SerialManager - Configuring port with Setting 0

2025-10-09,15:38:29:DEBUG MainThread:774 - SerialManager - Configuring port with Setting 0

2025-10-09,15:38:31:DEBUG MainThread:774 - SerialManager - Configuring port with Setting 0

2025-10-09,15:38:33:DEBUG MainThread:774 - SerialManager - Configuring port with Setting 0

2025-10-09,15:38:35:DEBUG MainThread:774 - SerialManager - Configuring port with Setting 0

2025-10-09,15:38:37:DEBUG MainThread:774 - SerialManager - Configuring port with Setting 0

2025-10-09,15:38:39:DEBUG MainThread:774 - SerialManager - Configuring port with Setting 0

2025-10-09,15:38:41:DEBUG MainThread:774 - SerialManager - Configuring port with Setting 0

2025-10-09,15:38:43:DEBUG MainThread:774 - SerialManager - Configuring port with Setting 0

2025-10-09,15:38:45:DEBUG MainThread:774 - SerialManager - Configuring port with Setting 0

2025-10-09,15:38:47:DEBUG MainThread:774 - SerialManager - Configuring port with Setting 0

2025-10-09,15:38:50:DEBUG MainThread:774 - SerialManager - Configuring port with Setting 0

2025-10-09,15:38:52:DEBUG MainThread:774 - SerialManager - Configuring port with Setting 0

2025-10-09,15:38:54:DEBUG MainThread:774 - SerialManager - Configuring port with Setting 0

2025-10-09,15:38:56:DEBUG MainThread:774 - SerialManager - Configuring port with Setting 0

2025-10-09,15:38:58:DEBUG MainThread:774 - SerialManager - Configuring port with Setting 0

2025-10-09,15:39:00:DEBUG MainThread:774 - SerialManager - Configuring port with Setting 0

2025-10-09,15:39:02:DEBUG MainThread:774 - SerialManager - Configuring port with Setting 0

2025-10-09,15:39:04:DEBUG MainThread:774 - SerialManager - Configuring port with Setting 0

2025-10-09,15:39:06:DEBUG MainThread:774 - SerialManager - Configuring port with Setting 0

2025-10-09,15:39:08:DEBUG MainThread:774 - SerialManager - Configuring port with Setting 0

2025-10-09,15:39:10:DEBUG MainThread:774 - SerialManager - Configuring port with Setting 0

2025-10-09,15:39:12:DEBUG MainThread:774 - SerialManager - Configuring port with Setting 0

2025-10-09,15:39:14:DEBUG MainThread:774 - SerialManager - Configuring port with Setting 0

2025-10-09,15:39:16:DEBUG MainThread:774 - SerialManager - Configuring port with Setting 0

2025-10-09,15:39:18:DEBUG MainThread:774 - SerialManager - Configuring port with Setting 0

2025-10-09,15:39:20:DEBUG MainThread:774 - SerialManager - Configuring port with Setting 0

2025-10-09,15:39:22:DEBUG MainThread:774 - SerialManager - Configuring port with Setting 0

2025-10-09,15:39:24:DEBUG MainThread:774 - SerialManager - Configuring port with Setting 0

2025-10-09,15:39:26:DEBUG MainThread:774 - SerialManager - Configuring port with Setting 0

2025-10-09,15:39:28:DEBUG MainThread:774 - SerialManager - Configuring port with Setting 0

2025-10-09,15:39:30:DEBUG MainThread:774 - SerialManager - Configuring port with Setting 0

2025-10-09,15:39:32:DEBUG MainThread:774 - SerialManager - Configuring port with Setting 0

2025-10-09,15:39:34:DEBUG MainThread:774 - SerialManager - Configuring port with Setting 0

2025-10-09,15:39:36:DEBUG MainThread:774 - SerialManager - Configuring port with Setting 0

2025-10-09,15:39:38:DEBUG MainThread:774 - SerialManager - Configuring port with Setting 0

2025-10-09,15:39:40:DEBUG MainThread:774 - SerialManager - Configuring port with Setting 0

2025-10-09,15:39:42:DEBUG MainThread:774 - SerialManager - Configuring port with Setting 0

2025-10-09,15:39:44:DEBUG MainThread:774 - SerialManager - Configuring port with Setting 0

2025-10-09,15:39:46:DEBUG MainThread:774 - SerialManager - Configuring port with Setting 0

2025-10-09,15:39:48:DEBUG MainThread:774 - SerialManager - Configuring port with Setting 0

2025-10-09,15:39:50:DEBUG MainThread:774 - SerialManager - Configuring port with Setting 0

2025-10-09,15:39:52:DEBUG MainThread:774 - SerialManager - Configuring port with Setting 0

2025-10-09,15:39:54:DEBUG MainThread:774 - SerialManager - Configuring port with Setting 0

2025-10-09,15:39:56:DEBUG MainThread:774 - SerialManager - Configuring port with Setting 0

2025-10-09,15:39:58:DEBUG MainThread:774 - SerialManager - Configuring port with Setting 0

2025-10-09,15:40:00:DEBUG MainThread:774 - SerialManager - Configuring port with Setting 0

2025-10-09,15:40:02:DEBUG MainThread:774 - SerialManager - Configuring port with Setting 0

2025-10-09,15:40:05:DEBUG MainThread:774 - SerialManager - Configuring port with Setting 0

2025-10-09,15:40:07:DEBUG MainThread:774 - SerialManager - Configuring port with Setting 0

2025-10-09,15:40:09:DEBUG MainThread:774 - SerialManager - Configuring port with Setting 0

2025-10-09,15:40:11:DEBUG MainThread:774 - SerialManager - Configuring port with Setting 0

2025-10-09,15:40:13:DEBUG MainThread:774 - SerialManager - Configuring port with Setting 0

2025-10-09,15:40:15:DEBUG MainThread:774 - SerialManager - Configuring port with Setting 0

2025-10-09,15:40:17:DEBUG MainThread:774 - SerialManager - Configuring port with Setting 0

2025-10-09,15:40:19:DEBUG MainThread:774 - SerialManager - Configuring port with Setting 0

2025-10-09,15:40:21:DEBUG MainThread:774 - SerialManager - Configuring port with Setting 0

2025-10-09,15:40:23:DEBUG MainThread:774 - SerialManager - Configuring port with Setting 0

2025-10-09,15:40:25:DEBUG MainThread:774 - SerialManager - Configuring port with Setting 0

2025-10-09,15:40:27:DEBUG MainThread:774 - SerialManager - Configuring port with Setting 0

2025-10-09,15:40:29:DEBUG MainThread:774 - SerialManager - Configuring port with Setting 0

2025-10-09,15:40:31:DEBUG MainThread:774 - SerialManager - Configuring port with Setting 0

2025-10-09,15:40:33:DEBUG MainThread:774 - SerialManager - Configuring port with Setting 0

2025-10-09,15:40:35:DEBUG MainThread:774 - SerialManager - Configuring port with Setting 0

2025-10-09,15:40:37:DEBUG MainThread:774 - SerialManager - Configuring port with Setting 0

2025-10-09,15:40:39:DEBUG MainThread:774 - SerialManager - Configuring port with Setting 0

2025-10-09,15:40:41:DEBUG MainThread:774 - SerialManager - Configuring port with Setting 0

2025-10-09,15:40:43:DEBUG MainThread:774 - SerialManager - Configuring port with Setting 0

2025-10-09,15:40:45:DEBUG MainThread:774 - SerialManager - Configuring port with Setting 0

2025-10-09,15:40:47:DEBUG MainThread:774 - SerialManager - Configuring port with Setting 0

2025-10-09,15:40:49:DEBUG MainThread:774 - SerialManager - Configuring port with Setting 0

2025-10-09,15:40:51:DEBUG MainThread:774 - SerialManager - Configuring port with Setting 0

2025-10-09,15:40:53:DEBUG MainThread:774 - SerialManager - Configuring port with Setting 0

2025-10-09,15:40:55:DEBUG MainThread:774 - SerialManager - Configuring port with Setting 0

2025-10-09,15:40:57:DEBUG MainThread:774 - SerialManager - Configuring port with Setting 0

2025-10-09,15:40:59:DEBUG MainThread:774 - SerialManager - Configuring port with Setting 0

2025-10-09,15:41:01:DEBUG MainThread:774 - SerialManager - Configuring port with Setting 0

2025-10-09,15:41:03:DEBUG MainThread:774 - SerialManager - Configuring port with Setting 0

2025-10-09,15:41:05:DEBUG MainThread:774 - SerialManager - Configuring port with Setting 0

2025-10-09,15:41:07:DEBUG MainThread:774 - SerialManager - Configuring port with Setting 0

2025-10-09,15:41:09:DEBUG MainThread:774 - SerialManager - Configuring port with Setting 0

2025-10-09,15:41:11:DEBUG MainThread:774 - SerialManager - Configuring port with Setting 0

2025-10-09,15:41:13:DEBUG MainThread:774 - SerialManager - Configuring port with Setting 0

2025-10-09,15:41:15:DEBUG MainThread:774 - SerialManager - Configuring port with Setting 0

2025-10-09,15:41:18:DEBUG MainThread:774 - SerialManager - Configuring port with Setting 0

2025-10-09,15:41:20:DEBUG MainThread:774 - SerialManager - Configuring port with Setting 0

2025-10-09,15:41:22:DEBUG MainThread:774 - SerialManager - Configuring port with Setting 0

2025-10-09,15:41:24:DEBUG MainThread:774 - SerialManager - Configuring port with Setting 0

2025-10-09,15:41:26:DEBUG MainThread:774 - SerialManager - Configuring port with Setting 0

2025-10-09,15:41:28:DEBUG MainThread:774 - SerialManager - Configuring port with Setting 0

2025-10-09,15:41:30:DEBUG MainThread:774 - SerialManager - Configuring port with Setting 0

2025-10-09,15:41:32:DEBUG MainThread:774 - SerialManager - Configuring port with Setting 0

2025-10-09,15:41:34:DEBUG MainThread:774 - SerialManager - Configuring port with Setting 0

2025-10-09,15:41:36:DEBUG MainThread:774 - SerialManager - Configuring port with Setting 0

2025-10-09,15:41:38:DEBUG MainThread:774 - SerialManager - Configuring port with Setting 0

2025-10-09,15:41:40:DEBUG MainThread:774 - SerialManager - Configuring port with Setting 0

2025-10-09,15:41:42:DEBUG MainThread:774 - SerialManager - Configuring port with Setting 0

2025-10-09,15:41:44:DEBUG MainThread:774 - SerialManager - Configuring port with Setting 0

2025-10-09,15:41:46:DEBUG MainThread:774 - SerialManager - Configuring port with Setting 0

2025-10-09,15:41:48:DEBUG MainThread:774 - SerialManager - Configuring port with Setting 0

2025-10-09,15:41:50:DEBUG MainThread:774 - SerialManager - Configuring port with Setting 0

2025-10-09,15:41:52:DEBUG MainThread:774 - SerialManager - Configuring port with Setting 0

2025-10-09,15:41:54:DEBUG MainThread:774 - SerialManager - Configuring port with Setting 0

2025-10-09,15:41:56:DEBUG MainThread:774 - SerialManager - Configuring port with Setting 0

2025-10-09,15:41:58:DEBUG MainThread:774 - SerialManager - Configuring port with Setting 0

2025-10-09,15:42:00:DEBUG MainThread:774 - SerialManager - Configuring port with Setting 0

2025-10-09,15:42:02:DEBUG MainThread:774 - SerialManager - Configuring port with Setting 0

2025-10-09,15:42:04:DEBUG MainThread:774 - SerialManager - Configuring port with Setting 0

2025-10-09,15:42:06:DEBUG MainThread:774 - SerialManager - Configuring port with Setting 0

2025-10-09,15:42:08:DEBUG MainThread:774 - SerialManager - Configuring port with Setting 0

2025-10-09,15:42:10:DEBUG MainThread:774 - SerialManager - Configuring port with Setting 0

2025-10-09,15:42:12:DEBUG MainThread:774 - SerialManager - Configuring port with Setting 0

2025-10-09,15:42:14:DEBUG MainThread:774 - SerialManager - Configuring port with Setting 0

2025-10-09,15:42:16:DEBUG MainThread:774 - SerialManager - Configuring port with Setting 0

2025-10-09,15:42:18:DEBUG MainThread:774 - SerialManager - Configuring port with Setting 0

2025-10-09,15:42:20:DEBUG MainThread:774 - SerialManager - Configuring port with Setting 0

2025-10-09,15:42:22:DEBUG MainThread:774 - SerialManager - Configuring port with Setting 0

2025-10-09,15:42:24:DEBUG MainThread:774 - SerialManager - Configuring port with Setting 0

2025-10-09,15:42:26:DEBUG MainThread:774 - SerialManager - Configuring port with Setting 0

2025-10-09,15:42:28:DEBUG MainThread:774 - SerialManager - Configuring port with Setting 0

2025-10-09,15:42:30:DEBUG MainThread:774 - SerialManager - Configuring port with Setting 0

2025-10-09,15:42:33:DEBUG MainThread:774 - SerialManager - Configuring port with Setting 0

2025-10-09,15:42:35:DEBUG MainThread:774 - SerialManager - Configuring port with Setting 0

2025-10-09,15:42:37:DEBUG MainThread:774 - SerialManager - Configuring port with Setting 0

2025-10-09,15:42:39:DEBUG MainThread:774 - SerialManager - Configuring port with Setting 0

2025-10-09,15:42:41:DEBUG MainThread:774 - SerialManager - Configuring port with Setting 0

2025-10-09,15:42:43:DEBUG MainThread:774 - SerialManager - Configuring port with Setting 0

2025-10-09,15:42:45:DEBUG MainThread:774 - SerialManager - Configuring port with Setting 0

2025-10-09,15:42:47:DEBUG MainThread:774 - SerialManager - Configuring port with Setting 0

2025-10-09,15:42:49:DEBUG MainThread:774 - SerialManager - Configuring port with Setting 0

2025-10-09,15:42:51:DEBUG MainThread:774 - SerialManager - Configuring port with Setting 0

2025-10-09,15:42:53:DEBUG MainThread:774 - SerialManager - Configuring port with Setting 0

2025-10-09,15:42:55:DEBUG MainThread:774 - SerialManager - Configuring port with Setting 0

2025-10-09,15:42:57:DEBUG MainThread:774 - SerialManager - Configuring port with Setting 0

2025-10-09,15:42:59:DEBUG MainThread:774 - SerialManager - Configuring port with Setting 0

2025-10-09,15:43:01:DEBUG MainThread:774 - SerialManager - Configuring port with Setting 0

2025-10-09,15:43:03:DEBUG MainThread:774 - SerialManager - Configuring port with Setting 0

2025-10-09,15:43:05:DEBUG MainThread:774 - SerialManager - Configuring port with Setting 0

2025-10-09,15:43:07:DEBUG MainThread:774 - SerialManager - Configuring port with Setting 0

2025-10-09,15:43:09:DEBUG MainThread:774 - SerialManager - Configuring port with Setting 0

2025-10-09,15:43:11:DEBUG MainThread:774 - SerialManager - Configuring port with Setting 0

2025-10-09,15:43:13:DEBUG MainThread:774 - SerialManager - Configuring port with Setting 0

2025-10-09,15:43:15:DEBUG MainThread:774 - SerialManager - Configuring port with Setting 0

2025-10-09,15:43:17:DEBUG MainThread:774 - SerialManager - Configuring port with Setting 0

2025-10-09,15:43:19:DEBUG MainThread:774 - SerialManager - Configuring port with Setting 0

2025-10-09,15:43:21:DEBUG MainThread:774 - SerialManager - Configuring port with Setting 0

2025-10-09,15:43:23:DEBUG MainThread:774 - SerialManager - Configuring port with Setting 0

2025-10-09,15:43:25:DEBUG MainThread:774 - SerialManager - Configuring port with Setting 0

2025-10-09,15:43:27:DEBUG MainThread:774 - SerialManager - Configuring port with Setting 0

2025-10-09,15:43:29:DEBUG MainThread:774 - SerialManager - Configuring port with Setting 0

2025-10-09,15:43:31:DEBUG MainThread:774 - SerialManager - Configuring port with Setting 0

2025-10-09,15:43:33:DEBUG MainThread:774 - SerialManager - Configuring port with Setting 0

2025-10-09,15:43:35:DEBUG MainThread:774 - SerialManager - Configuring port with Setting 0

2025-10-09,15:43:37:DEBUG MainThread:774 - SerialManager - Configuring port with Setting 0

2025-10-09,15:43:39:DEBUG MainThread:774 - SerialManager - Configuring port with Setting 0

2025-10-09,15:43:41:DEBUG MainThread:774 - SerialManager - Configuring port with Setting 0

2025-10-09,15:43:43:DEBUG MainThread:774 - SerialManager - Configuring port with Setting 0

2025-10-09,15:43:46:DEBUG MainThread:774 - SerialManager - Configuring port with Setting 0

2025-10-09,15:43:48:DEBUG MainThread:774 - SerialManager - Configuring port with Setting 0

2025-10-09,15:43:50:DEBUG MainThread:774 - SerialManager - Configuring port with Setting 0

2025-10-09,15:43:52:DEBUG MainThread:774 - SerialManager - Configuring port with Setting 0

2025-10-09,15:43:54:DEBUG MainThread:774 - SerialManager - Configuring port with Setting 0

2025-10-09,15:43:56:DEBUG MainThread:774 - SerialManager - Configuring port with Setting 0

2025-10-09,15:43:58:DEBUG MainThread:774 - SerialManager - Configuring port with Setting 0

2025-10-09,15:44:00:DEBUG MainThread:774 - SerialManager - Configuring port with Setting 0

2025-10-09,15:44:02:DEBUG MainThread:774 - SerialManager - Configuring port with Setting 0

2025-10-09,15:44:04:DEBUG MainThread:774 - SerialManager - Configuring port with Setting 0

2025-10-09,15:44:06:DEBUG MainThread:774 - SerialManager - Configuring port with Setting 0

2025-10-09,15:44:08:DEBUG MainThread:774 - SerialManager - Configuring port with Setting 0

2025-10-09,15:44:10:DEBUG MainThread:774 - SerialManager - Configuring port with Setting 0

2025-10-09,15:44:12:DEBUG MainThread:774 - SerialManager - Configuring port with Setting 0

2025-10-09,15:44:14:DEBUG MainThread:774 - SerialManager - Configuring port with Setting 0

2025-10-09,15:44:16:DEBUG MainThread:774 - SerialManager - Configuring port with Setting 0

2025-10-09,15:44:18:DEBUG MainThread:774 - SerialManager - Configuring port with Setting 0

2025-10-09,15:44:20:DEBUG MainThread:774 - SerialManager - Configuring port with Setting 0

2025-10-09,15:44:22:DEBUG MainThread:774 - SerialManager - Configuring port with Setting 0

2025-10-09,15:44:24:DEBUG MainThread:774 - SerialManager - Configuring port with Setting 0

2025-10-09,15:44:26:DEBUG MainThread:774 - SerialManager - Configuring port with Setting 0

2025-10-09,15:44:28:DEBUG MainThread:774 - SerialManager - Configuring port with Setting 0

2025-10-09,15:44:30:DEBUG MainThread:774 - SerialManager - Configuring port with Setting 0

2025-10-09,15:44:32:DEBUG MainThread:774 - SerialManager - Configuring port with Setting 0

2025-10-09,15:44:34:DEBUG MainThread:774 - SerialManager - Configuring port with Setting 0

2025-10-09,15:44:36:DEBUG MainThread:774 - SerialManager - Configuring port with Setting 0

2025-10-09,15:44:38:DEBUG MainThread:774 - SerialManager - Configuring port with Setting 0

2025-10-09,15:44:40:DEBUG MainThread:774 - SerialManager - Configuring port with Setting 0

2025-10-09,15:44:42:DEBUG MainThread:774 - SerialManager - Configuring port with Setting 0

2025-10-09,15:44:44:DEBUG MainThread:774 - SerialManager - Configuring port with Setting 0

2025-10-09,15:44:46:DEBUG MainThread:774 - SerialManager - Configuring port with Setting 0

2025-10-09,15:44:48:DEBUG MainThread:774 - SerialManager - Configuring port with Setting 0

2025-10-09,15:44:50:DEBUG MainThread:774 - SerialManager - Configuring port with Setting 0

2025-10-09,15:44:52:DEBUG MainThread:774 - SerialManager - Configuring port with Setting 0

2025-10-09,15:44:54:DEBUG MainThread:774 - SerialManager - Configuring port with Setting 0

2025-10-09,15:44:56:DEBUG MainThread:774 - SerialManager - Configuring port with Setting 0

2025-10-09,15:44:59:DEBUG MainThread:774 - SerialManager - Configuring port with Setting 0

2025-10-09,15:45:01:DEBUG MainThread:774 - SerialManager - Configuring port with Setting 0

2025-10-09,15:45:03:DEBUG MainThread:774 - SerialManager - Configuring port with Setting 0

2025-10-09,15:45:05:DEBUG MainThread:774 - SerialManager - Configuring port with Setting 0

2025-10-09,15:45:07:DEBUG MainThread:774 - SerialManager - Configuring port with Setting 0

2025-10-09,15:45:09:DEBUG MainThread:774 - SerialManager - Configuring port with Setting 0

2025-10-09,15:45:11:DEBUG MainThread:774 - SerialManager - Configuring port with Setting 0

2025-10-09,15:45:13:DEBUG MainThread:774 - SerialManager - Configuring port with Setting 0

2025-10-09,15:45:15:DEBUG MainThread:774 - SerialManager - Configuring port with Setting 0

2025-10-09,15:45:17:DEBUG MainThread:774 - SerialManager - Configuring port with Setting 0

2025-10-09,15:45:19:DEBUG MainThread:774 - SerialManager - Configuring port with Setting 0

2025-10-09,15:45:21:DEBUG MainThread:774 - SerialManager - Configuring port with Setting 0

2025-10-09,15:45:23:DEBUG MainThread:774 - SerialManager - Configuring port with Setting 0

2025-10-09,15:45:25:DEBUG MainThread:774 - SerialManager - Configuring port with Setting 0

2025-10-09,15:45:27:DEBUG MainThread:774 - SerialManager - Configuring port with Setting 0

2025-10-09,15:45:29:DEBUG MainThread:774 - SerialManager - Configuring port with Setting 0

2025-10-09,15:45:31:DEBUG MainThread:774 - SerialManager - Configuring port with Setting 0

2025-10-09,15:45:33:DEBUG MainThread:774 - SerialManager - Configuring port with Setting 0

2025-10-09,15:45:35:DEBUG MainThread:774 - SerialManager - Configuring port with Setting 0

2025-10-09,15:45:37:DEBUG MainThread:774 - SerialManager - Configuring port with Setting 0

2025-10-09,15:45:39:DEBUG MainThread:774 - SerialManager - Configuring port with Setting 0

2025-10-09,15:45:41:DEBUG MainThread:774 - SerialManager - Configuring port with Setting 0

2025-10-09,15:45:43:DEBUG MainThread:774 - SerialManager - Configuring port with Setting 0

2025-10-09,15:45:45:DEBUG MainThread:774 - SerialManager - Configuring port with Setting 0

2025-10-09,15:45:47:DEBUG MainThread:774 - SerialManager - Configuring port with Setting 0

2025-10-09,15:45:49:DEBUG MainThread:774 - SerialManager - Configuring port with Setting 0

2025-10-09,15:45:51:DEBUG MainThread:774 - SerialManager - Configuring port with Setting 0

2025-10-09,15:45:53:DEBUG MainThread:774 - SerialManager - Configuring port with Setting 0

2025-10-09,15:45:55:DEBUG MainThread:774 - SerialManager - Configuring port with Setting 0

2025-10-09,15:45:57:DEBUG MainThread:774 - SerialManager - Configuring port with Setting 0

2025-10-09,15:45:59:DEBUG MainThread:774 - SerialManager - Configuring port with Setting 0

2025-10-09,15:46:01:DEBUG MainThread:774 - SerialManager - Configuring port with Setting 0

2025-10-09,15:46:03:DEBUG MainThread:774 - SerialManager - Configuring port with Setting 0

2025-10-09,15:46:05:DEBUG MainThread:774 - SerialManager - Configuring port with Setting 0

2025-10-09,15:46:07:DEBUG MainThread:774 - SerialManager - Configuring port with Setting 0

2025-10-09,15:46:09:DEBUG MainThread:774 - SerialManager - Configuring port with Setting 0

2025-10-09,15:46:11:DEBUG MainThread:774 - SerialManager - Configuring port with Setting 0

2025-10-09,15:46:14:DEBUG MainThread:774 - SerialManager - Configuring port with Setting 0

2025-10-09,15:46:16:DEBUG MainThread:774 - SerialManager - Configuring port with Setting 0

2025-10-09,15:46:18:DEBUG MainThread:774 - SerialManager - Configuring port with Setting 0

2025-10-09,15:46:20:DEBUG MainThread:774 - SerialManager - Configuring port with Setting 0

2025-10-09,15:46:22:DEBUG MainThread:774 - SerialManager - Configuring port with Setting 0

2025-10-09,15:46:24:DEBUG MainThread:774 - SerialManager - Configuring port with Setting 0

2025-10-09,15:46:26:DEBUG MainThread:774 - SerialManager - Configuring port with Setting 0

2025-10-09,15:46:28:DEBUG MainThread:774 - SerialManager - Configuring port with Setting 0

2025-10-09,15:46:30:DEBUG MainThread:774 - SerialManager - Configuring port with Setting 0

2025-10-09,15:46:32:DEBUG MainThread:774 - SerialManager - Configuring port with Setting 0

2025-10-09,15:46:34:DEBUG MainThread:774 - SerialManager - Configuring port with Setting 0

2025-10-09,15:46:36:DEBUG MainThread:774 - SerialManager - Configuring port with Setting 0

2025-10-09,15:46:38:DEBUG MainThread:774 - SerialManager - Configuring port with Setting 0

2025-10-09,15:46:40:DEBUG MainThread:774 - SerialManager - Configuring port with Setting 0

2025-10-09,15:46:42:DEBUG MainThread:774 - SerialManager - Configuring port with Setting 0

2025-10-09,15:46:44:DEBUG MainThread:774 - SerialManager - Configuring port with Setting 0

2025-10-09,15:46:46:DEBUG MainThread:774 - SerialManager - Configuring port with Setting 0

2025-10-09,15:46:48:DEBUG MainThread:774 - SerialManager - Configuring port with Setting 0

2025-10-09,15:46:50:DEBUG MainThread:774 - SerialManager - Configuring port with Setting 0

2025-10-09,15:46:52:DEBUG MainThread:774 - SerialManager - Configuring port with Setting 0

2025-10-09,15:46:54:DEBUG MainThread:774 - SerialManager - Configuring port with Setting 0

2025-10-09,15:46:56:DEBUG MainThread:774 - SerialManager - Configuring port with Setting 0

2025-10-09,15:46:58:DEBUG MainThread:774 - SerialManager - Configuring port with Setting 0

2025-10-09,15:47:00:DEBUG MainThread:774 - SerialManager - Configuring port with Setting 0

2025-10-09,15:47:02:DEBUG MainThread:774 - SerialManager - Configuring port with Setting 0

2025-10-09,15:47:04:DEBUG MainThread:774 - SerialManager - Configuring port with Setting 0

2025-10-09,15:47:06:DEBUG MainThread:774 - SerialManager - Configuring port with Setting 0

2025-10-09,15:47:08:DEBUG MainThread:774 - SerialManager - Configuring port with Setting 0

2025-10-09,15:47:10:DEBUG MainThread:774 - SerialManager - Configuring port with Setting 0

2025-10-09,15:47:12:DEBUG MainThread:774 - SerialManager - Configuring port with Setting 0

2025-10-09,15:47:14:DEBUG MainThread:774 - SerialManager - Configuring port with Setting 0

2025-10-09,15:47:16:DEBUG MainThread:774 - SerialManager - Configuring port with Setting 0

2025-10-09,15:47:18:DEBUG MainThread:774 - SerialManager - Configuring port with Setting 0

2025-10-09,15:47:20:DEBUG MainThread:774 - SerialManager - Configuring port with Setting 0

2025-10-09,15:47:22:DEBUG MainThread:774 - SerialManager - Configuring port with Setting 0

2025-10-09,15:47:24:DEBUG MainThread:774 - SerialManager - Configuring port with Setting 0

2025-10-09,15:47:27:DEBUG MainThread:774 - SerialManager - Configuring port with Setting 0

2025-10-09,15:47:29:DEBUG MainThread:774 - SerialManager - Configuring port with Setting 0

2025-10-09,15:47:31:DEBUG MainThread:774 - SerialManager - Configuring port with Setting 0

2025-10-09,15:47:33:DEBUG MainThread:774 - SerialManager - Configuring port with Setting 0

2025-10-09,15:47:35:DEBUG MainThread:774 - SerialManager - Configuring port with Setting 0

2025-10-09,15:47:37:DEBUG MainThread:774 - SerialManager - Configuring port with Setting 0

2025-10-09,15:47:39:DEBUG MainThread:774 - SerialManager - Configuring port with Setting 0

2025-10-09,15:47:41:DEBUG MainThread:774 - SerialManager - Configuring port with Setting 0

2025-10-09,15:47:43:DEBUG MainThread:774 - SerialManager - Configuring port with Setting 0

2025-10-09,15:47:45:DEBUG MainThread:774 - SerialManager - Configuring port with Setting 0

2025-10-09,15:47:47:DEBUG MainThread:774 - SerialManager - Configuring port with Setting 0

2025-10-09,15:47:49:DEBUG MainThread:774 - SerialManager - Configuring port with Setting 0

2025-10-09,15:47:51:DEBUG MainThread:774 - SerialManager - Configuring port with Setting 0

2025-10-09,15:47:53:DEBUG MainThread:774 - SerialManager - Configuring port with Setting 0

2025-10-09,15:47:55:DEBUG MainThread:774 - SerialManager - Configuring port with Setting 0

2025-10-09,15:47:57:DEBUG MainThread:774 - SerialManager - Configuring port with Setting 0

2025-10-09,15:47:59:DEBUG MainThread:774 - SerialManager - Configuring port with Setting 0

2025-10-09,15:48:01:DEBUG MainThread:774 - SerialManager - Configuring port with Setting 0

2025-10-09,15:48:03:DEBUG MainThread:774 - SerialManager - Configuring port with Setting 0

2025-10-09,15:48:05:DEBUG MainThread:774 - SerialManager - Configuring port with Setting 0

2025-10-09,15:48:07:DEBUG MainThread:774 - SerialManager - Configuring port with Setting 0

2025-10-09,15:48:09:DEBUG MainThread:774 - SerialManager - Configuring port with Setting 0

2025-10-09,15:48:11:DEBUG MainThread:774 - SerialManager - Configuring port with Setting 0

2025-10-09,15:48:13:DEBUG MainThread:774 - SerialManager - Configuring port with Setting 0

2025-10-09,15:48:15:DEBUG MainThread:774 - SerialManager - Configuring port with Setting 0

2025-10-09,15:48:17:DEBUG MainThread:774 - SerialManager - Configuring port with Setting 0

2025-10-09,15:48:19:DEBUG MainThread:774 - SerialManager - Configuring port with Setting 0

2025-10-09,15:48:21:DEBUG MainThread:774 - SerialManager - Configuring port with Setting 0

2025-10-09,15:48:23:DEBUG MainThread:774 - SerialManager - Configuring port with Setting 0

2025-10-09,15:48:25:DEBUG MainThread:774 - SerialManager - Configuring port with Setting 0

2025-10-09,15:48:27:DEBUG MainThread:774 - SerialManager - Configuring port with Setting 0

2025-10-09,15:48:29:DEBUG MainThread:774 - SerialManager - Configuring port with Setting 0

2025-10-09,15:48:31:DEBUG MainThread:774 - SerialManager - Configuring port with Setting 0

2025-10-09,15:48:33:DEBUG MainThread:774 - SerialManager - Configuring port with Setting 0

2025-10-09,15:48:35:DEBUG MainThread:774 - SerialManager - Configuring port with Setting 0

2025-10-09,15:48:37:DEBUG MainThread:774 - SerialManager - Configuring port with Setting 0

2025-10-09,15:48:39:DEBUG MainThread:774 - SerialManager - Configuring port with Setting 0

2025-10-09,15:48:42:DEBUG MainThread:774 - SerialManager - Configuring port with Setting 0

2025-10-09,15:48:44:DEBUG MainThread:774 - SerialManager - Configuring port with Setting 0

2025-10-09,15:48:46:DEBUG MainThread:774 - SerialManager - Configuring port with Setting 0

2025-10-09,15:48:48:DEBUG MainThread:774 - SerialManager - Configuring port with Setting 0

2025-10-09,15:48:50:DEBUG MainThread:774 - SerialManager - Configuring port with Setting 0

2025-10-09,15:48:52:DEBUG MainThread:774 - SerialManager - Configuring port with Setting 0

2025-10-09,15:48:54:DEBUG MainThread:774 - SerialManager - Configuring port with Setting 0

2025-10-09,15:48:56:DEBUG MainThread:774 - SerialManager - Configuring port with Setting 0

2025-10-09,15:48:58:DEBUG MainThread:774 - SerialManager - Configuring port with Setting 0

2025-10-09,15:49:00:DEBUG MainThread:774 - SerialManager - Configuring port with Setting 0

2025-10-09,15:49:02:DEBUG MainThread:774 - SerialManager - Configuring port with Setting 0

2025-10-09,15:49:04:DEBUG MainThread:774 - SerialManager - Configuring port with Setting 0

2025-10-09,15:49:06:DEBUG MainThread:774 - SerialManager - Configuring port with Setting 0

2025-10-09,15:49:08:DEBUG MainThread:774 - SerialManager - Configuring port with Setting 0

2025-10-09,15:49:10:DEBUG MainThread:774 - SerialManager - Configuring port with Setting 0

2025-10-09,15:49:12:DEBUG MainThread:774 - SerialManager - Configuring port with Setting 0

2025-10-09,15:49:14:DEBUG MainThread:774 - SerialManager - Configuring port with Setting 0

2025-10-09,15:49:16:DEBUG MainThread:774 - SerialManager - Configuring port with Setting 0

2025-10-09,15:49:18:DEBUG MainThread:774 - SerialManager - Configuring port with Setting 0

2025-10-09,15:49:20:DEBUG MainThread:774 - SerialManager - Configuring port with Setting 0

2025-10-09,15:49:22:DEBUG MainThread:774 - SerialManager - Configuring port with Setting 0

2025-10-09,15:49:24:DEBUG MainThread:774 - SerialManager - Configuring port with Setting 0

2025-10-09,15:49:26:DEBUG MainThread:774 - SerialManager - Configuring port with Setting 0

2025-10-09,15:49:28:DEBUG MainThread:774 - SerialManager - Configuring port with Setting 0

2025-10-09,15:49:31:DEBUG MainThread:774 - SerialManager - Configuring port with Setting 0

2025-10-09,15:49:33:DEBUG MainThread:774 - SerialManager - Configuring port with Setting 0

2025-10-09,15:49:35:DEBUG MainThread:774 - SerialManager - Configuring port with Setting 0

2025-10-09,15:49:37:DEBUG MainThread:774 - SerialManager - Configuring port with Setting 0

2025-10-09,15:49:39:DEBUG MainThread:774 - SerialManager - Configuring port with Setting 0

2025-10-09,15:49:41:DEBUG MainThread:774 - SerialManager - Configuring port with Setting 0

                                                                                                                                                                                                                                                                                                                                                                                                                                                                                                                                                                                                                                                                    2025-10-09 15:48:56,249  WARNING  MainThread:3912 -
Polling thread disabled.

2025-10-09 15:48:56,253  WARNING  MainThread:3924 -
Reset thread disabled.

2025-10-09,15:48:56:DEBUG MainThread:1193 - MainController - REST SERVER halted.

2025-10-09 15:48:56,266  WARNING  MainThread:3944 -
REST server thread disabled.

2025-10-09 15:48:56,268  WARNING  MainThread:3956 -
HTTP-URL thread disabled.

2025-10-09 15:48:56,269  INFO  MainThread:3987 -
[START] PYGATEWAY LISTENER @ 09-10-2025 15:48:56

2025-10-09 15:49:00,012  ERROR  MainThread:4164 -
Attempting to use a port that is not open

2025-10-09,15:49:00:DEBUG MainThread:4243 - All serial ports cannot be opened: reconnecting...

2025-10-09 15:50:00,007  ERROR  MainThread:4164 -
Attempting to use a port that is not open

2025-10-09,15:50:00:DEBUG MainThread:4243 - All serial ports cannot be opened: reconnecting...

2025-10-09 15:51:00,004  ERROR  MainThread:4164 -
Attempting to use a port that is not open

2025-10-09,15:51:00:DEBUG MainThread:4243 - All serial ports cannot be opened: reconnecting...

2025-10-09 15:52:00,001  ERROR  MainThread:4164 -
Attempting to use a port that is not open

2025-10-09,15:52:00:DEBUG MainThread:4243 - All serial ports cannot be opened: reconnecting...

2025-10-09 15:53:00,001  ERROR  MainThread:4164 -
Attempting to use a port that is not open

2025-10-09,15:53:00:DEBUG MainThread:4243 - All serial ports cannot be opened: reconnecting...

2025-10-09 15:54:00,004  ERROR  MainThread:4164 -
Attempting to use a port that is not open

2025-10-09,15:54:00:DEBUG MainThread:4243 - All serial ports cannot be opened: reconnecting...

2025-10-09 15:54:43,181  WARNING  MainThread:3912 -
Polling thread disabled.

2025-10-09 15:54:43,185  WARNING  MainThread:3924 -
Reset thread disabled.

2025-10-09,15:54:43:DEBUG MainThread:1193 - MainController - REST SERVER halted.

2025-10-09 15:54:43,198  WARNING  MainThread:3944 -
REST server thread disabled.

2025-10-09 15:54:43,200  WARNING  MainThread:3956 -
HTTP-URL thread disabled.

2025-10-09 15:54:43,201  INFO  MainThread:3987 -
[START] PYGATEWAY LISTENER @ 09-10-2025 15:54:43

2025-10-09 15:55:00,013  ERROR  MainThread:4164 -
Attempting to use a port that is not open

2025-10-09,15:55:00:DEBUG MainThread:4243 - All serial ports cannot be opened: reconnecting...

2025-10-09 15:56:00,011  ERROR  MainThread:4164 -
Attempting to use a port that is not open

2025-10-09,15:56:00:DEBUG MainThread:4243 - All serial ports cannot be opened: reconnecting...

2025-10-09 15:57:00,001  ERROR  MainThread:4164 -
Attempting to use a port that is not open

2025-10-09,15:57:00:DEBUG MainThread:4243 - All serial ports cannot be opened: reconnecting...

2025-10-09,15:57:30:DEBUG MainThread:715 - SerialManager - Connected to port /dev/ttyUSB0

2025-10-09,15:57:32:DEBUG MainThread:774 - SerialManager - Configuring port with Setting 0

2025-10-09,15:57:32:DEBUG MainThread:564 - NodeDatabase - Sync: 10 existing entries in node_database table...

2025-10-09 15:57:32,265  INFO  MainThread:3987 -
[START] PYGATEWAY LISTENER @ 09-10-2025 15:57:32

2025-10-09,15:57:32:DEBUG MainController:1174 - Running REST SERVER at port 9090.

2025-10-09,15:57:38:DEBUG MainPolling:1899 - Database - Nodes out of update: []

2025-10-09,15:57:38:DEBUG MainPolling:1902 - Database - Nodes currently ON: []

2025-10-09,15:57:38:DEBUG MainPolling:1741 - MainPolling- Poll: 0 existing nodes in node_database table...

2025-10-09,15:57:38:DEBUG MainPolling:2225 - Network free time: 1399.976

2026-04-27,16:20:56:DEBUG MainThread:774 - SerialManager - Configuring port with Setting 0

2026-04-27,16:20:56:DEBUG MainThread:564 - NodeDatabase - Sync: 10 existing entries in node_database table...

2026-04-27,16:20:59:DEBUG MainThread:774 - SerialManager - Configuring port with Setting 0

2026-04-27,16:21:02:DEBUG MainThread:774 - SerialManager - Configuring port with Setting 0

2026-04-27,16:21:05:DEBUG MainThread:774 - SerialManager - Configuring port with Setting 0

2026-04-27,16:21:08:DEBUG MainThread:774 - SerialManager - Configuring port with Setting 0

2026-04-27,16:21:11:DEBUG MainThread:774 - SerialManager - Configuring port with Setting 0

2026-04-27,16:21:14:DEBUG MainThread:774 - SerialManager - Configuring port with Setting 0

2026-04-27,16:21:17:DEBUG MainThread:774 - SerialManager - Configuring port with Setting 0

2026-04-27,16:21:20:DEBUG MainThread:774 - SerialManager - Configuring port with Setting 0

2026-04-27,16:21:23:DEBUG MainThread:774 - SerialManager - Configuring port with Setting 0

2026-04-27,16:21:26:DEBUG MainThread:774 - SerialManager - Configuring port with Setting 0

2026-04-27,16:21:29:DEBUG MainThread:774 - SerialManager - Configuring port with Setting 0

2026-04-27,16:21:31:DEBUG MainThread:774 - SerialManager - Configuring port with Setting 0

2026-04-27,16:21:34:DEBUG MainThread:774 - SerialManager - Configuring port with Setting 0

2026-04-27,16:21:37:DEBUG MainThread:774 - SerialManager - Configuring port with Setting 0

2026-04-27,16:21:40:DEBUG MainThread:774 - SerialManager - Configuring port with Setting 0

2026-04-27,16:21:43:DEBUG MainThread:774 - SerialManager - Configuring port with Setting 0

2026-04-27,16:21:46:DEBUG MainThread:774 - SerialManager - Configuring port with Setting 0

2026-04-27,16:21:49:DEBUG MainThread:774 - SerialManager - Configuring port with Setting 0

2026-04-27,16:21:52:DEBUG MainThread:774 - SerialManager - Configuring port with Setting 0

2026-04-27,16:21:55:DEBUG MainThread:774 - SerialManager - Configuring port with Setting 0

2026-04-27,16:21:58:DEBUG MainThread:774 - SerialManager - Configuring port with Setting 0

2026-04-27,16:22:01:DEBUG MainThread:774 - SerialManager - Configuring port with Setting 0

2026-04-27,16:22:04:DEBUG MainThread:774 - SerialManager - Configuring port with Setting 0

2026-04-27,16:22:07:DEBUG MainThread:774 - SerialManager - Configuring port with Setting 0

2026-04-27,16:22:10:DEBUG MainThread:774 - SerialManager - Configuring port with Setting 0

2026-04-27,16:22:12:DEBUG MainThread:774 - SerialManager - Configuring port with Setting 0

2026-04-27,16:22:15:DEBUG MainThread:774 - SerialManager - Configuring port with Setting 0

2026-04-27,16:22:18:DEBUG MainThread:774 - SerialManager - Configuring port with Setting 0

2026-04-27,16:22:21:DEBUG MainThread:774 - SerialManager - Configuring port with Setting 0

2026-04-27,16:22:24:DEBUG MainThread:774 - SerialManager - Configuring port with Setting 0

2026-04-27,16:22:27:DEBUG MainThread:774 - SerialManager - Configuring port with Setting 0

2026-04-27,16:22:30:DEBUG MainThread:774 - SerialManager - Configuring port with Setting 0

2026-04-27,16:22:33:DEBUG MainThread:774 - SerialManager - Configuring port with Setting 0

2026-04-27,16:22:36:DEBUG MainThread:774 - SerialManager - Configuring port with Setting 0

2026-04-27,16:22:39:DEBUG MainThread:774 - SerialManager - Configuring port with Setting 0

2026-04-27,16:22:42:DEBUG MainThread:774 - SerialManager - Configuring port with Setting 0

2026-04-27,16:22:45:DEBUG MainThread:774 - SerialManager - Configuring port with Setting 0

2026-04-27,16:22:48:DEBUG MainThread:774 - SerialManager - Configuring port with Setting 0

2026-04-27,16:22:51:DEBUG MainThread:774 - SerialManager - Configuring port with Setting 0

2026-04-27,16:22:54:DEBUG MainThread:774 - SerialManager - Configuring port with Setting 0

2026-04-27,16:22:57:DEBUG MainThread:774 - SerialManager - Configuring port with Setting 0

2026-04-27,16:23:00:DEBUG MainThread:774 - SerialManager - Configuring port with Setting 0

2026-04-27,16:23:03:DEBUG MainThread:774 - SerialManager - Configuring port with Setting 0

2026-04-27,16:23:06:DEBUG MainThread:774 - SerialManager - Configuring port with Setting 0

2026-04-27,16:23:09:DEBUG MainThread:774 - SerialManager - Configuring port with Setting 0

2026-04-27,16:23:12:DEBUG MainThread:774 - SerialManager - Configuring port with Setting 0

2026-04-27,16:23:15:DEBUG MainThread:774 - SerialManager - Configuring port with Setting 0

2026-04-27,16:23:18:DEBUG MainThread:774 - SerialManager - Configuring port with Setting 0

2026-04-27,16:23:21:DEBUG MainThread:774 - SerialManager - Configuring port with Setting 0

2026-04-27,16:23:24:DEBUG MainThread:774 - SerialManager - Configuring port with Setting 0

2026-04-27,16:23:27:DEBUG MainThread:774 - SerialManager - Configuring port with Setting 0

2026-04-27,16:23:30:DEBUG MainThread:774 - SerialManager - Configuring port with Setting 0

2026-04-27,16:23:33:DEBUG MainThread:774 - SerialManager - Configuring port with Setting 0

2026-04-27,16:23:36:DEBUG MainThread:774 - SerialManager - Configuring port with Setting 0

2026-04-27,16:23:39:DEBUG MainThread:774 - SerialManager - Configuring port with Setting 0

2026-04-27,16:23:42:DEBUG MainThread:774 - SerialManager - Configuring port with Setting 0

2026-04-27,16:23:45:DEBUG MainThread:774 - SerialManager - Configuring port with Setting 0

2026-04-27,16:23:48:DEBUG MainThread:774 - SerialManager - Configuring port with Setting 0

2026-04-27,16:23:51:DEBUG MainThread:774 - SerialManager - Configuring port with Setting 0

2026-04-27,16:23:54:DEBUG MainThread:774 - SerialManager - Configuring port with Setting 0

2026-04-27,16:23:57:DEBUG MainThread:774 - SerialManager - Configuring port with Setting 0

2026-04-27,16:24:00:DEBUG MainThread:774 - SerialManager - Configuring port with Setting 0

2026-04-27,16:24:03:DEBUG MainThread:774 - SerialManager - Configuring port with Setting 0

2026-04-27,16:24:06:DEBUG MainThread:774 - SerialManager - Configuring port with Setting 0

2026-04-27,16:24:09:DEBUG MainThread:774 - SerialManager - Configuring port with Setting 0

2026-04-27,16:24:12:DEBUG MainThread:774 - SerialManager - Configuring port with Setting 0

2026-04-27,16:24:15:DEBUG MainThread:774 - SerialManager - Configuring port with Setting 0

2026-04-27,16:24:18:DEBUG MainThread:774 - SerialManager - Configuring port with Setting 0

2026-04-27,16:24:21:DEBUG MainThread:774 - SerialManager - Configuring port with Setting 0

2026-04-27,16:24:24:DEBUG MainThread:774 - SerialManager - Configuring port with Setting 0

2026-04-27,16:24:27:DEBUG MainThread:774 - SerialManager - Configuring port with Setting 0

2026-04-27,16:24:30:DEBUG MainThread:774 - SerialManager - Configuring port with Setting 0

2026-04-27,16:24:33:DEBUG MainThread:774 - SerialManager - Configuring port with Setting 0

2026-04-27,16:24:36:DEBUG MainThread:774 - SerialManager - Configuring port with Setting 0

2026-04-27,16:24:39:DEBUG MainThread:774 - SerialManager - Configuring port with Setting 0

2026-04-27,16:24:42:DEBUG MainThread:774 - SerialManager - Configuring port with Setting 0

2026-04-27,16:24:45:DEBUG MainThread:774 - SerialManager - Configuring port with Setting 0

2026-04-27,16:24:48:DEBUG MainThread:774 - SerialManager - Configuring port with Setting 0

2026-04-27,16:24:51:DEBUG MainThread:774 - SerialManager - Configuring port with Setting 0

2026-04-27,16:24:54:DEBUG MainThread:774 - SerialManager - Configuring port with Setting 0

2026-04-27,16:24:57:DEBUG MainThread:774 - SerialManager - Configuring port with Setting 0

2026-04-27,16:25:00:DEBUG MainThread:774 - SerialManager - Configuring port with Setting 0

2026-04-27,16:25:03:DEBUG MainThread:774 - SerialManager - Configuring port with Setting 0

2026-04-27,16:25:06:DEBUG MainThread:774 - SerialManager - Configuring port with Setting 0

2026-04-27,16:25:09:DEBUG MainThread:774 - SerialManager - Configuring port with Setting 0

2026-04-27,16:25:12:DEBUG MainThread:774 - SerialManager - Configuring port with Setting 0

2026-04-27,16:25:15:DEBUG MainThread:774 - SerialManager - Configuring port with Setting 0

2026-04-27,16:25:18:DEBUG MainThread:774 - SerialManager - Configuring port with Setting 0

2026-04-27,16:25:21:DEBUG MainThread:774 - SerialManager - Configuring port with Setting 0

2026-04-27,16:25:24:DEBUG MainThread:774 - SerialManager - Configuring port with Setting 0

2026-04-27,16:25:27:DEBUG MainThread:774 - SerialManager - Configuring port with Setting 0

2026-04-27,16:25:30:DEBUG MainThread:774 - SerialManager - Configuring port with Setting 0

2026-04-27,16:25:33:DEBUG MainThread:774 - SerialManager - Configuring port with Setting 0

2026-04-27,16:25:36:DEBUG MainThread:774 - SerialManager - Configuring port with Setting 0

2026-04-27,16:25:39:DEBUG MainThread:774 - SerialManager - Configuring port with Setting 0

2026-04-27,16:25:42:DEBUG MainThread:774 - SerialManager - Configuring port with Setting 0

2026-04-27,16:25:45:DEBUG MainThread:774 - SerialManager - Configuring port with Setting 0

2026-04-27,16:25:48:DEBUG MainThread:774 - SerialManager - Configuring port with Setting 0

2026-04-27,16:25:51:DEBUG MainThread:774 - SerialManager - Configuring port with Setting 0

2026-04-27,16:25:54:DEBUG MainThread:774 - SerialManager - Configuring port with Setting 0

2026-04-27,16:25:57:DEBUG MainThread:774 - SerialManager - Configuring port with Setting 0

2026-04-27,16:26:00:DEBUG MainThread:774 - SerialManager - Configuring port with Setting 0

2026-04-27,16:26:03:DEBUG MainThread:774 - SerialManager - Configuring port with Setting 0

2026-04-27,16:26:06:DEBUG MainThread:774 - SerialManager - Configuring port with Setting 0

2026-04-27,16:26:09:DEBUG MainThread:774 - SerialManager - Configuring port with Setting 0

2026-04-27,16:26:12:DEBUG MainThread:774 - SerialManager - Configuring port with Setting 0

2026-04-27,16:26:15:DEBUG MainThread:774 - SerialManager - Configuring port with Setting 0

2026-04-27,16:26:18:DEBUG MainThread:774 - SerialManager - Configuring port with Setting 0

2026-04-27,16:26:21:DEBUG MainThread:774 - SerialManager - Configuring port with Setting 0

2026-04-27,16:26:24:DEBUG MainThread:774 - SerialManager - Configuring port with Setting 0

2026-04-27,16:26:27:DEBUG MainThread:774 - SerialManager - Configuring port with Setting 0

2026-04-27,16:26:30:DEBUG MainThread:774 - SerialManager - Configuring port with Setting 0

2026-04-27,16:26:33:DEBUG MainThread:774 - SerialManager - Configuring port with Setting 0

2026-04-27,16:26:36:DEBUG MainThread:774 - SerialManager - Configuring port with Setting 0

2026-04-27,16:26:39:DEBUG MainThread:774 - SerialManager - Configuring port with Setting 0

2026-04-27,16:26:42:DEBUG MainThread:774 - SerialManager - Configuring port with Setting 0

2026-04-27,16:26:45:DEBUG MainThread:774 - SerialManager - Configuring port with Setting 0

2026-04-27,16:26:48:DEBUG MainThread:774 - SerialManager - Configuring port with Setting 0

2026-04-27,16:26:51:DEBUG MainThread:774 - SerialManager - Configuring port with Setting 0

2026-04-27,16:26:54:DEBUG MainThread:774 - SerialManager - Configuring port with Setting 0

2026-04-27,16:26:57:DEBUG MainThread:774 - SerialManager - Configuring port with Setting 0

2026-04-27,16:27:00:DEBUG MainThread:774 - SerialManager - Configuring port with Setting 0

2026-04-27,16:27:03:DEBUG MainThread:774 - SerialManager - Configuring port with Setting 0

2026-04-27,16:27:06:DEBUG MainThread:774 - SerialManager - Configuring port with Setting 0

2026-04-27,16:27:09:DEBUG MainThread:774 - SerialManager - Configuring port with Setting 0

2026-04-27,16:27:12:DEBUG MainThread:774 - SerialManager - Configuring port with Setting 0

2026-04-27,16:27:15:DEBUG MainThread:774 - SerialManager - Configuring port with Setting 0

2026-04-27,16:27:18:DEBUG MainThread:774 - SerialManager - Configuring port with Setting 0

2026-04-27,16:27:21:DEBUG MainThread:774 - SerialManager - Configuring port with Setting 0

2026-04-27,16:27:24:DEBUG MainThread:774 - SerialManager - Configuring port with Setting 0

2026-04-27,16:27:27:DEBUG MainThread:774 - SerialManager - Configuring port with Setting 0

2026-04-27,16:27:30:DEBUG MainThread:774 - SerialManager - Configuring port with Setting 0

2026-04-27,16:27:33:DEBUG MainThread:774 - SerialManager - Configuring port with Setting 0

2026-04-27,16:27:36:DEBUG MainThread:774 - SerialManager - Configuring port with Setting 0

2026-04-27,16:27:39:DEBUG MainThread:774 - SerialManager - Configuring port with Setting 0

2026-04-27,16:27:42:DEBUG MainThread:774 - SerialManager - Configuring port with Setting 0

2026-04-27,16:27:45:DEBUG MainThread:774 - SerialManager - Configuring port with Setting 0

2026-04-27,16:27:48:DEBUG MainThread:774 - SerialManager - Configuring port with Setting 0

2026-04-27,16:27:51:DEBUG MainThread:774 - SerialManager - Configuring port with Setting 0

2026-04-27,16:27:54:DEBUG MainThread:774 - SerialManager - Configuring port with Setting 0

2026-04-27,16:27:57:DEBUG MainThread:774 - SerialManager - Configuring port with Setting 0

2026-04-27,16:28:00:DEBUG MainThread:774 - SerialManager - Configuring port with Setting 0

2026-04-27,16:28:03:DEBUG MainThread:774 - SerialManager - Configuring port with Setting 0

2026-04-27,16:28:06:DEBUG MainThread:774 - SerialManager - Configuring port with Setting 0

2026-04-27,16:28:09:DEBUG MainThread:774 - SerialManager - Configuring port with Setting 0

2026-04-27,16:28:12:DEBUG MainThread:774 - SerialManager - Configuring port with Setting 0

2026-04-27,16:28:15:DEBUG MainThread:774 - SerialManager - Configuring port with Setting 0

2026-04-27,16:28:18:DEBUG MainThread:774 - SerialManager - Configuring port with Setting 0

2026-04-27,16:28:21:DEBUG MainThread:774 - SerialManager - Configuring port with Setting 0

2026-04-27,16:28:24:DEBUG MainThread:774 - SerialManager - Configuring port with Setting 0

2026-04-27,16:28:27:DEBUG MainThread:774 - SerialManager - Configuring port with Setting 0

2026-04-27,16:28:30:DEBUG MainThread:774 - SerialManager - Configuring port with Setting 0

2026-04-27,16:28:33:DEBUG MainThread:774 - SerialManager - Configuring port with Setting 0

2026-04-27,16:28:36:DEBUG MainThread:774 - SerialManager - Configuring port with Setting 0

2026-04-27,16:28:39:DEBUG MainThread:774 - SerialManager - Configuring port with Setting 0

2026-04-27,16:28:42:DEBUG MainThread:774 - SerialManager - Configuring port with Setting 0

2026-04-27,16:28:45:DEBUG MainThread:774 - SerialManager - Configuring port with Setting 0

2026-04-27,16:28:48:DEBUG MainThread:774 - SerialManager - Configuring port with Setting 0

2026-04-27,16:28:51:DEBUG MainThread:774 - SerialManager - Configuring port with Setting 0

2026-04-27,16:28:54:DEBUG MainThread:774 - SerialManager - Configuring port with Setting 0

2026-04-27,16:28:57:DEBUG MainThread:774 - SerialManager - Configuring port with Setting 0

2026-04-27,16:29:00:DEBUG MainThread:774 - SerialManager - Configuring port with Setting 0

2026-04-27,16:29:03:DEBUG MainThread:774 - SerialManager - Configuring port with Setting 0

2026-04-27,16:29:06:DEBUG MainThread:774 - SerialManager - Configuring port with Setting 0

2026-04-27,16:29:09:DEBUG MainThread:774 - SerialManager - Configuring port with Setting 0

2026-04-27,16:29:12:DEBUG MainThread:774 - SerialManager - Configuring port with Setting 0

2026-04-27,16:29:15:DEBUG MainThread:774 - SerialManager - Configuring port with Setting 0

2026-04-27,16:29:18:DEBUG MainThread:774 - SerialManager - Configuring port with Setting 0

2026-04-27,16:29:21:DEBUG MainThread:774 - SerialManager - Configuring port with Setting 0

2026-04-27,16:29:24:DEBUG MainThread:774 - SerialManager - Configuring port with Setting 0

2026-04-27,16:29:27:DEBUG MainThread:774 - SerialManager - Configuring port with Setting 0

2026-04-27,16:29:30:DEBUG MainThread:774 - SerialManager - Configuring port with Setting 0

2026-04-27,16:29:33:DEBUG MainThread:774 - SerialManager - Configuring port with Setting 0

2026-04-27,16:29:36:DEBUG MainThread:774 - SerialManager - Configuring port with Setting 0

2026-04-27,16:29:39:DEBUG MainThread:774 - SerialManager - Configuring port with Setting 0

2026-04-27,16:29:41:DEBUG MainThread:774 - SerialManager - Configuring port with Setting 0

2026-04-27,16:29:44:DEBUG MainThread:774 - SerialManager - Configuring port with Setting 0

2026-04-27,16:29:47:DEBUG MainThread:774 - SerialManager - Configuring port with Setting 0

2026-04-27,16:29:50:DEBUG MainThread:774 - SerialManager - Configuring port with Setting 0

2026-04-27,16:29:53:DEBUG MainThread:774 - SerialManager - Configuring port with Setting 0

2026-04-27,16:29:56:DEBUG MainThread:774 - SerialManager - Configuring port with Setting 0

2026-04-27,16:29:59:DEBUG MainThread:774 - SerialManager - Configuring port with Setting 0

2026-04-27,16:30:02:DEBUG MainThread:774 - SerialManager - Configuring port with Setting 0

2026-04-27,16:30:05:DEBUG MainThread:774 - SerialManager - Configuring port with Setting 0

2026-04-27,16:30:08:DEBUG MainThread:774 - SerialManager - Configuring port with Setting 0

2026-04-27,16:30:11:DEBUG MainThread:774 - SerialManager - Configuring port with Setting 0

2026-04-27,16:30:14:DEBUG MainThread:774 - SerialManager - Configuring port with Setting 0

2026-04-27,16:30:17:DEBUG MainThread:774 - SerialManager - Configuring port with Setting 0

2026-04-27,16:30:20:DEBUG MainThread:774 - SerialManager - Configuring port with Setting 0

2026-04-27,16:30:23:DEBUG MainThread:774 - SerialManager - Configuring port with Setting 0

2026-04-27,16:30:26:DEBUG MainThread:774 - SerialManager - Configuring port with Setting 0

2026-04-27,16:30:29:DEBUG MainThread:774 - SerialManager - Configuring port with Setting 0

2026-04-27,16:30:32:DEBUG MainThread:774 - SerialManager - Configuring port with Setting 0

2026-04-27,16:30:35:DEBUG MainThread:774 - SerialManager - Configuring port with Setting 0

2026-04-27,16:30:38:DEBUG MainThread:774 - SerialManager - Configuring port with Setting 0

2026-04-27,16:30:41:DEBUG MainThread:774 - SerialManager - Configuring port with Setting 0

2026-04-27,16:30:44:DEBUG MainThread:774 - SerialManager - Configuring port with Setting 0

2026-04-27,16:30:47:DEBUG MainThread:774 - SerialManager - Configuring port with Setting 0

2026-04-27,16:30:50:DEBUG MainThread:774 - SerialManager - Configuring port with Setting 0

2026-04-27,16:30:53:DEBUG MainThread:774 - SerialManager - Configuring port with Setting 0

2026-04-27,16:30:56:DEBUG MainThread:774 - SerialManager - Configuring port with Setting 0

2026-04-27,16:30:59:DEBUG MainThread:774 - SerialManager - Configuring port with Setting 0

2026-04-27,16:31:02:DEBUG MainThread:774 - SerialManager - Configuring port with Setting 0

2026-04-27,16:31:05:DEBUG MainThread:774 - SerialManager - Configuring port with Setting 0

2026-04-27,16:31:08:DEBUG MainThread:774 - SerialManager - Configuring port with Setting 0

2026-04-27,16:31:11:DEBUG MainThread:774 - SerialManager - Configuring port with Setting 0

2026-04-27,16:31:14:DEBUG MainThread:774 - SerialManager - Configuring port with Setting 0

2026-04-27,16:31:17:DEBUG MainThread:774 - SerialManager - Configuring port with Setting 0

2026-04-27,16:31:20:DEBUG MainThread:774 - SerialManager - Configuring port with Setting 0

2026-04-27,16:31:23:DEBUG MainThread:774 - SerialManager - Configuring port with Setting 0

2026-04-27,16:31:26:DEBUG MainThread:774 - SerialManager - Configuring port with Setting 0

2026-04-27,16:31:29:DEBUG MainThread:774 - SerialManager - Configuring port with Setting 0

2026-04-27,16:31:32:DEBUG MainThread:774 - SerialManager - Configuring port with Setting 0

2026-04-27,16:31:35:DEBUG MainThread:774 - SerialManager - Configuring port with Setting 0

2026-04-27,16:31:38:DEBUG MainThread:774 - SerialManager - Configuring port with Setting 0

2026-04-27,16:31:41:DEBUG MainThread:774 - SerialManager - Configuring port with Setting 0

2026-04-27,16:31:44:DEBUG MainThread:774 - SerialManager - Configuring port with Setting 0

2026-04-27,16:31:47:DEBUG MainThread:774 - SerialManager - Configuring port with Setting 0

2026-04-27,16:31:50:DEBUG MainThread:774 - SerialManager - Configuring port with Setting 0

2026-04-27,16:31:53:DEBUG MainThread:774 - SerialManager - Configuring port with Setting 0

2026-04-27,16:31:56:DEBUG MainThread:774 - SerialManager - Configuring port with Setting 0

2026-04-27,16:31:59:DEBUG MainThread:774 - SerialManager - Configuring port with Setting 0

2026-04-27,16:32:02:DEBUG MainThread:774 - SerialManager - Configuring port with Setting 0

2026-04-27,16:32:05:DEBUG MainThread:774 - SerialManager - Configuring port with Setting 0

2026-04-27,16:32:08:DEBUG MainThread:774 - SerialManager - Configuring port with Setting 0

2026-04-27,16:32:11:DEBUG MainThread:774 - SerialManager - Configuring port with Setting 0

2026-04-27,16:32:14:DEBUG MainThread:774 - SerialManager - Configuring port with Setting 0

2026-04-27,16:32:17:DEBUG MainThread:774 - SerialManager - Configuring port with Setting 0

2026-04-27,16:32:20:DEBUG MainThread:774 - SerialManager - Configuring port with Setting 0

2026-04-27,16:32:23:DEBUG MainThread:774 - SerialManager - Configuring port with Setting 0

2026-04-27,16:32:26:DEBUG MainThread:774 - SerialManager - Configuring port with Setting 0

2026-04-27,16:32:29:DEBUG MainThread:774 - SerialManager - Configuring port with Setting 0

2026-04-27,16:32:32:DEBUG MainThread:774 - SerialManager - Configuring port with Setting 0

2026-04-27,16:32:35:DEBUG MainThread:774 - SerialManager - Configuring port with Setting 0

2026-04-27,16:32:38:DEBUG MainThread:774 - SerialManager - Configuring port with Setting 0

2026-04-27,16:32:41:DEBUG MainThread:774 - SerialManager - Configuring port with Setting 0

2026-04-27,16:32:44:DEBUG MainThread:774 - SerialManager - Configuring port with Setting 0

2026-04-27,16:32:47:DEBUG MainThread:774 - SerialManager - Configuring port with Setting 0

2026-04-27,16:32:50:DEBUG MainThread:774 - SerialManager - Configuring port with Setting 0

2026-04-27,16:32:53:DEBUG MainThread:774 - SerialManager - Configuring port with Setting 0

2026-04-27,16:32:56:DEBUG MainThread:774 - SerialManager - Configuring port with Setting 0

2026-04-27,16:32:59:DEBUG MainThread:774 - SerialManager - Configuring port with Setting 0

2026-04-27,16:33:02:DEBUG MainThread:774 - SerialManager - Configuring port with Setting 0

2026-04-27,16:33:05:DEBUG MainThread:774 - SerialManager - Configuring port with Setting 0

2026-04-27,16:33:08:DEBUG MainThread:774 - SerialManager - Configuring port with Setting 0

2026-04-27,16:33:11:DEBUG MainThread:774 - SerialManager - Configuring port with Setting 0

2026-04-27,16:33:14:DEBUG MainThread:774 - SerialManager - Configuring port with Setting 0

2026-04-27,16:33:17:DEBUG MainThread:774 - SerialManager - Configuring port with Setting 0

2026-04-27,16:33:20:DEBUG MainThread:774 - SerialManager - Configuring port with Setting 0

2026-04-27,16:33:23:DEBUG MainThread:774 - SerialManager - Configuring port with Setting 0

2026-04-27,16:33:26:DEBUG MainThread:774 - SerialManager - Configuring port with Setting 0

2026-04-27,16:33:29:DEBUG MainThread:774 - SerialManager - Configuring port with Setting 0

2026-04-27,16:33:32:DEBUG MainThread:774 - SerialManager - Configuring port with Setting 0

2026-04-27,16:33:35:DEBUG MainThread:774 - SerialManager - Configuring port with Setting 0

2026-04-27,16:33:38:DEBUG MainThread:774 - SerialManager - Configuring port with Setting 0

2026-04-27,16:33:41:DEBUG MainThread:774 - SerialManager - Configuring port with Setting 0

2026-04-27,16:33:44:DEBUG MainThread:774 - SerialManager - Configuring port with Setting 0

2026-04-27,16:33:47:DEBUG MainThread:774 - SerialManager - Configuring port with Setting 0

2026-04-27,16:33:50:DEBUG MainThread:774 - SerialManager - Configuring port with Setting 0

2026-04-27,16:33:53:DEBUG MainThread:774 - SerialManager - Configuring port with Setting 0

2026-04-27,16:33:56:DEBUG MainThread:774 - SerialManager - Configuring port with Setting 0

2026-04-27,16:33:59:DEBUG MainThread:774 - SerialManager - Configuring port with Setting 0

2026-04-27,16:34:02:DEBUG MainThread:774 - SerialManager - Configuring port with Setting 0

2026-04-27,16:34:05:DEBUG MainThread:774 - SerialManager - Configuring port with Setting 0

2026-04-27,16:34:08:DEBUG MainThread:774 - SerialManager - Configuring port with Setting 0

2026-04-27,16:34:11:DEBUG MainThread:774 - SerialManager - Configuring port with Setting 0

2026-04-27,16:34:14:DEBUG MainThread:774 - SerialManager - Configuring port with Setting 0

2026-04-27,16:34:17:DEBUG MainThread:774 - SerialManager - Configuring port with Setting 0

2026-04-27,16:34:20:DEBUG MainThread:774 - SerialManager - Configuring port with Setting 0

2026-04-27,16:34:23:DEBUG MainThread:774 - SerialManager - Configuring port with Setting 0

2026-04-27,16:34:26:DEBUG MainThread:774 - SerialManager - Configuring port with Setting 0

2026-04-27,16:34:29:DEBUG MainThread:774 - SerialManager - Configuring port with Setting 0

2026-04-27,16:34:32:DEBUG MainThread:774 - SerialManager - Configuring port with Setting 0

2026-04-27,16:34:35:DEBUG MainThread:774 - SerialManager - Configuring port with Setting 0

2026-04-27,16:34:38:DEBUG MainThread:774 - SerialManager - Configuring port with Setting 0

2026-04-27,16:34:41:DEBUG MainThread:774 - SerialManager - Configuring port with Setting 0

2026-04-27,16:34:44:DEBUG MainThread:774 - SerialManager - Configuring port with Setting 0

2026-04-27,16:34:47:DEBUG MainThread:774 - SerialManager - Configuring port with Setting 0

2026-04-27,16:34:50:DEBUG MainThread:774 - SerialManager - Configuring port with Setting 0

2026-04-27,16:34:53:DEBUG MainThread:774 - SerialManager - Configuring port with Setting 0

2026-04-27,16:34:56:DEBUG MainThread:774 - SerialManager - Configuring port with Setting 0

2026-04-27,16:34:59:DEBUG MainThread:774 - SerialManager - Configuring port with Setting 0

2026-04-27,16:35:02:DEBUG MainThread:774 - SerialManager - Configuring port with Setting 0

2026-04-27,16:35:05:DEBUG MainThread:774 - SerialManager - Configuring port with Setting 0

2026-04-27,16:35:08:DEBUG MainThread:774 - SerialManager - Configuring port with Setting 0

2026-04-27,16:35:11:DEBUG MainThread:774 - SerialManager - Configuring port with Setting 0

2026-04-27,16:35:14:DEBUG MainThread:774 - SerialManager - Configuring port with Setting 0

2026-04-27,16:35:17:DEBUG MainThread:774 - SerialManager - Configuring port with Setting 0

2026-04-27,16:35:20:DEBUG MainThread:774 - SerialManager - Configuring port with Setting 0

2026-04-27,16:35:23:DEBUG MainThread:774 - SerialManager - Configuring port with Setting 0

2026-04-27,16:35:26:DEBUG MainThread:774 - SerialManager - Configuring port with Setting 0

2026-04-27,16:35:29:DEBUG MainThread:774 - SerialManager - Configuring port with Setting 0

2026-04-27,16:35:32:DEBUG MainThread:774 - SerialManager - Configuring port with Setting 0

2026-04-27,16:35:35:DEBUG MainThread:774 - SerialManager - Configuring port with Setting 0

2026-04-27,16:35:38:DEBUG MainThread:774 - SerialManager - Configuring port with Setting 0

2026-04-27,16:35:41:DEBUG MainThread:774 - SerialManager - Configuring port with Setting 0

2026-04-27,16:35:44:DEBUG MainThread:774 - SerialManager - Configuring port with Setting 0

2026-04-27,16:35:47:DEBUG MainThread:774 - SerialManager - Configuring port with Setting 0

2026-04-27,16:35:50:DEBUG MainThread:774 - SerialManager - Configuring port with Setting 0

2026-04-27,16:35:53:DEBUG MainThread:774 - SerialManager - Configuring port with Setting 0

2026-04-27,16:35:56:DEBUG MainThread:774 - SerialManager - Configuring port with Setting 0

2026-04-27,16:35:59:DEBUG MainThread:774 - SerialManager - Configuring port with Setting 0

2026-04-27,16:36:02:DEBUG MainThread:774 - SerialManager - Configuring port with Setting 0

2026-04-27,16:36:05:DEBUG MainThread:774 - SerialManager - Configuring port with Setting 0

2026-04-27,16:36:08:DEBUG MainThread:774 - SerialManager - Configuring port with Setting 0

2026-04-27,16:36:11:DEBUG MainThread:774 - SerialManager - Configuring port with Setting 0

2026-04-27,16:36:14:DEBUG MainThread:774 - SerialManager - Configuring port with Setting 0

2026-04-27,16:36:17:DEBUG MainThread:774 - SerialManager - Configuring port with Setting 0

2026-04-27,16:36:20:DEBUG MainThread:774 - SerialManager - Configuring port with Setting 0

2026-04-27,16:36:23:DEBUG MainThread:774 - SerialManager - Configuring port with Setting 0

2026-04-27,16:36:26:DEBUG MainThread:774 - SerialManager - Configuring port with Setting 0

2026-04-27,16:36:29:DEBUG MainThread:774 - SerialManager - Configuring port with Setting 0

2026-04-27,16:36:32:DEBUG MainThread:774 - SerialManager - Configuring port with Setting 0

2026-04-27,16:36:35:DEBUG MainThread:774 - SerialManager - Configuring port with Setting 0

2026-04-27,16:36:38:DEBUG MainThread:774 - SerialManager - Configuring port with Setting 0

2026-04-27,16:36:41:DEBUG MainThread:774 - SerialManager - Configuring port with Setting 0

2026-04-27,16:36:44:DEBUG MainThread:774 - SerialManager - Configuring port with Setting 0

2026-04-27,16:36:47:DEBUG MainThread:774 - SerialManager - Configuring port with Setting 0

2026-04-27,16:36:50:DEBUG MainThread:774 - SerialManager - Configuring port with Setting 0

2026-04-27,16:36:53:DEBUG MainThread:774 - SerialManager - Configuring port with Setting 0

2026-04-27,16:36:56:DEBUG MainThread:774 - SerialManager - Configuring port with Setting 0

2026-04-27,16:36:59:DEBUG MainThread:774 - SerialManager - Configuring port with Setting 0

2026-04-27,16:37:02:DEBUG MainThread:774 - SerialManager - Configuring port with Setting 0

2026-04-27,16:37:05:DEBUG MainThread:774 - SerialManager - Configuring port with Setting 0

2026-04-27,16:37:08:DEBUG MainThread:774 - SerialManager - Configuring port with Setting 0

2026-04-27,16:37:11:DEBUG MainThread:774 - SerialManager - Configuring port with Setting 0

2026-04-27,16:37:14:DEBUG MainThread:774 - SerialManager - Configuring port with Setting 0

2026-04-27,16:37:17:DEBUG MainThread:774 - SerialManager - Configuring port with Setting 0

2026-04-27,16:37:20:DEBUG MainThread:774 - SerialManager - Configuring port with Setting 0

2026-04-27,16:37:23:DEBUG MainThread:774 - SerialManager - Configuring port with Setting 0

2026-04-27,16:37:26:DEBUG MainThread:774 - SerialManager - Configuring port with Setting 0

2026-04-27,16:37:29:DEBUG MainThread:774 - SerialManager - Configuring port with Setting 0

2026-04-27,16:37:30:DEBUG MainThread:715 - SerialManager - Connected to port /dev/ttyUSB1

2026-04-27,16:37:31:DEBUG MainThread:774 - SerialManager - Configuring port with Setting 1

2026-04-27,16:37:31:DEBUG MainThread:564 - NodeDatabase - Sync: 10 existing entries in node_database table...

2026-04-27,16:37:33:DEBUG MainThread:774 - SerialManager - Configuring port with Setting 1

2026-04-27,16:37:35:DEBUG MainThread:774 - SerialManager - Configuring port with Setting 1

2026-04-27,16:37:37:DEBUG MainThread:774 - SerialManager - Configuring port with Setting 1

2026-04-27,16:37:39:DEBUG MainThread:774 - SerialManager - Configuring port with Setting 1

2026-04-27,16:37:41:DEBUG MainThread:774 - SerialManager - Configuring port with Setting 1

2026-04-27,16:37:43:DEBUG MainThread:774 - SerialManager - Configuring port with Setting 1

2026-04-27,16:37:45:DEBUG MainThread:774 - SerialManager - Configuring port with Setting 1

2026-04-27,16:37:47:DEBUG MainThread:774 - SerialManager - Configuring port with Setting 1

2026-04-27,16:37:49:DEBUG MainThread:774 - SerialManager - Configuring port with Setting 1

2026-04-27,16:37:51:DEBUG MainThread:774 - SerialManager - Configuring port with Setting 1

2026-04-27,16:37:53:DEBUG MainThread:774 - SerialManager - Configuring port with Setting 1

2026-04-27,16:37:55:DEBUG MainThread:774 - SerialManager - Configuring port with Setting 1

2026-04-27,16:37:57:DEBUG MainThread:774 - SerialManager - Configuring port with Setting 1

2026-04-27,16:37:59:DEBUG MainThread:774 - SerialManager - Configuring port with Setting 1

2026-04-27,16:38:01:DEBUG MainThread:774 - SerialManager - Configuring port with Setting 1

2026-04-27,16:38:03:DEBUG MainThread:774 - SerialManager - Configuring port with Setting 1

2026-04-27,16:38:05:DEBUG MainThread:774 - SerialManager - Configuring port with Setting 1

2026-04-27,16:38:07:DEBUG MainThread:774 - SerialManager - Configuring port with Setting 1

2026-04-27,16:38:09:DEBUG MainThread:774 - SerialManager - Configuring port with Setting 1

2026-04-27,16:38:11:DEBUG MainThread:774 - SerialManager - Configuring port with Setting 1

2026-04-27,16:38:13:DEBUG MainThread:774 - SerialManager - Configuring port with Setting 1

2026-04-27,16:38:15:DEBUG MainThread:774 - SerialManager - Configuring port with Setting 1

2026-04-27,16:38:17:DEBUG MainThread:774 - SerialManager - Configuring port with Setting 1

2026-04-27,16:38:19:DEBUG MainThread:774 - SerialManager - Configuring port with Setting 1

2026-04-27,16:38:21:DEBUG MainThread:774 - SerialManager - Configuring port with Setting 1

2026-04-27,16:38:23:DEBUG MainThread:774 - SerialManager - Configuring port with Setting 1

2026-04-27,16:38:25:DEBUG MainThread:774 - SerialManager - Configuring port with Setting 1

2026-04-27,16:38:27:DEBUG MainThread:774 - SerialManager - Configuring port with Setting 1

2026-04-27,16:38:29:DEBUG MainThread:774 - SerialManager - Configuring port with Setting 1

2026-04-27,16:38:31:DEBUG MainThread:774 - SerialManager - Configuring port with Setting 1

2026-04-27,16:38:34:DEBUG MainThread:774 - SerialManager - Configuring port with Setting 1

2026-04-27,16:38:36:DEBUG MainThread:774 - SerialManager - Configuring port with Setting 1

2026-04-27,16:38:38:DEBUG MainThread:774 - SerialManager - Configuring port with Setting 1

2026-04-27,16:38:40:DEBUG MainThread:774 - SerialManager - Configuring port with Setting 1

2026-04-27,16:38:42:DEBUG MainThread:774 - SerialManager - Configuring port with Setting 1

2026-04-27,16:38:44:DEBUG MainThread:774 - SerialManager - Configuring port with Setting 1

2026-04-27,16:38:46:DEBUG MainThread:774 - SerialManager - Configuring port with Setting 1

2026-04-27,16:38:48:DEBUG MainThread:774 - SerialManager - Configuring port with Setting 1

2026-04-27,16:38:50:DEBUG MainThread:774 - SerialManager - Configuring port with Setting 1

2026-04-27,16:38:52:DEBUG MainThread:774 - SerialManager - Configuring port with Setting 1

2026-04-27,16:38:54:DEBUG MainThread:774 - SerialManager - Configuring port with Setting 1

2026-04-27,16:38:56:DEBUG MainThread:774 - SerialManager - Configuring port with Setting 1

2026-04-27,16:38:58:DEBUG MainThread:774 - SerialManager - Configuring port with Setting 1

2026-04-27,16:39:00:DEBUG MainThread:774 - SerialManager - Configuring port with Setting 1

2026-04-27,16:39:02:DEBUG MainThread:774 - SerialManager - Configuring port with Setting 1

2026-04-27,16:39:04:DEBUG MainThread:774 - SerialManager - Configuring port with Setting 1

2026-04-27,16:39:06:DEBUG MainThread:774 - SerialManager - Configuring port with Setting 1

2026-04-27,16:39:08:DEBUG MainThread:774 - SerialManager - Configuring port with Setting 1

2026-04-27,16:39:10:DEBUG MainThread:774 - SerialManager - Configuring port with Setting 1

2026-04-27,16:39:12:DEBUG MainThread:774 - SerialManager - Configuring port with Setting 1

2026-04-27,16:39:14:DEBUG MainThread:774 - SerialManager - Configuring port with Setting 1

2026-04-27,16:39:16:DEBUG MainThread:774 - SerialManager - Configuring port with Setting 1

2026-04-27,16:39:18:DEBUG MainThread:774 - SerialManager - Configuring port with Setting 1

2026-04-27,16:39:20:DEBUG MainThread:774 - SerialManager - Configuring port with Setting 1

2026-04-27,16:39:22:DEBUG MainThread:774 - SerialManager - Configuring port with Setting 1

2026-04-27,16:39:24:DEBUG MainThread:774 - SerialManager - Configuring port with Setting 1

2026-04-27,16:39:26:DEBUG MainThread:774 - SerialManager - Configuring port with Setting 1

2026-04-27,16:39:28:DEBUG MainThread:774 - SerialManager - Configuring port with Setting 1

2026-04-27,16:39:30:DEBUG MainThread:774 - SerialManager - Configuring port with Setting 1

2026-04-27,16:39:33:DEBUG MainThread:1193 - MainController - REST SERVER halted.

2026-04-27,16:48:35:DEBUG MainThread:715 - SerialManager - Connected to port /dev/ttyUSB0

2026-04-27,16:48:36:DEBUG MainThread:774 - SerialManager - Configuring port with Setting 0

2026-04-27,16:48:37:DEBUG MainThread:564 - NodeDatabase - Sync: 10 existing entries in node_database table...

2026-04-27 16:48:37,163  INFO  MainThread:3987 -
[START] PYGATEWAY LISTENER @ 27-04-2026 16:48:37

2026-04-27,16:48:37:DEBUG MainController:1174 - Running REST SERVER at port 9090.

2026-04-27,16:48:43:DEBUG MainPolling:1899 - Database - Nodes out of update: []

2026-04-27,16:48:43:DEBUG MainPolling:1902 - Database - Nodes currently ON: []

2026-04-27,16:48:43:DEBUG MainPolling:1741 - MainPolling- Poll: 0 existing nodes in node_database table...

2026-04-27,16:48:43:DEBUG MainPolling:2225 - Network free time: 1399.978

2026-04-27,17:00:20:DEBUG MainThread:715 - SerialManager - Connected to port /dev/ttyUSB0

2026-04-27,17:00:21:DEBUG MainThread:774 - SerialManager - Configuring port with Setting 0

2026-04-27,17:00:21:DEBUG MainThread:564 - NodeDatabase - Sync: 10 existing entries in node_database table...

2026-04-27 17:00:21,512  INFO  MainThread:3987 -
[START] PYGATEWAY LISTENER @ 27-04-2026 17:00:21

2026-04-27,17:00:21:DEBUG MainController:1174 - Running REST SERVER at port 9090.

2026-04-27,17:00:27:DEBUG MainPolling:1899 - Database - Nodes out of update: []

2026-04-27,17:00:27:DEBUG MainPolling:1902 - Database - Nodes currently ON: []

2026-04-27,17:00:27:DEBUG MainPolling:1741 - MainPolling- Poll: 0 existing nodes in node_database table...

2026-04-27,17:00:27:DEBUG MainPolling:2225 - Network free time: 1399.978

2026-04-27 17:19:54,249  WARNING  MainThread:3912 -
Polling thread disabled.

2026-04-27 17:19:54,252  WARNING  MainThread:3924 -
Reset thread disabled.

2026-04-27,17:19:54:DEBUG MainThread:1193 - MainController - REST SERVER halted.

2026-04-27 17:19:54,259  WARNING  MainThread:3944 -
REST server thread disabled.

2026-04-27 17:19:54,260  WARNING  MainThread:3956 -
HTTP-URL thread disabled.

2026-04-27 17:19:54,260  INFO  MainThread:3987 -
[START] PYGATEWAY LISTENER @ 27-04-2026 17:19:54

2026-04-27 17:20:00,002  ERROR  MainThread:4164 -
Attempting to use a port that is not open

2026-04-27,17:20:00:DEBUG MainThread:4243 - All serial ports cannot be opened: reconnecting...

2026-04-27 17:21:00,005  ERROR  MainThread:4164 -
Attempting to use a port that is not open

2026-04-27,17:21:00:DEBUG MainThread:4243 - All serial ports cannot be opened: reconnecting...

2026-04-27 17:22:00,008  ERROR  MainThread:4164 -
Attempting to use a port that is not open

2026-04-27,17:22:00:DEBUG MainThread:4243 - All serial ports cannot be opened: reconnecting...

2026-04-27 17:23:00,000  ERROR  MainThread:4164 -
Attempting to use a port that is not open

2026-04-27,17:23:00:DEBUG MainThread:4243 - All serial ports cannot be opened: reconnecting...

2026-04-27 17:24:00,008  ERROR  MainThread:4164 -
Attempting to use a port that is not open

2026-04-27,17:24:00:DEBUG MainThread:4243 - All serial ports cannot be opened: reconnecting...

2026-04-27 17:25:00,000  ERROR  MainThread:4164 -
Attempting to use a port that is not open

2026-04-27,17:25:00:DEBUG MainThread:4243 - All serial ports cannot be opened: reconnecting...

2026-04-27 17:26:00,002  ERROR  MainThread:4164 -
Attempting to use a port that is not open

2026-04-27,17:26:00:DEBUG MainThread:4243 - All serial ports cannot be opened: reconnecting...

2026-04-27 17:27:00,005  ERROR  MainThread:4164 -
Attempting to use a port that is not open

2026-04-27,17:27:00:DEBUG MainThread:4243 - All serial ports cannot be opened: reconnecting...

2026-04-27 17:28:00,001  ERROR  MainThread:4164 -
Attempting to use a port that is not open

2026-04-27,17:28:00:DEBUG MainThread:4243 - All serial ports cannot be opened: reconnecting...

2026-04-27 17:29:00,002  ERROR  MainThread:4164 -
Attempting to use a port that is not open

2026-04-27,17:29:00:DEBUG MainThread:4243 - All serial ports cannot be opened: reconnecting...

2026-04-27 17:30:00,008  ERROR  MainThread:4164 -
Attempting to use a port that is not open

2026-04-27,17:30:00:DEBUG MainThread:4243 - All serial ports cannot be opened: reconnecting...

2026-04-27 17:31:00,004  ERROR  MainThread:4164 -
Attempting to use a port that is not open

2026-04-27,17:31:00:DEBUG MainThread:4243 - All serial ports cannot be opened: reconnecting...

2026-04-27 17:32:00,003  ERROR  MainThread:4164 -
Attempting to use a port that is not open

2026-04-27,17:32:00:DEBUG MainThread:4243 - All serial ports cannot be opened: reconnecting...

2026-04-27 17:33:00,004  ERROR  MainThread:4164 -
Attempting to use a port that is not open

2026-04-27,17:33:00:DEBUG MainThread:4243 - All serial ports cannot be opened: reconnecting...

2026-04-27 17:33:21,174  WARNING  MainThread:3912 -
Polling thread disabled.

2026-04-27 17:33:21,181  WARNING  MainThread:3924 -
Reset thread disabled.

2026-04-27,17:33:21:DEBUG MainThread:1193 - MainController - REST SERVER halted.

2026-04-27 17:33:21,189  WARNING  MainThread:3944 -
REST server thread disabled.

2026-04-27 17:33:21,190  WARNING  MainThread:3956 -
HTTP-URL thread disabled.

2026-04-27 17:33:21,191  INFO  MainThread:3987 -
[START] PYGATEWAY LISTENER @ 27-04-2026 17:33:21

2026-04-27 17:34:00,002  ERROR  MainThread:4164 -
Attempting to use a port that is not open

2026-04-27,17:34:00:DEBUG MainThread:4243 - All serial ports cannot be opened: reconnecting...

2026-04-27 17:35:00,003  ERROR  MainThread:4164 -
Attempting to use a port that is not open

2026-04-27,17:35:00:DEBUG MainThread:4243 - All serial ports cannot be opened: reconnecting...

2026-04-27 17:36:00,005  ERROR  MainThread:4164 -
Attempting to use a port that is not open

2026-04-27,17:36:00:DEBUG MainThread:4243 - All serial ports cannot be opened: reconnecting...

2026-04-27 17:37:00,008  ERROR  MainThread:4164 -
Attempting to use a port that is not open

2026-04-27,17:37:00:DEBUG MainThread:4243 - All serial ports cannot be opened: reconnecting...

2026-04-27 17:38:00,003  ERROR  MainThread:4164 -
Attempting to use a port that is not open

2026-04-27,17:38:00:DEBUG MainThread:4243 - All serial ports cannot be opened: reconnecting...

2026-04-27 17:39:00,003  ERROR  MainThread:4164 -
Attempting to use a port that is not open

2026-04-27,17:39:00:DEBUG MainThread:4243 - All serial ports cannot be opened: reconnecting...

2026-04-27 17:40:00,004  ERROR  MainThread:4164 -
Attempting to use a port that is not open

2026-04-27,17:40:00:DEBUG MainThread:4243 - All serial ports cannot be opened: reconnecting...

2026-04-27 17:41:00,006  ERROR  MainThread:4164 -
Attempting to use a port that is not open

2026-04-27,17:41:00:DEBUG MainThread:4243 - All serial ports cannot be opened: reconnecting...

2026-04-27 17:42:00,000  ERROR  MainThread:4164 -
Attempting to use a port that is not open

2026-04-27,17:42:00:DEBUG MainThread:4243 - All serial ports cannot be opened: reconnecting...

2026-04-27 17:43:00,000  ERROR  MainThread:4164 -
Attempting to use a port that is not open

2026-04-27,17:43:00:DEBUG MainThread:4243 - All serial ports cannot be opened: reconnecting...

2026-04-27 17:44:00,006  ERROR  MainThread:4164 -
Attempting to use a port that is not open

2026-04-27,17:44:00:DEBUG MainThread:4243 - All serial ports cannot be opened: reconnecting...

2026-04-27 17:45:00,008  ERROR  MainThread:4164 -
Attempting to use a port that is not open

2026-04-27,17:45:00:DEBUG MainThread:4243 - All serial ports cannot be opened: reconnecting...

2026-04-27 17:46:00,000  ERROR  MainThread:4164 -
Attempting to use a port that is not open

2026-04-27,17:46:00:DEBUG MainThread:4243 - All serial ports cannot be opened: reconnecting...

2026-04-27 17:47:00,006  ERROR  MainThread:4164 -
Attempting to use a port that is not open

2026-04-27,17:47:00:DEBUG MainThread:4243 - All serial ports cannot be opened: reconnecting...

2026-04-27 17:48:00,001  ERROR  MainThread:4164 -
Attempting to use a port that is not open

2026-04-27,17:48:00:DEBUG MainThread:4243 - All serial ports cannot be opened: reconnecting...

2026-04-27 17:49:00,001  ERROR  MainThread:4164 -
Attempting to use a port that is not open

2026-04-27,17:49:00:DEBUG MainThread:4243 - All serial ports cannot be opened: reconnecting...

2026-04-27 17:50:00,000  ERROR  MainThread:4164 -
Attempting to use a port that is not open

2026-04-27,17:50:00:DEBUG MainThread:4243 - All serial ports cannot be opened: reconnecting...

2026-04-27 17:51:00,003  ERROR  MainThread:4164 -
Attempting to use a port that is not open

2026-04-27,17:51:00:DEBUG MainThread:4243 - All serial ports cannot be opened: reconnecting...

2026-04-27 17:52:00,006  ERROR  MainThread:4164 -
Attempting to use a port that is not open

2026-04-27,17:52:00:DEBUG MainThread:4243 - All serial ports cannot be opened: reconnecting...

2026-04-27 17:53:00,007  ERROR  MainThread:4164 -
Attempting to use a port that is not open

2026-04-27,17:53:00:DEBUG MainThread:4243 - All serial ports cannot be opened: reconnecting...

2026-04-27 17:54:00,007  ERROR  MainThread:4164 -
Attempting to use a port that is not open

2026-04-27,17:54:00:DEBUG MainThread:4243 - All serial ports cannot be opened: reconnecting...

2026-04-27 17:55:00,001  ERROR  MainThread:4164 -
Attempting to use a port that is not open

2026-04-27,17:55:00:DEBUG MainThread:4243 - All serial ports cannot be opened: reconnecting...

2026-04-27 17:56:00,001  ERROR  MainThread:4164 -
Attempting to use a port that is not open

2026-04-27,17:56:00:DEBUG MainThread:4243 - All serial ports cannot be opened: reconnecting...

2026-04-27 17:57:00,004  ERROR  MainThread:4164 -
Attempting to use a port that is not open

2026-04-27,17:57:00:DEBUG MainThread:4243 - All serial ports cannot be opened: reconnecting...

2026-04-27 17:58:00,004  ERROR  MainThread:4164 -
Attempting to use a port that is not open

2026-04-27,17:58:00:DEBUG MainThread:4243 - All serial ports cannot be opened: reconnecting...

2026-04-27 17:59:00,001  ERROR  MainThread:4164 -
Attempting to use a port that is not open

2026-04-27,17:59:00:DEBUG MainThread:4243 - All serial ports cannot be opened: reconnecting...

2026-04-27 18:00:00,004  ERROR  MainThread:4164 -
Attempting to use a port that is not open

2026-04-27,18:00:00:DEBUG MainThread:4243 - All serial ports cannot be opened: reconnecting...

2026-04-27 18:01:00,008  ERROR  MainThread:4164 -
Attempting to use a port that is not open

2026-04-27,18:01:00:DEBUG MainThread:4243 - All serial ports cannot be opened: reconnecting...

2026-04-27 18:02:00,007  ERROR  MainThread:4164 -
Attempting to use a port that is not open

2026-04-27,18:02:00:DEBUG MainThread:4243 - All serial ports cannot be opened: reconnecting...

2026-04-27 18:03:00,006  ERROR  MainThread:4164 -
Attempting to use a port that is not open

2026-04-27,18:03:00:DEBUG MainThread:4243 - All serial ports cannot be opened: reconnecting...

2026-04-27 18:04:00,001  ERROR  MainThread:4164 -
Attempting to use a port that is not open

2026-04-27,18:04:00:DEBUG MainThread:4243 - All serial ports cannot be opened: reconnecting...

2026-04-27 18:05:00,007  ERROR  MainThread:4164 -
Attempting to use a port that is not open

2026-04-27,18:05:00:DEBUG MainThread:4243 - All serial ports cannot be opened: reconnecting...

2026-04-27 18:06:00,003  ERROR  MainThread:4164 -
Attempting to use a port that is not open

2026-04-27,18:06:00:DEBUG MainThread:4243 - All serial ports cannot be opened: reconnecting...

2026-04-27 18:07:00,001  ERROR  MainThread:4164 -
Attempting to use a port that is not open

2026-04-27,18:07:00:DEBUG MainThread:4243 - All serial ports cannot be opened: reconnecting...

2026-04-27 18:08:00,004  ERROR  MainThread:4164 -
Attempting to use a port that is not open

2026-04-27,18:08:00:DEBUG MainThread:4243 - All serial ports cannot be opened: reconnecting...

2026-04-27 18:09:00,002  ERROR  MainThread:4164 -
Attempting to use a port that is not open

2026-04-27,18:09:00:DEBUG MainThread:4243 - All serial ports cannot be opened: reconnecting...

2026-04-27 18:10:00,006  ERROR  MainThread:4164 -
Attempting to use a port that is not open

2026-04-27,18:10:00:DEBUG MainThread:4243 - All serial ports cannot be opened: reconnecting...

2026-04-27 18:11:00,008  ERROR  MainThread:4164 -
Attempting to use a port that is not open

2026-04-27,18:11:00:DEBUG MainThread:4243 - All serial ports cannot be opened: reconnecting...

2026-04-27 18:12:00,003  ERROR  MainThread:4164 -
Attempting to use a port that is not open

2026-04-27,18:12:00:DEBUG MainThread:4243 - All serial ports cannot be opened: reconnecting...

2026-04-27 18:13:00,003  ERROR  MainThread:4164 -
Attempting to use a port that is not open

2026-04-27,18:13:00:DEBUG MainThread:4243 - All serial ports cannot be opened: reconnecting...

2026-04-27 18:14:00,006  ERROR  MainThread:4164 -
Attempting to use a port that is not open

2026-04-27,18:14:00:DEBUG MainThread:4243 - All serial ports cannot be opened: reconnecting...

2026-04-27 18:15:00,001  ERROR  MainThread:4164 -
Attempting to use a port that is not open

2026-04-27,18:15:00:DEBUG MainThread:4243 - All serial ports cannot be opened: reconnecting...

2026-04-27 18:16:00,004  ERROR  MainThread:4164 -
Attempting to use a port that is not open

2026-04-27,18:16:00:DEBUG MainThread:4243 - All serial ports cannot be opened: reconnecting...

2026-04-27 18:16:49,987  WARNING  MainThread:3912 -
Polling thread disabled.

2026-04-27 18:16:49,990  WARNING  MainThread:3924 -
Reset thread disabled.

2026-04-27,18:16:50:DEBUG MainThread:1193 - MainController - REST SERVER halted.

2026-04-27 18:16:50,001  WARNING  MainThread:3944 -
REST server thread disabled.

2026-04-27 18:16:50,002  WARNING  MainThread:3956 -
HTTP-URL thread disabled.

2026-04-27 18:16:50,002  INFO  MainThread:3987 -
[START] PYGATEWAY LISTENER @ 27-04-2026 18:16:50

2026-04-27 18:17:00,004  ERROR  MainThread:4164 -
Attempting to use a port that is not open

2026-04-27,18:17:00:DEBUG MainThread:4243 - All serial ports cannot be opened: reconnecting...

2026-04-27 18:18:00,006  ERROR  MainThread:4164 -
Attempting to use a port that is not open

2026-04-27,18:18:00:DEBUG MainThread:4243 - All serial ports cannot be opened: reconnecting...

2026-04-27 18:19:00,000  ERROR  MainThread:4164 -
Attempting to use a port that is not open

2026-04-27,18:19:00:DEBUG MainThread:4243 - All serial ports cannot be opened: reconnecting...

2026-04-27 18:20:00,008  ERROR  MainThread:4164 -
Attempting to use a port that is not open

2026-04-27,18:20:00:DEBUG MainThread:4243 - All serial ports cannot be opened: reconnecting...

2026-04-27 18:21:00,000  ERROR  MainThread:4164 -
Attempting to use a port that is not open

2026-04-27,18:21:00:DEBUG MainThread:4243 - All serial ports cannot be opened: reconnecting...

2026-04-27 18:21:16,512  WARNING  MainThread:3912 -
Polling thread disabled.

2026-04-27 18:21:16,524  WARNING  MainThread:3924 -
Reset thread disabled.

2026-04-27,18:21:16:DEBUG MainThread:1193 - MainController - REST SERVER halted.

2026-04-27 18:21:16,531  WARNING  MainThread:3944 -
REST server thread disabled.

2026-04-27 18:21:16,531  WARNING  MainThread:3956 -
HTTP-URL thread disabled.

2026-04-27 18:21:16,532  INFO  MainThread:3987 -
[START] PYGATEWAY LISTENER @ 27-04-2026 18:21:16

2026-04-27 18:22:00,006  ERROR  MainThread:4164 -
Attempting to use a port that is not open

2026-04-27,18:22:00:DEBUG MainThread:4243 - All serial ports cannot be opened: reconnecting...

2026-04-27 18:23:00,007  ERROR  MainThread:4164 -
Attempting to use a port that is not open

2026-04-27,18:23:00:DEBUG MainThread:4243 - All serial ports cannot be opened: reconnecting...

2026-04-27 18:24:00,007  ERROR  MainThread:4164 -
Attempting to use a port that is not open

2026-04-27,18:24:00:DEBUG MainThread:4243 - All serial ports cannot be opened: reconnecting...

2026-04-27 18:25:00,006  ERROR  MainThread:4164 -
Attempting to use a port that is not open

2026-04-27,18:25:00:DEBUG MainThread:4243 - All serial ports cannot be opened: reconnecting...

2026-04-27 18:26:00,005  ERROR  MainThread:4164 -
Attempting to use a port that is not open

2026-04-27,18:26:00:DEBUG MainThread:4243 - All serial ports cannot be opened: reconnecting...

2026-04-27 18:27:00,005  ERROR  MainThread:4164 -
Attempting to use a port that is not open

2026-04-27,18:27:00:DEBUG MainThread:4243 - All serial ports cannot be opened: reconnecting...

2026-04-27 18:28:00,010  ERROR  MainThread:4164 -
Attempting to use a port that is not open

2026-04-27,18:28:00:DEBUG MainThread:4243 - All serial ports cannot be opened: reconnecting...

2026-04-27 18:29:00,000  ERROR  MainThread:4164 -
Attempting to use a port that is not open

2026-04-27,18:29:00:DEBUG MainThread:4243 - All serial ports cannot be opened: reconnecting...

2026-04-27 18:30:00,001  ERROR  MainThread:4164 -
Attempting to use a port that is not open

2026-04-27,18:30:00:DEBUG MainThread:4243 - All serial ports cannot be opened: reconnecting...

2026-04-27 18:31:00,002  ERROR  MainThread:4164 -
Attempting to use a port that is not open

2026-04-27,18:31:00:DEBUG MainThread:4243 - All serial ports cannot be opened: reconnecting...

2026-04-27 18:32:00,003  ERROR  MainThread:4164 -
Attempting to use a port that is not open

2026-04-27,18:32:00:DEBUG MainThread:4243 - All serial ports cannot be opened: reconnecting...

2026-04-27 18:33:00,002  ERROR  MainThread:4164 -
Attempting to use a port that is not open

2026-04-27,18:33:00:DEBUG MainThread:4243 - All serial ports cannot be opened: reconnecting...

2026-04-27 18:34:00,006  ERROR  MainThread:4164 -
Attempting to use a port that is not open

2026-04-27,18:34:00:DEBUG MainThread:4243 - All serial ports cannot be opened: reconnecting...

2026-04-27 18:35:00,005  ERROR  MainThread:4164 -
Attempting to use a port that is not open

2026-04-27,18:35:00:DEBUG MainThread:4243 - All serial ports cannot be opened: reconnecting...

2026-04-27 18:36:00,000  ERROR  MainThread:4164 -
Attempting to use a port that is not open

2026-04-27,18:36:00:DEBUG MainThread:4243 - All serial ports cannot be opened: reconnecting...

2026-04-27 18:37:00,005  ERROR  MainThread:4164 -
Attempting to use a port that is not open

2026-04-27,18:37:00:DEBUG MainThread:4243 - All serial ports cannot be opened: reconnecting...

2026-04-27 18:38:00,008  ERROR  MainThread:4164 -
Attempting to use a port that is not open

2026-04-27,18:38:00:DEBUG MainThread:4243 - All serial ports cannot be opened: reconnecting...

2026-04-27 18:39:00,005  ERROR  MainThread:4164 -
Attempting to use a port that is not open

2026-04-27,18:39:00:DEBUG MainThread:4243 - All serial ports cannot be opened: reconnecting...

2026-04-27 18:40:00,008  ERROR  MainThread:4164 -
Attempting to use a port that is not open

2026-04-27,18:40:00:DEBUG MainThread:4243 - All serial ports cannot be opened: reconnecting...

2026-04-27 18:41:00,008  ERROR  MainThread:4164 -
Attempting to use a port that is not open

2026-04-27,18:41:00:DEBUG MainThread:4243 - All serial ports cannot be opened: reconnecting...

2026-04-27 18:42:00,007  ERROR  MainThread:4164 -
Attempting to use a port that is not open

2026-04-27,18:42:00:DEBUG MainThread:4243 - All serial ports cannot be opened: reconnecting...

2026-04-27 18:43:16,209  WARNING  MainThread:3912 -
Polling thread disabled.

2026-04-27 18:43:16,213  WARNING  MainThread:3924 -
Reset thread disabled.

2026-04-27,18:43:16:DEBUG MainThread:1193 - MainController - REST SERVER halted.

2026-04-27 18:43:16,220  WARNING  MainThread:3944 -
REST server thread disabled.

2026-04-27 18:43:16,221  WARNING  MainThread:3956 -
HTTP-URL thread disabled.

2026-04-27 18:43:16,222  INFO  MainThread:3987 -
[START] PYGATEWAY LISTENER @ 27-04-2026 18:43:16

2026-04-27 18:44:00,005  ERROR  MainThread:4164 -
Attempting to use a port that is not open

2026-04-27,18:44:00:DEBUG MainThread:4243 - All serial ports cannot be opened: reconnecting...

2026-04-27 18:45:00,004  ERROR  MainThread:4164 -
Attempting to use a port that is not open

2026-04-27,18:45:00:DEBUG MainThread:4243 - All serial ports cannot be opened: reconnecting...

2026-04-27 18:46:00,004  ERROR  MainThread:4164 -
Attempting to use a port that is not open

2026-04-27,18:46:00:DEBUG MainThread:4243 - All serial ports cannot be opened: reconnecting...

2026-04-27 18:47:00,005  ERROR  MainThread:4164 -
Attempting to use a port that is not open

2026-04-27,18:47:00:DEBUG MainThread:4243 - All serial ports cannot be opened: reconnecting...

2026-08-19,08:41:21:DEBUG MainThread:4270 - All threading processes stopped.

2026-08-19 09:01:21,246  WARNING  MainThread:3912 -
Polling thread disabled.

2026-08-19 09:01:21,248  WARNING  MainThread:3924 -
Reset thread disabled.

2026-08-19,09:01:21:DEBUG MainThread:1193 - MainController - REST SERVER halted.

2026-08-19 09:01:21,254  WARNING  MainThread:3944 -
REST server thread disabled.

2026-08-19 09:01:21,255  WARNING  MainThread:3956 -
HTTP-URL thread disabled.

2026-08-19 09:01:21,256  INFO  MainThread:3987 -
[START] PYGATEWAY LISTENER @ 19-08-2026 09:01:21

2026-08-19 09:55:00,002  ERROR  MainThread:4164 -
Attempting to use a port that is not open

2026-08-19,09:55:00:DEBUG MainThread:4243 - All serial ports cannot be opened: reconnecting...

2026-08-19 09:56:00,001  ERROR  MainThread:4164 -
Attempting to use a port that is not open

2026-08-19,09:56:00:DEBUG MainThread:4243 - All serial ports cannot be opened: reconnecting...

2026-08-19 09:57:00,007  ERROR  MainThread:4164 -
Attempting to use a port that is not open

2026-08-19,09:57:00:DEBUG MainThread:4243 - All serial ports cannot be opened: reconnecting...

2026-08-19 09:58:00,002  ERROR  MainThread:4164 -
Attempting to use a port that is not open

2026-08-19,09:58:00:DEBUG MainThread:4243 - All serial ports cannot be opened: reconnecting...

2026-08-19 09:59:00,008  ERROR  MainThread:4164 -
Attempting to use a port that is not open

2026-08-19,09:59:00:DEBUG MainThread:4243 - All serial ports cannot be opened: reconnecting...

2026-08-19 10:00:00,005  ERROR  MainThread:4164 -
Attempting to use a port that is not open

2026-08-19,10:00:00:DEBUG MainThread:4243 - All serial ports cannot be opened: reconnecting...

2026-08-19 10:01:00,007  ERROR  MainThread:4164 -
Attempting to use a port that is not open

2026-08-19,10:01:00:DEBUG MainThread:4243 - All serial ports cannot be opened: reconnecting...

2026-08-19,10:01:22:DEBUG MainThread:4270 - All threading processes stopped.

2026-08-21 15:15:13,140  WARNING  MainThread:213 -
Polling thread disabled.

2026-08-21 15:15:13,141  WARNING  MainThread:225 -
Reset thread disabled.

2026-08-21,15:15:13:DEBUG MainThread:363 - MainController - REST SERVER halted.

2026-08-21 15:15:13,142  WARNING  MainThread:245 -
REST server thread disabled.

2026-08-21 15:15:13,142  WARNING  MainThread:257 -
HTTP-URL thread disabled.

2026-08-21 15:15:13,142  INFO  MainThread:288 -
[START] PYGATEWAY LISTENER @ 21-08-2026 15:15:13

2026-08-21 15:16:00,001  ERROR  MainThread:465 -
Attempting to use a port that is not open

2026-08-21,15:16:00:DEBUG MainThread:544 - All serial ports cannot be opened: reconnecting...

2026-08-21 15:17:00,003  ERROR  MainThread:465 -
Attempting to use a port that is not open

2026-08-21,15:17:00:DEBUG MainThread:544 - All serial ports cannot be opened: reconnecting...

2026-08-21 15:18:00,001  ERROR  MainThread:465 -
Attempting to use a port that is not open

2026-08-21,15:18:00:DEBUG MainThread:544 - All serial ports cannot be opened: reconnecting...

2026-08-21 15:19:00,000  ERROR  MainThread:465 -
Attempting to use a port that is not open

2026-08-21,15:19:00:DEBUG MainThread:544 - All serial ports cannot be opened: reconnecting...

2026-08-21,15:19:43:DEBUG MainThread:571 - All threading processes stopped.

2026-08-24 06:18:04,256  WARNING  MainThread:213 -
Polling thread disabled.

2026-08-24 06:18:04,260  WARNING  MainThread:225 -
Reset thread disabled.

2026-08-24,06:18:04:DEBUG MainThread:363 - MainController - REST SERVER halted.

2026-08-24 06:18:04,273  WARNING  MainThread:245 -
REST server thread disabled.

2026-08-24 06:18:04,274  WARNING  MainThread:257 -
HTTP-URL thread disabled.

2026-08-24 06:18:04,275  INFO  MainThread:288 -
[START] PYGATEWAY LISTENER @ 24-08-2026 06:18:04

2026-08-24,06:18:04:DEBUG MainThread:394 - [ACTIVE] HTTP link quality: 0/0 messages.

2026-08-24,06:18:04:DEBUG MainThread:394 - [ACTIVE] HTTP link quality: 0/0 messages.

2026-08-24,06:18:04:DEBUG MainThread:394 - [ACTIVE] HTTP link quality: 0/0 messages.

2026-08-24,06:18:04:DEBUG MainThread:394 - [ACTIVE] HTTP link quality: 0/0 messages.

2026-08-24,06:18:04:DEBUG MainThread:394 - [ACTIVE] HTTP link quality: 0/0 messages.

2026-08-24,06:18:04:DEBUG MainThread:394 - [ACTIVE] HTTP link quality: 0/0 messages.

2026-08-24,06:18:04:DEBUG MainThread:394 - [ACTIVE] HTTP link quality: 0/0 messages.

2026-08-24,06:18:04:DEBUG MainThread:394 - [ACTIVE] HTTP link quality: 0/0 messages.

2026-08-24,06:18:04:DEBUG MainThread:394 - [ACTIVE] HTTP link quality: 0/0 messages.

2026-08-24,06:18:04:DEBUG MainThread:394 - [ACTIVE] HTTP link quality: 0/0 messages.

2026-08-24,06:18:04:DEBUG MainThread:394 - [ACTIVE] HTTP link quality: 0/0 messages.

2026-08-24 06:19:00,010  ERROR  MainThread:465 -
Attempting to use a port that is not open

2026-08-24,06:19:00:DEBUG MainThread:544 - All serial ports cannot be opened: reconnecting...

2026-08-24,06:19:37:DEBUG MainThread:571 - All threading processes stopped.

2026-08-24,07:02:39:DEBUG MainThread:31 - SerialManager - Connected to port /dev/ttyUSB0

2026-08-24 07:02:45,301  WARNING  MainThread:213 -
Polling thread disabled.

2026-08-24 07:02:45,302  WARNING  MainThread:225 -
Reset thread disabled.

2026-08-24,07:02:45:DEBUG MainThread:363 - MainController - REST SERVER halted.

2026-08-24 07:02:45,315  WARNING  MainThread:245 -
REST server thread disabled.

2026-08-24 07:02:45,316  WARNING  MainThread:257 -
HTTP-URL thread disabled.

2026-08-24 07:02:45,317  INFO  MainThread:288 -
[START] PYGATEWAY LISTENER @ 24-08-2026 07:02:45

2026-08-24,07:02:45:DEBUG MainThread:31 - SerialManager - Connected to port /dev/ttyUSB0

2026-08-24,07:02:51:DEBUG MainThread:31 - SerialManager - Connected to port /dev/ttyUSB0

2026-08-24,07:02:57:DEBUG MainThread:31 - SerialManager - Connected to port /dev/ttyUSB0

2026-08-24,07:03:03:DEBUG MainThread:31 - SerialManager - Connected to port /dev/ttyUSB0

2026-08-24,07:03:09:DEBUG MainThread:31 - SerialManager - Connected to port /dev/ttyUSB0

2026-08-24,07:03:15:DEBUG MainThread:31 - SerialManager - Connected to port /dev/ttyUSB0

2026-08-24,07:03:21:DEBUG MainThread:31 - SerialManager - Connected to port /dev/ttyUSB0

2026-08-24,07:03:27:DEBUG MainThread:31 - SerialManager - Connected to port /dev/ttyUSB0

2026-08-24,07:03:33:DEBUG MainThread:31 - SerialManager - Connected to port /dev/ttyUSB0

2026-08-24,07:03:39:DEBUG MainThread:31 - SerialManager - Connected to port /dev/ttyUSB0

2026-08-24,07:03:45:DEBUG MainThread:31 - SerialManager - Connected to port /dev/ttyUSB0

2026-08-24,07:03:51:DEBUG MainThread:31 - SerialManager - Connected to port /dev/ttyUSB0

2026-08-24,07:03:57:DEBUG MainThread:31 - SerialManager - Connected to port /dev/ttyUSB0

2026-08-24,07:04:03:DEBUG MainThread:31 - SerialManager - Connected to port /dev/ttyUSB0

2026-08-24,07:04:10:DEBUG MainThread:31 - SerialManager - Connected to port /dev/ttyUSB0

2026-08-24,07:04:16:DEBUG MainThread:31 - SerialManager - Connected to port /dev/ttyUSB0

2026-08-24,07:04:22:DEBUG MainThread:31 - SerialManager - Connected to port /dev/ttyUSB0

2026-08-24,07:04:28:DEBUG MainThread:31 - SerialManager - Connected to port /dev/ttyUSB0

2026-08-24,07:04:34:DEBUG MainThread:31 - SerialManager - Connected to port /dev/ttyUSB0

2026-08-24,07:04:40:DEBUG MainThread:31 - SerialManager - Connected to port /dev/ttyUSB0

2026-08-24,07:04:46:DEBUG MainThread:31 - SerialManager - Connected to port /dev/ttyUSB0

2026-08-24,07:04:52:DEBUG MainThread:31 - SerialManager - Connected to port /dev/ttyUSB0

2026-08-24,07:04:58:DEBUG MainThread:31 - SerialManager - Connected to port /dev/ttyUSB0

2026-08-24,07:05:04:DEBUG MainThread:31 - SerialManager - Connected to port /dev/ttyUSB0

2026-08-24,07:05:10:DEBUG MainThread:31 - SerialManager - Connected to port /dev/ttyUSB0

2026-08-24,07:05:16:DEBUG MainThread:31 - SerialManager - Connected to port /dev/ttyUSB0

2026-08-24,07:05:22:DEBUG MainThread:31 - SerialManager - Connected to port /dev/ttyUSB0

2026-08-24,07:05:28:DEBUG MainThread:31 - SerialManager - Connected to port /dev/ttyUSB0

2026-08-24,07:05:34:DEBUG MainThread:31 - SerialManager - Connected to port /dev/ttyUSB0

2026-08-24,07:05:40:DEBUG MainThread:31 - SerialManager - Connected to port /dev/ttyUSB0

2026-08-24,07:05:46:DEBUG MainThread:31 - SerialManager - Connected to port /dev/ttyUSB0

2026-08-24,07:05:52:DEBUG MainThread:31 - SerialManager - Connected to port /dev/ttyUSB0

2026-08-24,07:05:58:DEBUG MainThread:31 - SerialManager - Connected to port /dev/ttyUSB0

2026-08-24,07:06:04:DEBUG MainThread:31 - SerialManager - Connected to port /dev/ttyUSB0

2026-08-24,07:06:10:DEBUG MainThread:31 - SerialManager - Connected to port /dev/ttyUSB0

2026-08-24,07:06:17:DEBUG MainThread:31 - SerialManager - Connected to port /dev/ttyUSB0

2026-08-24,07:06:23:DEBUG MainThread:31 - SerialManager - Connected to port /dev/ttyUSB0

2026-08-24,07:06:29:DEBUG MainThread:31 - SerialManager - Connected to port /dev/ttyUSB0

2026-08-24,07:06:35:DEBUG MainThread:31 - SerialManager - Connected to port /dev/ttyUSB0

2026-08-24,07:06:41:DEBUG MainThread:31 - SerialManager - Connected to port /dev/ttyUSB0

2026-08-24,07:06:47:DEBUG MainThread:31 - SerialManager - Connected to port /dev/ttyUSB0

2026-08-24,07:06:53:DEBUG MainThread:31 - SerialManager - Connected to port /dev/ttyUSB0

2026-08-24,07:06:59:DEBUG MainThread:31 - SerialManager - Connected to port /dev/ttyUSB0

2026-08-24,07:07:05:DEBUG MainThread:31 - SerialManager - Connected to port /dev/ttyUSB0

2026-08-24,07:07:11:DEBUG MainThread:31 - SerialManager - Connected to port /dev/ttyUSB0

2026-08-24,07:07:17:DEBUG MainThread:31 - SerialManager - Connected to port /dev/ttyUSB0

2026-08-24,07:07:23:DEBUG MainThread:31 - SerialManager - Connected to port /dev/ttyUSB0

2026-08-24,07:07:29:DEBUG MainThread:31 - SerialManager - Connected to port /dev/ttyUSB0

2026-08-24,07:07:35:DEBUG MainThread:31 - SerialManager - Connected to port /dev/ttyUSB0

2026-08-24,07:07:41:DEBUG MainThread:31 - SerialManager - Connected to port /dev/ttyUSB0

2026-08-24,07:07:47:DEBUG MainThread:31 - SerialManager - Connected to port /dev/ttyUSB0

2026-08-24,07:07:53:DEBUG MainThread:31 - SerialManager - Connected to port /dev/ttyUSB0

2026-08-24,07:07:59:DEBUG MainThread:31 - SerialManager - Connected to port /dev/ttyUSB0

2026-08-24,07:08:05:DEBUG MainThread:31 - SerialManager - Connected to port /dev/ttyUSB0

2026-08-24,07:08:11:DEBUG MainThread:31 - SerialManager - Connected to port /dev/ttyUSB0

2026-08-24,07:08:17:DEBUG MainThread:31 - SerialManager - Connected to port /dev/ttyUSB0

2026-08-24,07:08:24:DEBUG MainThread:31 - SerialManager - Connected to port /dev/ttyUSB0

2026-08-24,07:08:30:DEBUG MainThread:31 - SerialManager - Connected to port /dev/ttyUSB0

2026-08-24,07:08:36:DEBUG MainThread:31 - SerialManager - Connected to port /dev/ttyUSB0

2026-08-24,07:08:42:DEBUG MainThread:31 - SerialManager - Connected to port /dev/ttyUSB0

2026-08-24,07:08:48:DEBUG MainThread:31 - SerialManager - Connected to port /dev/ttyUSB0

2026-08-24,07:08:54:DEBUG MainThread:31 - SerialManager - Connected to port /dev/ttyUSB0

2026-08-24 07:09:00,247  ERROR  MainThread:465 -
Attempting to use a port that is not open

2026-08-24,07:09:00:DEBUG MainThread:31 - SerialManager - Connected to port /dev/ttyUSB0

2026-08-24,07:09:06:DEBUG MainThread:544 - All serial ports cannot be opened: reconnecting...

2026-08-24,07:09:07:DEBUG MainThread:31 - SerialManager - Connected to port /dev/ttyUSB0

2026-08-24,07:09:13:DEBUG MainThread:31 - SerialManager - Connected to port /dev/ttyUSB0

2026-08-24,07:09:19:DEBUG MainThread:31 - SerialManager - Connected to port /dev/ttyUSB0

2026-08-24,07:09:25:DEBUG MainThread:31 - SerialManager - Connected to port /dev/ttyUSB0

2026-08-24,07:09:31:DEBUG MainThread:31 - SerialManager - Connected to port /dev/ttyUSB0

2026-08-24,07:09:37:DEBUG MainThread:31 - SerialManager - Connected to port /dev/ttyUSB0

2026-08-24,07:09:43:DEBUG MainThread:31 - SerialManager - Connected to port /dev/ttyUSB0

2026-08-24,07:09:49:DEBUG MainThread:31 - SerialManager - Connected to port /dev/ttyUSB0

2026-08-24,07:09:55:DEBUG MainThread:31 - SerialManager - Connected to port /dev/ttyUSB0

2026-08-24,07:10:01:DEBUG MainThread:31 - SerialManager - Connected to port /dev/ttyUSB0

2026-08-24,07:10:07:DEBUG MainThread:31 - SerialManager - Connected to port /dev/ttyUSB0

2026-08-24,07:10:13:DEBUG MainThread:31 - SerialManager - Connected to port /dev/ttyUSB0

2026-08-24,07:10:19:DEBUG MainThread:31 - SerialManager - Connected to port /dev/ttyUSB0

2026-08-24,07:10:25:DEBUG MainThread:31 - SerialManager - Connected to port /dev/ttyUSB0

2026-08-24,07:10:32:DEBUG MainThread:31 - SerialManager - Connected to port /dev/ttyUSB0

2026-08-24,07:10:38:DEBUG MainThread:31 - SerialManager - Connected to port /dev/ttyUSB0

2026-08-24,07:10:44:DEBUG MainThread:31 - SerialManager - Connected to port /dev/ttyUSB0

2026-08-24,07:10:50:DEBUG MainThread:31 - SerialManager - Connected to port /dev/ttyUSB0

2026-08-24,07:10:56:DEBUG MainThread:31 - SerialManager - Connected to port /dev/ttyUSB0

2026-08-24,07:11:02:DEBUG MainThread:31 - SerialManager - Connected to port /dev/ttyUSB0

2026-08-24,07:11:08:DEBUG MainThread:31 - SerialManager - Connected to port /dev/ttyUSB0

2026-08-24,07:11:14:DEBUG MainThread:31 - SerialManager - Connected to port /dev/ttyUSB0

2026-08-24,07:11:20:DEBUG MainThread:31 - SerialManager - Connected to port /dev/ttyUSB0

2026-08-24,07:11:26:DEBUG MainThread:31 - SerialManager - Connected to port /dev/ttyUSB0

2026-08-24,07:11:32:DEBUG MainThread:31 - SerialManager - Connected to port /dev/ttyUSB0

2026-08-24,07:11:38:DEBUG MainThread:31 - SerialManager - Connected to port /dev/ttyUSB0

2026-08-24,07:11:44:DEBUG MainThread:31 - SerialManager - Connected to port /dev/ttyUSB0

2026-08-24,07:11:50:DEBUG MainThread:31 - SerialManager - Connected to port /dev/ttyUSB0

2026-08-24,07:11:56:DEBUG MainThread:31 - SerialManager - Connected to port /dev/ttyUSB0

2026-08-24,07:12:02:DEBUG MainThread:31 - SerialManager - Connected to port /dev/ttyUSB0

2026-08-24,07:12:08:DEBUG MainThread:31 - SerialManager - Connected to port /dev/ttyUSB0

2026-08-24,07:12:14:DEBUG MainThread:31 - SerialManager - Connected to port /dev/ttyUSB0

2026-08-24,07:12:20:DEBUG MainThread:31 - SerialManager - Connected to port /dev/ttyUSB0

2026-08-24,07:12:26:DEBUG MainThread:31 - SerialManager - Connected to port /dev/ttyUSB0

2026-08-24,07:12:33:DEBUG MainThread:31 - SerialManager - Connected to port /dev/ttyUSB0

2026-08-24,07:12:39:DEBUG MainThread:31 - SerialManager - Connected to port /dev/ttyUSB0

2026-08-24,07:12:45:DEBUG MainThread:31 - SerialManager - Connected to port /dev/ttyUSB0

2026-08-24,07:12:51:DEBUG MainThread:31 - SerialManager - Connected to port /dev/ttyUSB0

2026-08-24,07:12:57:DEBUG MainThread:31 - SerialManager - Connected to port /dev/ttyUSB0

2026-08-24,07:13:03:DEBUG MainThread:31 - SerialManager - Connected to port /dev/ttyUSB0

2026-08-24,07:13:09:DEBUG MainThread:31 - SerialManager - Connected to port /dev/ttyUSB0

2026-08-24,07:13:15:DEBUG MainThread:31 - SerialManager - Connected to port /dev/ttyUSB0

2026-08-24,07:13:21:DEBUG MainThread:31 - SerialManager - Connected to port /dev/ttyUSB0

2026-08-24,07:13:27:DEBUG MainThread:31 - SerialManager - Connected to port /dev/ttyUSB0

2026-08-24,07:13:33:DEBUG MainThread:31 - SerialManager - Connected to port /dev/ttyUSB0

2026-08-24,07:13:39:DEBUG MainThread:31 - SerialManager - Connected to port /dev/ttyUSB0

2026-08-24,07:13:45:DEBUG MainThread:31 - SerialManager - Connected to port /dev/ttyUSB0

2026-08-24,07:13:51:DEBUG MainThread:31 - SerialManager - Connected to port /dev/ttyUSB0

2026-08-24,07:13:57:DEBUG MainThread:31 - SerialManager - Connected to port /dev/ttyUSB0

2026-08-24,07:14:03:DEBUG MainThread:31 - SerialManager - Connected to port /dev/ttyUSB0

2026-08-24,07:14:09:DEBUG MainThread:31 - SerialManager - Connected to port /dev/ttyUSB0

2026-08-24,07:14:15:DEBUG MainThread:31 - SerialManager - Connected to port /dev/ttyUSB0

2026-08-24,07:14:21:DEBUG MainThread:31 - SerialManager - Connected to port /dev/ttyUSB0

2026-08-24,07:14:28:DEBUG MainThread:31 - SerialManager - Connected to port /dev/ttyUSB0

2026-08-24,07:14:34:DEBUG MainThread:31 - SerialManager - Connected to port /dev/ttyUSB0

2026-08-24,07:14:40:DEBUG MainThread:31 - SerialManager - Connected to port /dev/ttyUSB0

2026-08-24,07:14:46:DEBUG MainThread:31 - SerialManager - Connected to port /dev/ttyUSB0

2026-08-24,07:14:52:DEBUG MainThread:31 - SerialManager - Connected to port /dev/ttyUSB0

2026-08-24,07:14:58:DEBUG MainThread:31 - SerialManager - Connected to port /dev/ttyUSB0

2026-08-24,07:15:04:DEBUG MainThread:31 - SerialManager - Connected to port /dev/ttyUSB0

2026-08-24,07:15:10:DEBUG MainThread:31 - SerialManager - Connected to port /dev/ttyUSB0

2026-08-24,07:15:16:DEBUG MainThread:31 - SerialManager - Connected to port /dev/ttyUSB0

2026-08-24,07:15:22:DEBUG MainThread:31 - SerialManager - Connected to port /dev/ttyUSB0

2026-08-24,07:15:28:DEBUG MainThread:31 - SerialManager - Connected to port /dev/ttyUSB0

2026-08-24,07:15:34:DEBUG MainThread:31 - SerialManager - Connected to port /dev/ttyUSB0

2026-08-24,07:15:40:DEBUG MainThread:31 - SerialManager - Connected to port /dev/ttyUSB0

2026-08-24,07:15:46:DEBUG MainThread:31 - SerialManager - Connected to port /dev/ttyUSB0

2026-08-24,07:15:52:DEBUG MainThread:31 - SerialManager - Connected to port /dev/ttyUSB0

2026-08-24,07:15:58:DEBUG MainThread:31 - SerialManager - Connected to port /dev/ttyUSB0

2026-08-24,07:16:04:DEBUG MainThread:31 - SerialManager - Connected to port /dev/ttyUSB0

2026-08-24,07:16:10:DEBUG MainThread:31 - SerialManager - Connected to port /dev/ttyUSB0

2026-08-24,07:16:16:DEBUG MainThread:31 - SerialManager - Connected to port /dev/ttyUSB0

2026-08-24,07:16:23:DEBUG MainThread:31 - SerialManager - Connected to port /dev/ttyUSB0

2026-08-24,07:16:29:DEBUG MainThread:31 - SerialManager - Connected to port /dev/ttyUSB0

2026-08-24,07:16:35:DEBUG MainThread:31 - SerialManager - Connected to port /dev/ttyUSB0

2026-08-24,07:16:41:DEBUG MainThread:31 - SerialManager - Connected to port /dev/ttyUSB0

2026-08-24,07:16:47:DEBUG MainThread:31 - SerialManager - Connected to port /dev/ttyUSB0

2026-08-24,07:16:53:DEBUG MainThread:31 - SerialManager - Connected to port /dev/ttyUSB0

2026-08-24,07:16:59:DEBUG MainThread:31 - SerialManager - Connected to port /dev/ttyUSB0

2026-08-24,07:17:05:DEBUG MainThread:31 - SerialManager - Connected to port /dev/ttyUSB0

2026-08-24,07:17:11:DEBUG MainThread:31 - SerialManager - Connected to port /dev/ttyUSB0

2026-08-24,07:17:17:DEBUG MainThread:31 - SerialManager - Connected to port /dev/ttyUSB0

2026-08-24,07:17:23:DEBUG MainThread:31 - SerialManager - Connected to port /dev/ttyUSB0

2026-08-24,07:17:29:DEBUG MainThread:31 - SerialManager - Connected to port /dev/ttyUSB0

2026-08-24,07:17:35:DEBUG MainThread:31 - SerialManager - Connected to port /dev/ttyUSB0

2026-08-24,07:17:41:DEBUG MainThread:31 - SerialManager - Connected to port /dev/ttyUSB0

2026-08-24,07:17:47:DEBUG MainThread:31 - SerialManager - Connected to port /dev/ttyUSB0

2026-08-24,07:17:53:DEBUG MainThread:31 - SerialManager - Connected to port /dev/ttyUSB0

2026-08-24,07:17:59:DEBUG MainThread:31 - SerialManager - Connected to port /dev/ttyUSB0

2026-08-24,07:18:05:DEBUG MainThread:31 - SerialManager - Connected to port /dev/ttyUSB0

2026-08-24,07:18:12:DEBUG MainThread:31 - SerialManager - Connected to port /dev/ttyUSB0

2026-08-24,07:18:18:DEBUG MainThread:31 - SerialManager - Connected to port /dev/ttyUSB0

2026-08-24,07:18:24:DEBUG MainThread:31 - SerialManager - Connected to port /dev/ttyUSB0

2026-08-24,07:18:30:DEBUG MainThread:31 - SerialManager - Connected to port /dev/ttyUSB0

2026-08-24,07:18:36:DEBUG MainThread:31 - SerialManager - Connected to port /dev/ttyUSB0

2026-08-24,07:18:42:DEBUG MainThread:31 - SerialManager - Connected to port /dev/ttyUSB0

2026-08-24,07:18:48:DEBUG MainThread:31 - SerialManager - Connected to port /dev/ttyUSB0

2026-08-24,07:18:54:DEBUG MainThread:31 - SerialManager - Connected to port /dev/ttyUSB0

2026-08-24 07:19:00,480  ERROR  MainThread:465 -
Attempting to use a port that is not open

2026-08-24,07:19:01:DEBUG MainThread:31 - SerialManager - Connected to port /dev/ttyUSB0

2026-08-24,07:19:07:DEBUG MainThread:544 - All serial ports cannot be opened: reconnecting...

2026-08-24,07:19:07:DEBUG MainThread:31 - SerialManager - Connected to port /dev/ttyUSB0

2026-08-24,07:19:13:DEBUG MainThread:31 - SerialManager - Connected to port /dev/ttyUSB0

2026-08-24,07:19:19:DEBUG MainThread:31 - SerialManager - Connected to port /dev/ttyUSB0

2026-08-24,07:19:25:DEBUG MainThread:31 - SerialManager - Connected to port /dev/ttyUSB0

2026-08-24,07:19:31:DEBUG MainThread:31 - SerialManager - Connected to port /dev/ttyUSB0

2026-08-24,07:19:37:DEBUG MainThread:31 - SerialManager - Connected to port /dev/ttyUSB0

2026-08-24,07:19:43:DEBUG MainThread:31 - SerialManager - Connected to port /dev/ttyUSB0

2026-08-24,07:19:49:DEBUG MainThread:31 - SerialManager - Connected to port /dev/ttyUSB0

2026-08-24,07:19:56:DEBUG MainThread:31 - SerialManager - Connected to port /dev/ttyUSB0

2026-08-24,07:20:02:DEBUG MainThread:31 - SerialManager - Connected to port /dev/ttyUSB0

2026-08-24,07:20:08:DEBUG MainThread:31 - SerialManager - Connected to port /dev/ttyUSB0

2026-08-24,07:20:14:DEBUG MainThread:31 - SerialManager - Connected to port /dev/ttyUSB0

2026-08-24,07:20:20:DEBUG MainThread:31 - SerialManager - Connected to port /dev/ttyUSB0

2026-08-24,07:20:26:DEBUG MainThread:31 - SerialManager - Connected to port /dev/ttyUSB0

2026-08-24,07:20:32:DEBUG MainThread:31 - SerialManager - Connected to port /dev/ttyUSB0

2026-08-24,07:20:38:DEBUG MainThread:31 - SerialManager - Connected to port /dev/ttyUSB0

2026-08-24,07:20:44:DEBUG MainThread:31 - SerialManager - Connected to port /dev/ttyUSB0

2026-08-24,07:20:50:DEBUG MainThread:31 - SerialManager - Connected to port /dev/ttyUSB0

2026-08-24,07:20:56:DEBUG MainThread:31 - SerialManager - Connected to port /dev/ttyUSB0

2026-08-24,07:21:02:DEBUG MainThread:31 - SerialManager - Connected to port /dev/ttyUSB0

2026-08-24,07:21:08:DEBUG MainThread:31 - SerialManager - Connected to port /dev/ttyUSB0

2026-08-24,07:21:14:DEBUG MainThread:31 - SerialManager - Connected to port /dev/ttyUSB0

2026-08-24,07:21:20:DEBUG MainThread:31 - SerialManager - Connected to port /dev/ttyUSB0

2026-08-24,07:21:26:DEBUG MainThread:31 - SerialManager - Connected to port /dev/ttyUSB0

2026-08-24,07:21:32:DEBUG MainThread:31 - SerialManager - Connected to port /dev/ttyUSB0

2026-08-24,07:21:38:DEBUG MainThread:31 - SerialManager - Connected to port /dev/ttyUSB0

2026-08-24,07:21:45:DEBUG MainThread:31 - SerialManager - Connected to port /dev/ttyUSB0

2026-08-24,07:21:51:DEBUG MainThread:31 - SerialManager - Connected to port /dev/ttyUSB0

2026-08-24,07:21:57:DEBUG MainThread:31 - SerialManager - Connected to port /dev/ttyUSB0

2026-08-24,07:22:03:DEBUG MainThread:31 - SerialManager - Connected to port /dev/ttyUSB0

2026-08-24,07:22:09:DEBUG MainThread:31 - SerialManager - Connected to port /dev/ttyUSB0

2026-08-24,07:22:15:DEBUG MainThread:31 - SerialManager - Connected to port /dev/ttyUSB0

2026-08-24,07:22:21:DEBUG MainThread:31 - SerialManager - Connected to port /dev/ttyUSB0

2026-08-24,07:22:27:DEBUG MainThread:31 - SerialManager - Connected to port /dev/ttyUSB0

2026-08-24,07:22:33:DEBUG MainThread:31 - SerialManager - Connected to port /dev/ttyUSB0

2026-08-24,07:22:39:DEBUG MainThread:31 - SerialManager - Connected to port /dev/ttyUSB0

2026-08-24,07:22:45:DEBUG MainThread:31 - SerialManager - Connected to port /dev/ttyUSB0

2026-08-24,07:22:51:DEBUG MainThread:31 - SerialManager - Connected to port /dev/ttyUSB0

2026-08-24,07:22:57:DEBUG MainThread:31 - SerialManager - Connected to port /dev/ttyUSB0

2026-08-24,07:23:03:DEBUG MainThread:31 - SerialManager - Connected to port /dev/ttyUSB0

2026-08-24,07:23:09:DEBUG MainThread:31 - SerialManager - Connected to port /dev/ttyUSB0

2026-08-24,07:23:15:DEBUG MainThread:31 - SerialManager - Connected to port /dev/ttyUSB0

2026-08-24,07:23:21:DEBUG MainThread:31 - SerialManager - Connected to port /dev/ttyUSB0

2026-08-24,07:23:27:DEBUG MainThread:31 - SerialManager - Connected to port /dev/ttyUSB0

2026-08-24,07:23:33:DEBUG MainThread:31 - SerialManager - Connected to port /dev/ttyUSB0

2026-08-24,07:23:39:DEBUG MainThread:31 - SerialManager - Connected to port /dev/ttyUSB0

2026-08-24,07:23:46:DEBUG MainThread:31 - SerialManager - Connected to port /dev/ttyUSB0

2026-08-24,07:23:52:DEBUG MainThread:31 - SerialManager - Connected to port /dev/ttyUSB0

2026-08-24,07:23:58:DEBUG MainThread:31 - SerialManager - Connected to port /dev/ttyUSB0

2026-08-24,07:24:04:DEBUG MainThread:31 - SerialManager - Connected to port /dev/ttyUSB0

2026-08-24,07:24:10:DEBUG MainThread:31 - SerialManager - Connected to port /dev/ttyUSB0

2026-08-24,07:24:16:DEBUG MainThread:31 - SerialManager - Connected to port /dev/ttyUSB0

2026-08-24,07:24:22:DEBUG MainThread:31 - SerialManager - Connected to port /dev/ttyUSB0

2026-08-24,07:24:28:DEBUG MainThread:31 - SerialManager - Connected to port /dev/ttyUSB0

2026-08-24,07:24:34:DEBUG MainThread:31 - SerialManager - Connected to port /dev/ttyUSB0

2026-08-24,07:24:40:DEBUG MainThread:31 - SerialManager - Connected to port /dev/ttyUSB0

2026-08-24,07:24:46:DEBUG MainThread:31 - SerialManager - Connected to port /dev/ttyUSB0

2026-08-24,07:24:52:DEBUG MainThread:31 - SerialManager - Connected to port /dev/ttyUSB0

2026-08-24,07:24:58:DEBUG MainThread:31 - SerialManager - Connected to port /dev/ttyUSB0

2026-08-24,07:25:04:DEBUG MainThread:31 - SerialManager - Connected to port /dev/ttyUSB0

2026-08-24,07:25:10:DEBUG MainThread:31 - SerialManager - Connected to port /dev/ttyUSB0

2026-08-24,07:25:16:DEBUG MainThread:31 - SerialManager - Connected to port /dev/ttyUSB0

2026-08-24,07:25:22:DEBUG MainThread:31 - SerialManager - Connected to port /dev/ttyUSB0

2026-08-24,07:25:28:DEBUG MainThread:31 - SerialManager - Connected to port /dev/ttyUSB0

2026-08-24,07:25:34:DEBUG MainThread:31 - SerialManager - Connected to port /dev/ttyUSB0

2026-08-24,07:25:40:DEBUG MainThread:31 - SerialManager - Connected to port /dev/ttyUSB0

2026-08-24,07:25:47:DEBUG MainThread:31 - SerialManager - Connected to port /dev/ttyUSB0

2026-08-24,07:25:53:DEBUG MainThread:31 - SerialManager - Connected to port /dev/ttyUSB0

2026-08-24,07:25:59:DEBUG MainThread:31 - SerialManager - Connected to port /dev/ttyUSB0

2026-08-24,07:26:05:DEBUG MainThread:31 - SerialManager - Connected to port /dev/ttyUSB0

2026-08-24,07:26:11:DEBUG MainThread:31 - SerialManager - Connected to port /dev/ttyUSB0

2026-08-24,07:26:17:DEBUG MainThread:31 - SerialManager - Connected to port /dev/ttyUSB0

2026-08-24,07:26:23:DEBUG MainThread:31 - SerialManager - Connected to port /dev/ttyUSB0

2026-08-24,07:26:29:DEBUG MainThread:31 - SerialManager - Connected to port /dev/ttyUSB0

2026-08-24,07:26:35:DEBUG MainThread:31 - SerialManager - Connected to port /dev/ttyUSB0

2026-08-24,07:26:41:DEBUG MainThread:31 - SerialManager - Connected to port /dev/ttyUSB0

2026-08-24,07:26:47:DEBUG MainThread:31 - SerialManager - Connected to port /dev/ttyUSB0

2026-08-24,07:26:53:DEBUG MainThread:31 - SerialManager - Connected to port /dev/ttyUSB0

2026-08-24,07:26:59:DEBUG MainThread:31 - SerialManager - Connected to port /dev/ttyUSB0

2026-08-24,07:27:05:DEBUG MainThread:31 - SerialManager - Connected to port /dev/ttyUSB0

2026-08-24,07:27:11:DEBUG MainThread:31 - SerialManager - Connected to port /dev/ttyUSB0

2026-08-24,07:27:17:DEBUG MainThread:31 - SerialManager - Connected to port /dev/ttyUSB0

2026-08-24,07:27:23:DEBUG MainThread:31 - SerialManager - Connected to port /dev/ttyUSB0

2026-08-24,07:27:29:DEBUG MainThread:31 - SerialManager - Connected to port /dev/ttyUSB0

2026-08-24,07:27:35:DEBUG MainThread:31 - SerialManager - Connected to port /dev/ttyUSB0

2026-08-24,07:27:42:DEBUG MainThread:31 - SerialManager - Connected to port /dev/ttyUSB0

2026-08-24,07:27:48:DEBUG MainThread:31 - SerialManager - Connected to port /dev/ttyUSB0

2026-08-24,07:27:54:DEBUG MainThread:31 - SerialManager - Connected to port /dev/ttyUSB0

2026-08-24 07:28:00,168  ERROR  MainThread:465 -
Attempting to use a port that is not open

2026-08-24,07:28:00:DEBUG MainThread:31 - SerialManager - Connected to port /dev/ttyUSB0

2026-08-24,07:28:06:DEBUG MainThread:544 - All serial ports cannot be opened: reconnecting...

2026-08-24,07:28:07:DEBUG MainThread:31 - SerialManager - Connected to port /dev/ttyUSB0

2026-08-24,07:28:13:DEBUG MainThread:31 - SerialManager - Connected to port /dev/ttyUSB0

2026-08-24,07:28:19:DEBUG MainThread:31 - SerialManager - Connected to port /dev/ttyUSB0

2026-08-24,07:28:25:DEBUG MainThread:31 - SerialManager - Connected to port /dev/ttyUSB0

2026-08-24,07:28:31:DEBUG MainThread:31 - SerialManager - Connected to port /dev/ttyUSB0

2026-08-24,07:28:37:DEBUG MainThread:31 - SerialManager - Connected to port /dev/ttyUSB0

2026-08-24,07:28:43:DEBUG MainThread:31 - SerialManager - Connected to port /dev/ttyUSB0

2026-08-24,07:28:49:DEBUG MainThread:31 - SerialManager - Connected to port /dev/ttyUSB0

2026-08-24,07:28:55:DEBUG MainThread:31 - SerialManager - Connected to port /dev/ttyUSB0

2026-08-24,07:29:01:DEBUG MainThread:31 - SerialManager - Connected to port /dev/ttyUSB0

2026-08-24,07:29:07:DEBUG MainThread:31 - SerialManager - Connected to port /dev/ttyUSB0

2026-08-24,07:29:13:DEBUG MainThread:31 - SerialManager - Connected to port /dev/ttyUSB0

2026-08-24,07:29:19:DEBUG MainThread:31 - SerialManager - Connected to port /dev/ttyUSB0

2026-08-24,07:29:25:DEBUG MainThread:31 - SerialManager - Connected to port /dev/ttyUSB0

2026-08-24,07:29:31:DEBUG MainThread:31 - SerialManager - Connected to port /dev/ttyUSB0

2026-08-24,07:29:38:DEBUG MainThread:31 - SerialManager - Connected to port /dev/ttyUSB0

2026-08-24,07:29:44:DEBUG MainThread:31 - SerialManager - Connected to port /dev/ttyUSB0

2026-08-24,07:29:50:DEBUG MainThread:31 - SerialManager - Connected to port /dev/ttyUSB0

2026-08-24,07:29:56:DEBUG MainThread:31 - SerialManager - Connected to port /dev/ttyUSB0

2026-08-24,07:30:02:DEBUG MainThread:31 - SerialManager - Connected to port /dev/ttyUSB0

2026-08-24,07:30:08:DEBUG MainThread:31 - SerialManager - Connected to port /dev/ttyUSB0

2026-08-24,07:30:14:DEBUG MainThread:31 - SerialManager - Connected to port /dev/ttyUSB0

2026-08-24,07:30:20:DEBUG MainThread:31 - SerialManager - Connected to port /dev/ttyUSB0

2026-08-24,07:30:26:DEBUG MainThread:31 - SerialManager - Connected to port /dev/ttyUSB0

2026-08-24,07:30:32:DEBUG MainThread:31 - SerialManager - Connected to port /dev/ttyUSB0

2026-08-24,07:30:38:DEBUG MainThread:31 - SerialManager - Connected to port /dev/ttyUSB0

2026-08-24,07:30:44:DEBUG MainThread:31 - SerialManager - Connected to port /dev/ttyUSB0

2026-08-24,07:30:50:DEBUG MainThread:31 - SerialManager - Connected to port /dev/ttyUSB0

2026-08-24,07:30:56:DEBUG MainThread:31 - SerialManager - Connected to port /dev/ttyUSB0

2026-08-24,07:31:02:DEBUG MainThread:31 - SerialManager - Connected to port /dev/ttyUSB0

2026-08-24,07:31:08:DEBUG MainThread:31 - SerialManager - Connected to port /dev/ttyUSB0

2026-08-24,07:31:14:DEBUG MainThread:31 - SerialManager - Connected to port /dev/ttyUSB0

2026-08-24,07:31:20:DEBUG MainThread:31 - SerialManager - Connected to port /dev/ttyUSB0

2026-08-24,07:31:27:DEBUG MainThread:31 - SerialManager - Connected to port /dev/ttyUSB0

2026-08-24,07:31:33:DEBUG MainThread:31 - SerialManager - Connected to port /dev/ttyUSB0

2026-08-24,07:31:39:DEBUG MainThread:31 - SerialManager - Connected to port /dev/ttyUSB0

2026-08-24,07:31:45:DEBUG MainThread:31 - SerialManager - Connected to port /dev/ttyUSB0

2026-08-24,07:31:51:DEBUG MainThread:31 - SerialManager - Connected to port /dev/ttyUSB0

2026-08-24,07:31:57:DEBUG MainThread:31 - SerialManager - Connected to port /dev/ttyUSB0

2026-08-24,07:32:03:DEBUG MainThread:31 - SerialManager - Connected to port /dev/ttyUSB0

2026-08-24,07:32:09:DEBUG MainThread:31 - SerialManager - Connected to port /dev/ttyUSB0

2026-08-24,07:32:15:DEBUG MainThread:31 - SerialManager - Connected to port /dev/ttyUSB0

2026-08-24,07:32:21:DEBUG MainThread:31 - SerialManager - Connected to port /dev/ttyUSB0

2026-08-24,07:32:27:DEBUG MainThread:31 - SerialManager - Connected to port /dev/ttyUSB0

2026-08-24,07:32:33:DEBUG MainThread:31 - SerialManager - Connected to port /dev/ttyUSB0

2026-08-24,07:32:39:DEBUG MainThread:31 - SerialManager - Connected to port /dev/ttyUSB0

2026-08-24,07:32:45:DEBUG MainThread:31 - SerialManager - Connected to port /dev/ttyUSB0

2026-08-24,07:32:51:DEBUG MainThread:31 - SerialManager - Connected to port /dev/ttyUSB0

2026-08-24,07:32:57:DEBUG MainThread:31 - SerialManager - Connected to port /dev/ttyUSB0

2026-08-24,07:33:03:DEBUG MainThread:31 - SerialManager - Connected to port /dev/ttyUSB0

2026-08-24,07:33:09:DEBUG MainThread:31 - SerialManager - Connected to port /dev/ttyUSB0

2026-08-24,07:33:15:DEBUG MainThread:31 - SerialManager - Connected to port /dev/ttyUSB0

2026-08-24,07:33:22:DEBUG MainThread:31 - SerialManager - Connected to port /dev/ttyUSB0

2026-08-24,07:33:28:DEBUG MainThread:31 - SerialManager - Connected to port /dev/ttyUSB0

2026-08-24,07:33:34:DEBUG MainThread:31 - SerialManager - Connected to port /dev/ttyUSB0

2026-08-24,07:33:40:DEBUG MainThread:31 - SerialManager - Connected to port /dev/ttyUSB0

2026-08-24,07:33:46:DEBUG MainThread:31 - SerialManager - Connected to port /dev/ttyUSB0

2026-08-24,07:33:52:DEBUG MainThread:31 - SerialManager - Connected to port /dev/ttyUSB0

2026-08-24,07:33:58:DEBUG MainThread:31 - SerialManager - Connected to port /dev/ttyUSB0

2026-08-24,07:34:04:DEBUG MainThread:31 - SerialManager - Connected to port /dev/ttyUSB0

2026-08-24,07:34:10:DEBUG MainThread:31 - SerialManager - Connected to port /dev/ttyUSB0

2026-08-24,07:34:16:DEBUG MainThread:31 - SerialManager - Connected to port /dev/ttyUSB0

2026-08-24,07:34:22:DEBUG MainThread:31 - SerialManager - Connected to port /dev/ttyUSB0

2026-08-24,07:34:28:DEBUG MainThread:31 - SerialManager - Connected to port /dev/ttyUSB0

2026-08-24,07:34:34:DEBUG MainThread:31 - SerialManager - Connected to port /dev/ttyUSB0

2026-08-24,07:34:40:DEBUG MainThread:31 - SerialManager - Connected to port /dev/ttyUSB0

2026-08-24,07:34:46:DEBUG MainThread:31 - SerialManager - Connected to port /dev/ttyUSB0

2026-08-24,07:34:52:DEBUG MainThread:31 - SerialManager - Connected to port /dev/ttyUSB0

2026-08-24,07:34:58:DEBUG MainThread:31 - SerialManager - Connected to port /dev/ttyUSB0

2026-08-24,07:35:04:DEBUG MainThread:31 - SerialManager - Connected to port /dev/ttyUSB0

2026-08-24,07:35:11:DEBUG MainThread:31 - SerialManager - Connected to port /dev/ttyUSB0

2026-08-24,07:35:17:DEBUG MainThread:31 - SerialManager - Connected to port /dev/ttyUSB0

2026-08-24,07:35:23:DEBUG MainThread:31 - SerialManager - Connected to port /dev/ttyUSB0

2026-08-24,07:35:29:DEBUG MainThread:31 - SerialManager - Connected to port /dev/ttyUSB0

2026-08-24,07:35:35:DEBUG MainThread:31 - SerialManager - Connected to port /dev/ttyUSB0

2026-08-24,07:35:41:DEBUG MainThread:31 - SerialManager - Connected to port /dev/ttyUSB0

2026-08-24,07:35:47:DEBUG MainThread:31 - SerialManager - Connected to port /dev/ttyUSB0

2026-08-24,07:35:53:DEBUG MainThread:31 - SerialManager - Connected to port /dev/ttyUSB0

2026-08-24,07:35:59:DEBUG MainThread:31 - SerialManager - Connected to port /dev/ttyUSB0

2026-08-24,07:36:05:DEBUG MainThread:31 - SerialManager - Connected to port /dev/ttyUSB0

2026-08-24,07:36:11:DEBUG MainThread:31 - SerialManager - Connected to port /dev/ttyUSB0

2026-08-24,07:36:17:DEBUG MainThread:31 - SerialManager - Connected to port /dev/ttyUSB0

2026-08-24,07:36:23:DEBUG MainThread:31 - SerialManager - Connected to port /dev/ttyUSB0

2026-08-24,07:36:29:DEBUG MainThread:31 - SerialManager - Connected to port /dev/ttyUSB0

2026-08-24,07:36:35:DEBUG MainThread:31 - SerialManager - Connected to port /dev/ttyUSB0

2026-08-24,07:36:41:DEBUG MainThread:31 - SerialManager - Connected to port /dev/ttyUSB0

2026-08-24,07:36:47:DEBUG MainThread:31 - SerialManager - Connected to port /dev/ttyUSB0

2026-08-24,07:36:53:DEBUG MainThread:31 - SerialManager - Connected to port /dev/ttyUSB0

2026-08-24,07:36:59:DEBUG MainThread:31 - SerialManager - Connected to port /dev/ttyUSB0

2026-08-24,07:37:05:DEBUG MainThread:31 - SerialManager - Connected to port /dev/ttyUSB0

2026-08-24,07:37:12:DEBUG MainThread:31 - SerialManager - Connected to port /dev/ttyUSB0

2026-08-24,07:37:18:DEBUG MainThread:31 - SerialManager - Connected to port /dev/ttyUSB0

2026-08-24,07:37:24:DEBUG MainThread:31 - SerialManager - Connected to port /dev/ttyUSB0

2026-08-24,07:37:30:DEBUG MainThread:31 - SerialManager - Connected to port /dev/ttyUSB0

2026-08-24,07:37:36:DEBUG MainThread:31 - SerialManager - Connected to port /dev/ttyUSB0

2026-08-24,07:37:42:DEBUG MainThread:31 - SerialManager - Connected to port /dev/ttyUSB0

2026-08-24,07:37:48:DEBUG MainThread:31 - SerialManager - Connected to port /dev/ttyUSB0

2026-08-24,07:37:54:DEBUG MainThread:31 - SerialManager - Connected to port /dev/ttyUSB0

2026-08-24 07:38:00,377  ERROR  MainThread:465 -
Attempting to use a port that is not open

2026-08-24,07:38:00:DEBUG MainThread:31 - SerialManager - Connected to port /dev/ttyUSB0

2026-08-24,07:38:06:DEBUG MainThread:544 - All serial ports cannot be opened: reconnecting...

2026-08-24,07:38:07:DEBUG MainThread:31 - SerialManager - Connected to port /dev/ttyUSB0

2026-08-24,07:38:13:DEBUG MainThread:31 - SerialManager - Connected to port /dev/ttyUSB0

2026-08-24,07:38:19:DEBUG MainThread:31 - SerialManager - Connected to port /dev/ttyUSB0

2026-08-24,07:38:25:DEBUG MainThread:31 - SerialManager - Connected to port /dev/ttyUSB0

2026-08-24,07:38:31:DEBUG MainThread:31 - SerialManager - Connected to port /dev/ttyUSB0

2026-08-24,07:38:37:DEBUG MainThread:31 - SerialManager - Connected to port /dev/ttyUSB0

2026-08-24,07:38:43:DEBUG MainThread:31 - SerialManager - Connected to port /dev/ttyUSB0

2026-08-24,07:38:49:DEBUG MainThread:31 - SerialManager - Connected to port /dev/ttyUSB0

2026-08-24,07:38:55:DEBUG MainThread:31 - SerialManager - Connected to port /dev/ttyUSB0

2026-08-24,07:39:01:DEBUG MainThread:31 - SerialManager - Connected to port /dev/ttyUSB0

2026-08-24,07:39:07:DEBUG MainThread:31 - SerialManager - Connected to port /dev/ttyUSB0

2026-08-24,07:39:14:DEBUG MainThread:31 - SerialManager - Connected to port /dev/ttyUSB0

2026-08-24,07:39:20:DEBUG MainThread:31 - SerialManager - Connected to port /dev/ttyUSB0

2026-08-24,07:39:26:DEBUG MainThread:31 - SerialManager - Connected to port /dev/ttyUSB0

2026-08-24,07:39:32:DEBUG MainThread:31 - SerialManager - Connected to port /dev/ttyUSB0

2026-08-24,07:39:38:DEBUG MainThread:31 - SerialManager - Connected to port /dev/ttyUSB0

2026-08-24,07:39:44:DEBUG MainThread:31 - SerialManager - Connected to port /dev/ttyUSB0

2026-08-24,07:39:50:DEBUG MainThread:31 - SerialManager - Connected to port /dev/ttyUSB0

2026-08-24,07:39:56:DEBUG MainThread:31 - SerialManager - Connected to port /dev/ttyUSB0

2026-08-24,07:40:02:DEBUG MainThread:31 - SerialManager - Connected to port /dev/ttyUSB0

2026-08-24,07:40:08:DEBUG MainThread:31 - SerialManager - Connected to port /dev/ttyUSB0

2026-08-24,07:40:14:DEBUG MainThread:31 - SerialManager - Connected to port /dev/ttyUSB0

2026-08-24,07:40:20:DEBUG MainThread:31 - SerialManager - Connected to port /dev/ttyUSB0

2026-08-24,07:40:26:DEBUG MainThread:31 - SerialManager - Connected to port /dev/ttyUSB0

2026-08-24,07:40:32:DEBUG MainThread:31 - SerialManager - Connected to port /dev/ttyUSB0

2026-08-24,07:40:38:DEBUG MainThread:31 - SerialManager - Connected to port /dev/ttyUSB0

2026-08-24,07:40:44:DEBUG MainThread:31 - SerialManager - Connected to port /dev/ttyUSB0

2026-08-24,07:40:50:DEBUG MainThread:31 - SerialManager - Connected to port /dev/ttyUSB0

2026-08-24,07:40:56:DEBUG MainThread:31 - SerialManager - Connected to port /dev/ttyUSB0

2026-08-24,07:41:02:DEBUG MainThread:31 - SerialManager - Connected to port /dev/ttyUSB0

2026-08-24,07:41:08:DEBUG MainThread:31 - SerialManager - Connected to port /dev/ttyUSB0

2026-08-24,07:41:15:DEBUG MainThread:31 - SerialManager - Connected to port /dev/ttyUSB0

2026-08-24,07:41:21:DEBUG MainThread:31 - SerialManager - Connected to port /dev/ttyUSB0

2026-08-24,07:41:27:DEBUG MainThread:31 - SerialManager - Connected to port /dev/ttyUSB0

2026-08-24,07:41:33:DEBUG MainThread:31 - SerialManager - Connected to port /dev/ttyUSB0

2026-08-24,07:41:39:DEBUG MainThread:31 - SerialManager - Connected to port /dev/ttyUSB0

2026-08-24,07:41:45:DEBUG MainThread:31 - SerialManager - Connected to port /dev/ttyUSB0

2026-08-24,07:41:51:DEBUG MainThread:31 - SerialManager - Connected to port /dev/ttyUSB0

2026-08-24,07:41:57:DEBUG MainThread:31 - SerialManager - Connected to port /dev/ttyUSB0

2026-08-24,07:42:03:DEBUG MainThread:31 - SerialManager - Connected to port /dev/ttyUSB0

2026-08-24,07:42:09:DEBUG MainThread:31 - SerialManager - Connected to port /dev/ttyUSB0

2026-08-24,07:42:15:DEBUG MainThread:31 - SerialManager - Connected to port /dev/ttyUSB0

2026-08-24,07:42:21:DEBUG MainThread:31 - SerialManager - Connected to port /dev/ttyUSB0

2026-08-24,07:42:27:DEBUG MainThread:31 - SerialManager - Connected to port /dev/ttyUSB0

2026-08-24,07:42:33:DEBUG MainThread:31 - SerialManager - Connected to port /dev/ttyUSB0

2026-08-24,07:42:39:DEBUG MainThread:31 - SerialManager - Connected to port /dev/ttyUSB0

2026-08-24,07:42:45:DEBUG MainThread:31 - SerialManager - Connected to port /dev/ttyUSB0

2026-08-24,07:42:51:DEBUG MainThread:31 - SerialManager - Connected to port /dev/ttyUSB0

2026-08-24,07:42:57:DEBUG MainThread:31 - SerialManager - Connected to port /dev/ttyUSB0

2026-08-24,07:43:03:DEBUG MainThread:31 - SerialManager - Connected to port /dev/ttyUSB0

2026-08-24,07:43:10:DEBUG MainThread:31 - SerialManager - Connected to port /dev/ttyUSB0

2026-08-24,07:43:16:DEBUG MainThread:31 - SerialManager - Connected to port /dev/ttyUSB0

2026-08-24,07:43:22:DEBUG MainThread:31 - SerialManager - Connected to port /dev/ttyUSB0

2026-08-24,07:43:28:DEBUG MainThread:31 - SerialManager - Connected to port /dev/ttyUSB0

2026-08-24,07:43:34:DEBUG MainThread:31 - SerialManager - Connected to port /dev/ttyUSB0

2026-08-24,07:43:40:DEBUG MainThread:31 - SerialManager - Connected to port /dev/ttyUSB0

2026-08-24,07:43:46:DEBUG MainThread:31 - SerialManager - Connected to port /dev/ttyUSB0

2026-08-24,07:43:52:DEBUG MainThread:31 - SerialManager - Connected to port /dev/ttyUSB0

2026-08-24,07:43:58:DEBUG MainThread:31 - SerialManager - Connected to port /dev/ttyUSB0

2026-08-24,07:44:04:DEBUG MainThread:31 - SerialManager - Connected to port /dev/ttyUSB0

2026-08-24,07:44:10:DEBUG MainThread:31 - SerialManager - Connected to port /dev/ttyUSB0

2026-08-24,07:44:16:DEBUG MainThread:31 - SerialManager - Connected to port /dev/ttyUSB0

2026-08-24,07:44:22:DEBUG MainThread:31 - SerialManager - Connected to port /dev/ttyUSB0

2026-08-24,07:44:28:DEBUG MainThread:31 - SerialManager - Connected to port /dev/ttyUSB0

2026-08-24,07:44:34:DEBUG MainThread:31 - SerialManager - Connected to port /dev/ttyUSB0

2026-08-24,07:44:40:DEBUG MainThread:31 - SerialManager - Connected to port /dev/ttyUSB0

2026-08-24,07:44:46:DEBUG MainThread:31 - SerialManager - Connected to port /dev/ttyUSB0

2026-08-24,07:44:52:DEBUG MainThread:31 - SerialManager - Connected to port /dev/ttyUSB0

2026-08-24,07:44:58:DEBUG MainThread:31 - SerialManager - Connected to port /dev/ttyUSB0

2026-08-24,07:45:04:DEBUG MainThread:31 - SerialManager - Connected to port /dev/ttyUSB0

2026-08-24,07:45:10:DEBUG MainThread:31 - SerialManager - Connected to port /dev/ttyUSB0

2026-08-24,07:45:17:DEBUG MainThread:31 - SerialManager - Connected to port /dev/ttyUSB0

2026-08-24,07:45:23:DEBUG MainThread:31 - SerialManager - Connected to port /dev/ttyUSB0

2026-08-24,07:45:29:DEBUG MainThread:31 - SerialManager - Connected to port /dev/ttyUSB0

2026-08-24,07:45:35:DEBUG MainThread:31 - SerialManager - Connected to port /dev/ttyUSB0

2026-08-24,07:45:41:DEBUG MainThread:31 - SerialManager - Connected to port /dev/ttyUSB0

2026-08-24,07:45:47:DEBUG MainThread:31 - SerialManager - Connected to port /dev/ttyUSB0

2026-08-24,07:45:53:DEBUG MainThread:31 - SerialManager - Connected to port /dev/ttyUSB0

2026-08-24,07:45:59:DEBUG MainThread:31 - SerialManager - Connected to port /dev/ttyUSB0

2026-08-24,07:46:05:DEBUG MainThread:31 - SerialManager - Connected to port /dev/ttyUSB0

2026-08-24,07:46:11:DEBUG MainThread:31 - SerialManager - Connected to port /dev/ttyUSB0

2026-08-24,07:46:17:DEBUG MainThread:31 - SerialManager - Connected to port /dev/ttyUSB0

2026-08-24,07:46:23:DEBUG MainThread:31 - SerialManager - Connected to port /dev/ttyUSB0

2026-08-24,07:46:29:DEBUG MainThread:31 - SerialManager - Connected to port /dev/ttyUSB0

2026-08-24,07:46:35:DEBUG MainThread:31 - SerialManager - Connected to port /dev/ttyUSB0

2026-08-24,07:46:41:DEBUG MainThread:31 - SerialManager - Connected to port /dev/ttyUSB0

2026-08-24,07:46:47:DEBUG MainThread:31 - SerialManager - Connected to port /dev/ttyUSB0

2026-08-24,07:46:53:DEBUG MainThread:31 - SerialManager - Connected to port /dev/ttyUSB0

2026-08-24,07:46:59:DEBUG MainThread:31 - SerialManager - Connected to port /dev/ttyUSB0

2026-08-24,07:47:06:DEBUG MainThread:31 - SerialManager - Connected to port /dev/ttyUSB0

2026-08-24,07:47:12:DEBUG MainThread:31 - SerialManager - Connected to port /dev/ttyUSB0

2026-08-24,07:47:18:DEBUG MainThread:31 - SerialManager - Connected to port /dev/ttyUSB0

2026-08-24,07:47:24:DEBUG MainThread:31 - SerialManager - Connected to port /dev/ttyUSB0

2026-08-24,07:47:30:DEBUG MainThread:31 - SerialManager - Connected to port /dev/ttyUSB0

2026-08-24,07:47:36:DEBUG MainThread:31 - SerialManager - Connected to port /dev/ttyUSB0

2026-08-24,07:47:42:DEBUG MainThread:31 - SerialManager - Connected to port /dev/ttyUSB0

2026-08-24,07:47:48:DEBUG MainThread:31 - SerialManager - Connected to port /dev/ttyUSB0

2026-08-24,07:47:54:DEBUG MainThread:31 - SerialManager - Connected to port /dev/ttyUSB0

2026-08-24 07:48:00,468  ERROR  MainThread:465 -
Attempting to use a port that is not open

2026-08-24,07:48:01:DEBUG MainThread:31 - SerialManager - Connected to port /dev/ttyUSB0

2026-08-24,07:48:07:DEBUG MainThread:544 - All serial ports cannot be opened: reconnecting...

2026-08-24,07:48:07:DEBUG MainThread:31 - SerialManager - Connected to port /dev/ttyUSB0

2026-08-24,07:48:13:DEBUG MainThread:31 - SerialManager - Connected to port /dev/ttyUSB0

2026-08-24,07:48:19:DEBUG MainThread:31 - SerialManager - Connected to port /dev/ttyUSB0

2026-08-24,07:48:25:DEBUG MainThread:31 - SerialManager - Connected to port /dev/ttyUSB0

2026-08-24,07:48:31:DEBUG MainThread:31 - SerialManager - Connected to port /dev/ttyUSB0

2026-08-24,07:48:37:DEBUG MainThread:31 - SerialManager - Connected to port /dev/ttyUSB0

2026-08-24,07:48:43:DEBUG MainThread:31 - SerialManager - Connected to port /dev/ttyUSB0

2026-08-24,07:48:49:DEBUG MainThread:31 - SerialManager - Connected to port /dev/ttyUSB0

2026-08-24,07:48:55:DEBUG MainThread:31 - SerialManager - Connected to port /dev/ttyUSB0

2026-08-24,07:49:01:DEBUG MainThread:31 - SerialManager - Connected to port /dev/ttyUSB0

2026-08-24,07:49:07:DEBUG MainThread:31 - SerialManager - Connected to port /dev/ttyUSB0

2026-08-24,07:49:14:DEBUG MainThread:31 - SerialManager - Connected to port /dev/ttyUSB0

2026-08-24,07:49:20:DEBUG MainThread:31 - SerialManager - Connected to port /dev/ttyUSB0

2026-08-24,07:49:26:DEBUG MainThread:31 - SerialManager - Connected to port /dev/ttyUSB0

2026-08-24,07:49:32:DEBUG MainThread:31 - SerialManager - Connected to port /dev/ttyUSB0

2026-08-24,07:49:38:DEBUG MainThread:31 - SerialManager - Connected to port /dev/ttyUSB0

2026-08-24,07:49:44:DEBUG MainThread:31 - SerialManager - Connected to port /dev/ttyUSB0

2026-08-24,07:49:50:DEBUG MainThread:31 - SerialManager - Connected to port /dev/ttyUSB0

2026-08-24,07:49:56:DEBUG MainThread:31 - SerialManager - Connected to port /dev/ttyUSB0

2026-08-24,07:50:02:DEBUG MainThread:31 - SerialManager - Connected to port /dev/ttyUSB0

2026-08-24,07:50:08:DEBUG MainThread:31 - SerialManager - Connected to port /dev/ttyUSB0

2026-08-24,07:50:14:DEBUG MainThread:31 - SerialManager - Connected to port /dev/ttyUSB0

2026-08-24,07:50:20:DEBUG MainThread:31 - SerialManager - Connected to port /dev/ttyUSB0

2026-08-24,07:50:26:DEBUG MainThread:31 - SerialManager - Connected to port /dev/ttyUSB0

2026-08-24,07:50:32:DEBUG MainThread:31 - SerialManager - Connected to port /dev/ttyUSB0

2026-08-24,07:50:38:DEBUG MainThread:31 - SerialManager - Connected to port /dev/ttyUSB0

2026-08-24,07:50:44:DEBUG MainThread:31 - SerialManager - Connected to port /dev/ttyUSB0

2026-08-24,07:50:50:DEBUG MainThread:31 - SerialManager - Connected to port /dev/ttyUSB0

2026-08-24,07:50:56:DEBUG MainThread:31 - SerialManager - Connected to port /dev/ttyUSB0

2026-08-24,07:51:02:DEBUG MainThread:31 - SerialManager - Connected to port /dev/ttyUSB0

2026-08-24,07:51:09:DEBUG MainThread:31 - SerialManager - Connected to port /dev/ttyUSB0

2026-08-24,07:51:15:DEBUG MainThread:31 - SerialManager - Connected to port /dev/ttyUSB0

2026-08-24,07:51:21:DEBUG MainThread:31 - SerialManager - Connected to port /dev/ttyUSB0

2026-08-24,07:51:27:DEBUG MainThread:31 - SerialManager - Connected to port /dev/ttyUSB0

2026-08-24,07:51:33:DEBUG MainThread:31 - SerialManager - Connected to port /dev/ttyUSB0

2026-08-24,07:51:39:DEBUG MainThread:31 - SerialManager - Connected to port /dev/ttyUSB0

2026-08-24,07:51:45:DEBUG MainThread:31 - SerialManager - Connected to port /dev/ttyUSB0

2026-08-24,07:51:51:DEBUG MainThread:31 - SerialManager - Connected to port /dev/ttyUSB0

2026-08-24,07:51:57:DEBUG MainThread:31 - SerialManager - Connected to port /dev/ttyUSB0

2026-08-24,07:52:03:DEBUG MainThread:31 - SerialManager - Connected to port /dev/ttyUSB0

2026-08-24,07:52:09:DEBUG MainThread:31 - SerialManager - Connected to port /dev/ttyUSB0

2026-08-24,07:52:15:DEBUG MainThread:31 - SerialManager - Connected to port /dev/ttyUSB0

2026-08-24,07:52:21:DEBUG MainThread:31 - SerialManager - Connected to port /dev/ttyUSB0

2026-08-24,07:52:27:DEBUG MainThread:31 - SerialManager - Connected to port /dev/ttyUSB0

2026-08-24,07:52:33:DEBUG MainThread:31 - SerialManager - Connected to port /dev/ttyUSB0

2026-08-24,07:52:39:DEBUG MainThread:31 - SerialManager - Connected to port /dev/ttyUSB0

2026-08-24,07:52:45:DEBUG MainThread:31 - SerialManager - Connected to port /dev/ttyUSB0

2026-08-24,07:52:51:DEBUG MainThread:31 - SerialManager - Connected to port /dev/ttyUSB0

2026-08-24,07:52:57:DEBUG MainThread:31 - SerialManager - Connected to port /dev/ttyUSB0

2026-08-24,07:53:04:DEBUG MainThread:31 - SerialManager - Connected to port /dev/ttyUSB0

2026-08-24,07:53:10:DEBUG MainThread:31 - SerialManager - Connected to port /dev/ttyUSB0

2026-08-24,07:53:16:DEBUG MainThread:31 - SerialManager - Connected to port /dev/ttyUSB0

2026-08-24,07:53:22:DEBUG MainThread:31 - SerialManager - Connected to port /dev/ttyUSB0

2026-08-24,07:53:28:DEBUG MainThread:31 - SerialManager - Connected to port /dev/ttyUSB0

2026-08-24,07:53:34:DEBUG MainThread:31 - SerialManager - Connected to port /dev/ttyUSB0

2026-08-24,07:53:40:DEBUG MainThread:31 - SerialManager - Connected to port /dev/ttyUSB0

2026-08-24,07:53:46:DEBUG MainThread:31 - SerialManager - Connected to port /dev/ttyUSB0

2026-08-24,07:53:52:DEBUG MainThread:31 - SerialManager - Connected to port /dev/ttyUSB0

2026-08-24,07:53:58:DEBUG MainThread:31 - SerialManager - Connected to port /dev/ttyUSB0

2026-08-24,07:54:04:DEBUG MainThread:31 - SerialManager - Connected to port /dev/ttyUSB0

2026-08-24,07:54:10:DEBUG MainThread:31 - SerialManager - Connected to port /dev/ttyUSB0

2026-08-24,07:54:16:DEBUG MainThread:31 - SerialManager - Connected to port /dev/ttyUSB0

2026-08-24,07:54:22:DEBUG MainThread:31 - SerialManager - Connected to port /dev/ttyUSB0

2026-08-24,07:54:28:DEBUG MainThread:31 - SerialManager - Connected to port /dev/ttyUSB0

2026-08-24,07:54:34:DEBUG MainThread:31 - SerialManager - Connected to port /dev/ttyUSB0

2026-08-24,07:54:40:DEBUG MainThread:31 - SerialManager - Connected to port /dev/ttyUSB0

2026-08-24,07:54:46:DEBUG MainThread:31 - SerialManager - Connected to port /dev/ttyUSB0

2026-08-24,07:54:52:DEBUG MainThread:31 - SerialManager - Connected to port /dev/ttyUSB0

2026-08-24,07:54:58:DEBUG MainThread:31 - SerialManager - Connected to port /dev/ttyUSB0

2026-08-24,07:55:05:DEBUG MainThread:31 - SerialManager - Connected to port /dev/ttyUSB0

2026-08-24,07:55:11:DEBUG MainThread:31 - SerialManager - Connected to port /dev/ttyUSB0

2026-08-24,07:55:17:DEBUG MainThread:31 - SerialManager - Connected to port /dev/ttyUSB0

2026-08-24,07:55:23:DEBUG MainThread:31 - SerialManager - Connected to port /dev/ttyUSB0

2026-08-24,07:55:29:DEBUG MainThread:31 - SerialManager - Connected to port /dev/ttyUSB0

2026-08-24,07:55:35:DEBUG MainThread:31 - SerialManager - Connected to port /dev/ttyUSB0

2026-08-24,07:55:41:DEBUG MainThread:31 - SerialManager - Connected to port /dev/ttyUSB0

2026-08-24,07:55:47:DEBUG MainThread:31 - SerialManager - Connected to port /dev/ttyUSB0

2026-08-24,07:55:53:DEBUG MainThread:31 - SerialManager - Connected to port /dev/ttyUSB0

2026-08-24,07:55:59:DEBUG MainThread:31 - SerialManager - Connected to port /dev/ttyUSB0

2026-08-24,07:56:05:DEBUG MainThread:31 - SerialManager - Connected to port /dev/ttyUSB0

2026-08-24,07:56:11:DEBUG MainThread:31 - SerialManager - Connected to port /dev/ttyUSB0

2026-08-24,07:56:17:DEBUG MainThread:31 - SerialManager - Connected to port /dev/ttyUSB0

2026-08-24,07:56:23:DEBUG MainThread:31 - SerialManager - Connected to port /dev/ttyUSB0

2026-08-24,07:56:29:DEBUG MainThread:31 - SerialManager - Connected to port /dev/ttyUSB0

2026-08-24,07:56:35:DEBUG MainThread:31 - SerialManager - Connected to port /dev/ttyUSB0

2026-08-24,07:56:41:DEBUG MainThread:31 - SerialManager - Connected to port /dev/ttyUSB0

2026-08-24,07:56:47:DEBUG MainThread:31 - SerialManager - Connected to port /dev/ttyUSB0

2026-08-24,07:56:53:DEBUG MainThread:31 - SerialManager - Connected to port /dev/ttyUSB0

2026-08-24,07:56:59:DEBUG MainThread:31 - SerialManager - Connected to port /dev/ttyUSB0

2026-08-24,07:57:06:DEBUG MainThread:31 - SerialManager - Connected to port /dev/ttyUSB0

2026-08-24,07:57:12:DEBUG MainThread:31 - SerialManager - Connected to port /dev/ttyUSB0

2026-08-24,07:57:18:DEBUG MainThread:31 - SerialManager - Connected to port /dev/ttyUSB0

2026-08-24,07:57:24:DEBUG MainThread:31 - SerialManager - Connected to port /dev/ttyUSB0

2026-08-24,07:57:30:DEBUG MainThread:31 - SerialManager - Connected to port /dev/ttyUSB0

2026-08-24,07:57:36:DEBUG MainThread:31 - SerialManager - Connected to port /dev/ttyUSB0

2026-08-24,07:57:42:DEBUG MainThread:31 - SerialManager - Connected to port /dev/ttyUSB0

2026-08-24,07:57:48:DEBUG MainThread:31 - SerialManager - Connected to port /dev/ttyUSB0

2026-08-24,07:57:54:DEBUG MainThread:31 - SerialManager - Connected to port /dev/ttyUSB0

2026-08-24 07:58:00,468  ERROR  MainThread:465 -
Attempting to use a port that is not open

2026-08-24,07:58:01:DEBUG MainThread:31 - SerialManager - Connected to port /dev/ttyUSB0

2026-08-24,07:58:07:DEBUG MainThread:544 - All serial ports cannot be opened: reconnecting...

2026-08-24,07:58:07:DEBUG MainThread:31 - SerialManager - Connected to port /dev/ttyUSB0

2026-08-24,07:58:13:DEBUG MainThread:31 - SerialManager - Connected to port /dev/ttyUSB0

2026-08-24,07:58:19:DEBUG MainThread:31 - SerialManager - Connected to port /dev/ttyUSB0

2026-08-24,07:58:25:DEBUG MainThread:31 - SerialManager - Connected to port /dev/ttyUSB0

2026-08-24,07:58:31:DEBUG MainThread:31 - SerialManager - Connected to port /dev/ttyUSB0

2026-08-24,07:58:37:DEBUG MainThread:31 - SerialManager - Connected to port /dev/ttyUSB0

2026-08-24,07:58:43:DEBUG MainThread:31 - SerialManager - Connected to port /dev/ttyUSB0

2026-08-24,07:58:49:DEBUG MainThread:31 - SerialManager - Connected to port /dev/ttyUSB0

2026-08-24,07:58:55:DEBUG MainThread:31 - SerialManager - Connected to port /dev/ttyUSB0

2026-08-24,07:59:02:DEBUG MainThread:31 - SerialManager - Connected to port /dev/ttyUSB0

2026-08-24,07:59:08:DEBUG MainThread:31 - SerialManager - Connected to port /dev/ttyUSB0

2026-08-24,07:59:14:DEBUG MainThread:31 - SerialManager - Connected to port /dev/ttyUSB0

2026-08-24,07:59:20:DEBUG MainThread:31 - SerialManager - Connected to port /dev/ttyUSB0

2026-08-24,07:59:26:DEBUG MainThread:31 - SerialManager - Connected to port /dev/ttyUSB0

2026-08-24,07:59:32:DEBUG MainThread:31 - SerialManager - Connected to port /dev/ttyUSB0

2026-08-24,07:59:38:DEBUG MainThread:31 - SerialManager - Connected to port /dev/ttyUSB0

2026-08-24,07:59:44:DEBUG MainThread:31 - SerialManager - Connected to port /dev/ttyUSB0

2026-08-24,07:59:50:DEBUG MainThread:31 - SerialManager - Connected to port /dev/ttyUSB0

2026-08-24,07:59:56:DEBUG MainThread:31 - SerialManager - Connected to port /dev/ttyUSB0

2026-08-24,08:00:02:DEBUG MainThread:31 - SerialManager - Connected to port /dev/ttyUSB0

2026-08-24,08:00:08:DEBUG MainThread:31 - SerialManager - Connected to port /dev/ttyUSB0

2026-08-24,08:00:14:DEBUG MainThread:31 - SerialManager - Connected to port /dev/ttyUSB0

2026-08-24,08:00:20:DEBUG MainThread:31 - SerialManager - Connected to port /dev/ttyUSB0

2026-08-24,08:00:26:DEBUG MainThread:31 - SerialManager - Connected to port /dev/ttyUSB0

2026-08-24,08:00:32:DEBUG MainThread:31 - SerialManager - Connected to port /dev/ttyUSB0

2026-08-24,08:00:38:DEBUG MainThread:31 - SerialManager - Connected to port /dev/ttyUSB0

2026-08-24,08:00:44:DEBUG MainThread:31 - SerialManager - Connected to port /dev/ttyUSB0

2026-08-24,08:00:50:DEBUG MainThread:31 - SerialManager - Connected to port /dev/ttyUSB0

2026-08-24,08:00:57:DEBUG MainThread:31 - SerialManager - Connected to port /dev/ttyUSB0

2026-08-24,08:01:03:DEBUG MainThread:31 - SerialManager - Connected to port /dev/ttyUSB0

2026-08-24,08:01:09:DEBUG MainThread:31 - SerialManager - Connected to port /dev/ttyUSB0

2026-08-24,08:01:15:DEBUG MainThread:31 - SerialManager - Connected to port /dev/ttyUSB0

2026-08-24,08:01:21:DEBUG MainThread:31 - SerialManager - Connected to port /dev/ttyUSB0

2026-08-24,08:01:27:DEBUG MainThread:31 - SerialManager - Connected to port /dev/ttyUSB0

2026-08-24,08:01:33:DEBUG MainThread:31 - SerialManager - Connected to port /dev/ttyUSB0

2026-08-24,08:01:39:DEBUG MainThread:31 - SerialManager - Connected to port /dev/ttyUSB0

2026-08-24,08:01:45:DEBUG MainThread:31 - SerialManager - Connected to port /dev/ttyUSB0

2026-08-24,08:01:51:DEBUG MainThread:31 - SerialManager - Connected to port /dev/ttyUSB0

2026-08-24,08:01:57:DEBUG MainThread:31 - SerialManager - Connected to port /dev/ttyUSB0

2026-08-24,08:02:03:DEBUG MainThread:31 - SerialManager - Connected to port /dev/ttyUSB0

2026-08-24,08:02:09:DEBUG MainThread:31 - SerialManager - Connected to port /dev/ttyUSB0

2026-08-24,08:02:15:DEBUG MainThread:31 - SerialManager - Connected to port /dev/ttyUSB0

2026-08-24,08:02:21:DEBUG MainThread:31 - SerialManager - Connected to port /dev/ttyUSB0

2026-08-24,08:02:27:DEBUG MainThread:31 - SerialManager - Connected to port /dev/ttyUSB0

2026-08-24,08:02:33:DEBUG MainThread:31 - SerialManager - Connected to port /dev/ttyUSB0

2026-08-24,08:02:39:DEBUG MainThread:31 - SerialManager - Connected to port /dev/ttyUSB0

2026-08-24,08:02:46:DEBUG MainThread:31 - SerialManager - Connected to port /dev/ttyUSB0

2026-08-24,08:02:52:DEBUG MainThread:571 - All threading processes stopped.

2026-08-24,08:03:00:DEBUG MainThread:31 - SerialManager - Connected to port /dev/ttyUSB0

2026-08-24 08:03:07,066  WARNING  MainThread:213 -
Polling thread disabled.

2026-08-24 08:03:07,068  WARNING  MainThread:225 -
Reset thread disabled.

2026-08-24,08:03:07:DEBUG MainThread:363 - MainController - REST SERVER halted.

2026-08-24 08:03:07,077  WARNING  MainThread:245 -
REST server thread disabled.

2026-08-24 08:03:07,078  WARNING  MainThread:257 -
HTTP-URL thread disabled.

2026-08-24 08:03:07,079  INFO  MainThread:288 -
[START] PYGATEWAY LISTENER @ 24-08-2026 08:03:07

2026-08-24,08:03:07:DEBUG MainThread:31 - SerialManager - Connected to port /dev/ttyUSB0

2026-08-24,08:03:13:DEBUG MainThread:31 - SerialManager - Connected to port /dev/ttyUSB0

2026-08-24,08:03:19:DEBUG MainThread:31 - SerialManager - Connected to port /dev/ttyUSB0

2026-08-24,08:03:25:DEBUG MainThread:31 - SerialManager - Connected to port /dev/ttyUSB0

2026-08-24,08:03:31:DEBUG MainThread:31 - SerialManager - Connected to port /dev/ttyUSB0

2026-08-24,08:03:37:DEBUG MainThread:31 - SerialManager - Connected to port /dev/ttyUSB0

2026-08-24,08:03:43:DEBUG MainThread:31 - SerialManager - Connected to port /dev/ttyUSB0

2026-08-24,08:03:49:DEBUG MainThread:31 - SerialManager - Connected to port /dev/ttyUSB0

2026-08-24,08:03:55:DEBUG MainThread:31 - SerialManager - Connected to port /dev/ttyUSB0

2026-08-24,08:04:01:DEBUG MainThread:31 - SerialManager - Connected to port /dev/ttyUSB0

2026-08-24,08:04:07:DEBUG MainThread:31 - SerialManager - Connected to port /dev/ttyUSB0

2026-08-24,08:04:13:DEBUG MainThread:31 - SerialManager - Connected to port /dev/ttyUSB0

2026-08-24,08:04:19:DEBUG MainThread:31 - SerialManager - Connected to port /dev/ttyUSB0

2026-08-24,08:04:25:DEBUG MainThread:31 - SerialManager - Connected to port /dev/ttyUSB0

2026-08-24,08:04:31:DEBUG MainThread:31 - SerialManager - Connected to port /dev/ttyUSB0

2026-08-24,08:04:37:DEBUG MainThread:31 - SerialManager - Connected to port /dev/ttyUSB0

2026-08-24,08:04:43:DEBUG MainThread:31 - SerialManager - Connected to port /dev/ttyUSB0

2026-08-24,08:04:50:DEBUG MainThread:31 - SerialManager - Connected to port /dev/ttyUSB0

2026-08-24,08:04:56:DEBUG MainThread:31 - SerialManager - Connected to port /dev/ttyUSB0

2026-08-24,08:05:02:DEBUG MainThread:31 - SerialManager - Connected to port /dev/ttyUSB0

2026-08-24,08:05:08:DEBUG MainThread:31 - SerialManager - Connected to port /dev/ttyUSB0

2026-08-24,08:05:14:DEBUG MainThread:31 - SerialManager - Connected to port /dev/ttyUSB0

2026-08-24,08:05:20:DEBUG MainThread:31 - SerialManager - Connected to port /dev/ttyUSB0

2026-08-24,08:05:26:DEBUG MainThread:31 - SerialManager - Connected to port /dev/ttyUSB0

2026-08-24,08:05:32:DEBUG MainThread:31 - SerialManager - Connected to port /dev/ttyUSB0

2026-08-24,08:05:38:DEBUG MainThread:31 - SerialManager - Connected to port /dev/ttyUSB0

2026-08-24,08:05:44:DEBUG MainThread:31 - SerialManager - Connected to port /dev/ttyUSB0

2026-08-24,08:05:50:DEBUG MainThread:31 - SerialManager - Connected to port /dev/ttyUSB0

2026-08-24,08:05:56:DEBUG MainThread:31 - SerialManager - Connected to port /dev/ttyUSB0

2026-08-24,08:06:02:DEBUG MainThread:31 - SerialManager - Connected to port /dev/ttyUSB0

2026-08-24,08:06:08:DEBUG MainThread:31 - SerialManager - Connected to port /dev/ttyUSB0

2026-08-24,08:06:14:DEBUG MainThread:31 - SerialManager - Connected to port /dev/ttyUSB0

2026-08-24,08:06:20:DEBUG MainThread:31 - SerialManager - Connected to port /dev/ttyUSB0

2026-08-24,08:06:26:DEBUG MainThread:31 - SerialManager - Connected to port /dev/ttyUSB0

2026-08-24,08:06:32:DEBUG MainThread:31 - SerialManager - Connected to port /dev/ttyUSB0

2026-08-24,08:06:38:DEBUG MainThread:31 - SerialManager - Connected to port /dev/ttyUSB0

2026-08-24,08:06:45:DEBUG MainThread:31 - SerialManager - Connected to port /dev/ttyUSB0

2026-08-24,08:06:51:DEBUG MainThread:31 - SerialManager - Connected to port /dev/ttyUSB0

2026-08-24,08:06:57:DEBUG MainThread:31 - SerialManager - Connected to port /dev/ttyUSB0

2026-08-24,08:07:03:DEBUG MainThread:31 - SerialManager - Connected to port /dev/ttyUSB0

2026-08-24,08:07:09:DEBUG MainThread:31 - SerialManager - Connected to port /dev/ttyUSB0

2026-08-24,08:07:15:DEBUG MainThread:31 - SerialManager - Connected to port /dev/ttyUSB0

2026-08-24,08:07:21:DEBUG MainThread:31 - SerialManager - Connected to port /dev/ttyUSB0

2026-08-24,08:07:27:DEBUG MainThread:31 - SerialManager - Connected to port /dev/ttyUSB0

2026-08-24,08:07:33:DEBUG MainThread:31 - SerialManager - Connected to port /dev/ttyUSB0

2026-08-24,08:07:39:DEBUG MainThread:31 - SerialManager - Connected to port /dev/ttyUSB0

2026-08-24,08:07:45:DEBUG MainThread:31 - SerialManager - Connected to port /dev/ttyUSB0

2026-08-24,08:07:51:DEBUG MainThread:31 - SerialManager - Connected to port /dev/ttyUSB0

2026-08-24,08:07:57:DEBUG MainThread:31 - SerialManager - Connected to port /dev/ttyUSB0

2026-08-24,08:08:03:DEBUG MainThread:31 - SerialManager - Connected to port /dev/ttyUSB0

2026-08-24,08:08:09:DEBUG MainThread:31 - SerialManager - Connected to port /dev/ttyUSB0

2026-08-24,08:08:15:DEBUG MainThread:31 - SerialManager - Connected to port /dev/ttyUSB0

2026-08-24,08:08:21:DEBUG MainThread:31 - SerialManager - Connected to port /dev/ttyUSB0

2026-08-24,08:08:27:DEBUG MainThread:31 - SerialManager - Connected to port /dev/ttyUSB0

2026-08-24,08:08:33:DEBUG MainThread:31 - SerialManager - Connected to port /dev/ttyUSB0

2026-08-24,08:08:40:DEBUG MainThread:31 - SerialManager - Connected to port /dev/ttyUSB0

2026-08-24,08:08:46:DEBUG MainThread:31 - SerialManager - Connected to port /dev/ttyUSB0

2026-08-24,08:08:52:DEBUG MainThread:31 - SerialManager - Connected to port /dev/ttyUSB0

2026-08-24,08:08:58:DEBUG MainThread:31 - SerialManager - Connected to port /dev/ttyUSB0

2026-08-24,08:09:04:DEBUG MainThread:31 - SerialManager - Connected to port /dev/ttyUSB0

2026-08-24,08:09:10:DEBUG MainThread:31 - SerialManager - Connected to port /dev/ttyUSB0

2026-08-24,08:09:16:DEBUG MainThread:31 - SerialManager - Connected to port /dev/ttyUSB0

2026-08-24,08:09:22:DEBUG MainThread:31 - SerialManager - Connected to port /dev/ttyUSB0

2026-08-24,08:09:28:DEBUG MainThread:31 - SerialManager - Connected to port /dev/ttyUSB0

2026-08-24,08:09:34:DEBUG MainThread:31 - SerialManager - Connected to port /dev/ttyUSB0

2026-08-24,08:09:40:DEBUG MainThread:31 - SerialManager - Connected to port /dev/ttyUSB0

2026-08-24,08:09:46:DEBUG MainThread:31 - SerialManager - Connected to port /dev/ttyUSB0

2026-08-24,08:09:52:DEBUG MainThread:31 - SerialManager - Connected to port /dev/ttyUSB0

2026-08-24,08:09:58:DEBUG MainThread:31 - SerialManager - Connected to port /dev/ttyUSB0

2026-08-24,08:10:04:DEBUG MainThread:31 - SerialManager - Connected to port /dev/ttyUSB0

2026-08-24,08:10:10:DEBUG MainThread:31 - SerialManager - Connected to port /dev/ttyUSB0

2026-08-24,08:10:16:DEBUG MainThread:31 - SerialManager - Connected to port /dev/ttyUSB0

2026-08-24,08:10:22:DEBUG MainThread:31 - SerialManager - Connected to port /dev/ttyUSB0

2026-08-24,08:10:28:DEBUG MainThread:31 - SerialManager - Connected to port /dev/ttyUSB0

2026-08-24,08:10:34:DEBUG MainThread:31 - SerialManager - Connected to port /dev/ttyUSB0

2026-08-24,08:10:40:DEBUG MainThread:31 - SerialManager - Connected to port /dev/ttyUSB0

2026-08-24,08:10:47:DEBUG MainThread:31 - SerialManager - Connected to port /dev/ttyUSB0

2026-08-24,08:10:53:DEBUG MainThread:31 - SerialManager - Connected to port /dev/ttyUSB0

2026-08-24,08:10:59:DEBUG MainThread:31 - SerialManager - Connected to port /dev/ttyUSB0

2026-08-24,08:11:05:DEBUG MainThread:31 - SerialManager - Connected to port /dev/ttyUSB0

2026-08-24,08:11:11:DEBUG MainThread:31 - SerialManager - Connected to port /dev/ttyUSB0

2026-08-24,08:11:17:DEBUG MainThread:31 - SerialManager - Connected to port /dev/ttyUSB0

2026-08-24,08:11:23:DEBUG MainThread:31 - SerialManager - Connected to port /dev/ttyUSB0

2026-08-24,08:11:29:DEBUG MainThread:31 - SerialManager - Connected to port /dev/ttyUSB0

2026-08-24,08:11:35:DEBUG MainThread:31 - SerialManager - Connected to port /dev/ttyUSB0

2026-08-24,08:11:41:DEBUG MainThread:31 - SerialManager - Connected to port /dev/ttyUSB0

2026-08-24,08:11:47:DEBUG MainThread:31 - SerialManager - Connected to port /dev/ttyUSB0

2026-08-24,08:11:53:DEBUG MainThread:31 - SerialManager - Connected to port /dev/ttyUSB0

2026-08-24,08:11:59:DEBUG MainThread:31 - SerialManager - Connected to port /dev/ttyUSB0

2026-08-24,08:12:05:DEBUG MainThread:31 - SerialManager - Connected to port /dev/ttyUSB0

2026-08-24,08:12:11:DEBUG MainThread:31 - SerialManager - Connected to port /dev/ttyUSB0

2026-08-24,08:12:17:DEBUG MainThread:31 - SerialManager - Connected to port /dev/ttyUSB0

2026-08-24,08:12:23:DEBUG MainThread:31 - SerialManager - Connected to port /dev/ttyUSB0

2026-08-24,08:12:29:DEBUG MainThread:31 - SerialManager - Connected to port /dev/ttyUSB0

2026-08-24,08:12:35:DEBUG MainThread:31 - SerialManager - Connected to port /dev/ttyUSB0

2026-08-24,08:12:42:DEBUG MainThread:31 - SerialManager - Connected to port /dev/ttyUSB0

2026-08-24,08:12:48:DEBUG MainThread:31 - SerialManager - Connected to port /dev/ttyUSB0

2026-08-24,08:12:54:DEBUG MainThread:31 - SerialManager - Connected to port /dev/ttyUSB0

2026-08-24 08:13:00,160  ERROR  MainThread:465 -
Attempting to use a port that is not open

2026-08-24,08:13:00:DEBUG MainThread:31 - SerialManager - Connected to port /dev/ttyUSB0

2026-08-24,08:13:06:DEBUG MainThread:544 - All serial ports cannot be opened: reconnecting...

2026-08-24,08:13:07:DEBUG MainThread:31 - SerialManager - Connected to port /dev/ttyUSB0

2026-08-24,08:13:13:DEBUG MainThread:31 - SerialManager - Connected to port /dev/ttyUSB0

2026-08-24,08:13:19:DEBUG MainThread:31 - SerialManager - Connected to port /dev/ttyUSB0

2026-08-24,08:13:25:DEBUG MainThread:31 - SerialManager - Connected to port /dev/ttyUSB0

2026-08-24,08:13:31:DEBUG MainThread:31 - SerialManager - Connected to port /dev/ttyUSB0

2026-08-24,08:13:37:DEBUG MainThread:31 - SerialManager - Connected to port /dev/ttyUSB0

2026-08-24,08:13:43:DEBUG MainThread:31 - SerialManager - Connected to port /dev/ttyUSB0

2026-08-24,08:13:49:DEBUG MainThread:31 - SerialManager - Connected to port /dev/ttyUSB0

2026-08-24,08:13:55:DEBUG MainThread:31 - SerialManager - Connected to port /dev/ttyUSB0

2026-08-24,08:14:01:DEBUG MainThread:31 - SerialManager - Connected to port /dev/ttyUSB0

2026-08-24,08:14:07:DEBUG MainThread:31 - SerialManager - Connected to port /dev/ttyUSB0

2026-08-24,08:14:13:DEBUG MainThread:31 - SerialManager - Connected to port /dev/ttyUSB0

2026-08-24,08:14:19:DEBUG MainThread:31 - SerialManager - Connected to port /dev/ttyUSB0

2026-08-24,08:14:25:DEBUG MainThread:31 - SerialManager - Connected to port /dev/ttyUSB0

2026-08-24,08:14:31:DEBUG MainThread:31 - SerialManager - Connected to port /dev/ttyUSB0

2026-08-24,08:14:38:DEBUG MainThread:31 - SerialManager - Connected to port /dev/ttyUSB0

2026-08-24,08:14:44:DEBUG MainThread:31 - SerialManager - Connected to port /dev/ttyUSB0

2026-08-24,08:14:50:DEBUG MainThread:31 - SerialManager - Connected to port /dev/ttyUSB0

2026-08-24,08:14:56:DEBUG MainThread:31 - SerialManager - Connected to port /dev/ttyUSB0

2026-08-24,08:15:02:DEBUG MainThread:31 - SerialManager - Connected to port /dev/ttyUSB0

2026-08-24,08:15:08:DEBUG MainThread:31 - SerialManager - Connected to port /dev/ttyUSB0

2026-08-24,08:15:14:DEBUG MainThread:31 - SerialManager - Connected to port /dev/ttyUSB0

2026-08-24,08:15:20:DEBUG MainThread:31 - SerialManager - Connected to port /dev/ttyUSB0

2026-08-24,08:15:26:DEBUG MainThread:31 - SerialManager - Connected to port /dev/ttyUSB0

2026-08-24,08:15:32:DEBUG MainThread:31 - SerialManager - Connected to port /dev/ttyUSB0

2026-08-24,08:15:38:DEBUG MainThread:31 - SerialManager - Connected to port /dev/ttyUSB0

2026-08-24,08:15:44:DEBUG MainThread:31 - SerialManager - Connected to port /dev/ttyUSB0

2026-08-24,08:15:50:DEBUG MainThread:31 - SerialManager - Connected to port /dev/ttyUSB0

2026-08-24,08:15:56:DEBUG MainThread:31 - SerialManager - Connected to port /dev/ttyUSB0

2026-08-24,08:16:02:DEBUG MainThread:31 - SerialManager - Connected to port /dev/ttyUSB0

2026-08-24,08:16:08:DEBUG MainThread:31 - SerialManager - Connected to port /dev/ttyUSB0

2026-08-24,08:16:14:DEBUG MainThread:31 - SerialManager - Connected to port /dev/ttyUSB0

2026-08-24,08:16:20:DEBUG MainThread:31 - SerialManager - Connected to port /dev/ttyUSB0

2026-08-24,08:16:27:DEBUG MainThread:31 - SerialManager - Connected to port /dev/ttyUSB0

2026-08-24,08:16:33:DEBUG MainThread:31 - SerialManager - Connected to port /dev/ttyUSB0

2026-08-24,08:16:39:DEBUG MainThread:31 - SerialManager - Connected to port /dev/ttyUSB0

2026-08-24,08:16:45:DEBUG MainThread:31 - SerialManager - Connected to port /dev/ttyUSB0

2026-08-24,08:16:51:DEBUG MainThread:31 - SerialManager - Connected to port /dev/ttyUSB0

2026-08-24,08:16:57:DEBUG MainThread:31 - SerialManager - Connected to port /dev/ttyUSB0

2026-08-24,08:17:03:DEBUG MainThread:31 - SerialManager - Connected to port /dev/ttyUSB0

2026-08-24,08:17:09:DEBUG MainThread:31 - SerialManager - Connected to port /dev/ttyUSB0

2026-08-24,08:17:15:DEBUG MainThread:31 - SerialManager - Connected to port /dev/ttyUSB0

2026-08-24,08:17:21:DEBUG MainThread:31 - SerialManager - Connected to port /dev/ttyUSB0

2026-08-24,08:17:27:DEBUG MainThread:31 - SerialManager - Connected to port /dev/ttyUSB0

2026-08-24,08:17:33:DEBUG MainThread:31 - SerialManager - Connected to port /dev/ttyUSB0

2026-08-24,08:17:39:DEBUG MainThread:31 - SerialManager - Connected to port /dev/ttyUSB0

2026-08-24,08:17:45:DEBUG MainThread:31 - SerialManager - Connected to port /dev/ttyUSB0

2026-08-24,08:17:51:DEBUG MainThread:31 - SerialManager - Connected to port /dev/ttyUSB0

2026-08-24,08:17:57:DEBUG MainThread:31 - SerialManager - Connected to port /dev/ttyUSB0

2026-08-24,08:18:03:DEBUG MainThread:31 - SerialManager - Connected to port /dev/ttyUSB0

2026-08-24,08:18:09:DEBUG MainThread:31 - SerialManager - Connected to port /dev/ttyUSB0

2026-08-24,08:18:16:DEBUG MainThread:31 - SerialManager - Connected to port /dev/ttyUSB0

2026-08-24,08:18:22:DEBUG MainThread:31 - SerialManager - Connected to port /dev/ttyUSB0

2026-08-24,08:18:28:DEBUG MainThread:31 - SerialManager - Connected to port /dev/ttyUSB0

2026-08-24,08:18:34:DEBUG MainThread:31 - SerialManager - Connected to port /dev/ttyUSB0

2026-08-24,08:18:40:DEBUG MainThread:31 - SerialManager - Connected to port /dev/ttyUSB0

2026-08-24,08:18:46:DEBUG MainThread:31 - SerialManager - Connected to port /dev/ttyUSB0

2026-08-24,08:18:52:DEBUG MainThread:31 - SerialManager - Connected to port /dev/ttyUSB0

2026-08-24,08:18:58:DEBUG MainThread:31 - SerialManager - Connected to port /dev/ttyUSB0

2026-08-24,08:19:04:DEBUG MainThread:31 - SerialManager - Connected to port /dev/ttyUSB0

2026-08-24,08:19:10:DEBUG MainThread:31 - SerialManager - Connected to port /dev/ttyUSB0

2026-08-24,08:19:16:DEBUG MainThread:31 - SerialManager - Connected to port /dev/ttyUSB0

2026-08-24,08:19:22:DEBUG MainThread:31 - SerialManager - Connected to port /dev/ttyUSB0

2026-08-24,08:19:28:DEBUG MainThread:31 - SerialManager - Connected to port /dev/ttyUSB0

2026-08-24,08:19:34:DEBUG MainThread:31 - SerialManager - Connected to port /dev/ttyUSB0

2026-08-24,08:19:40:DEBUG MainThread:31 - SerialManager - Connected to port /dev/ttyUSB0

2026-08-24,08:19:46:DEBUG MainThread:31 - SerialManager - Connected to port /dev/ttyUSB0

2026-08-24,08:19:52:DEBUG MainThread:31 - SerialManager - Connected to port /dev/ttyUSB0

2026-08-24,08:19:58:DEBUG MainThread:31 - SerialManager - Connected to port /dev/ttyUSB0

2026-08-24,08:20:05:DEBUG MainThread:31 - SerialManager - Connected to port /dev/ttyUSB0

2026-08-24,08:20:11:DEBUG MainThread:31 - SerialManager - Connected to port /dev/ttyUSB0

2026-08-24,08:20:17:DEBUG MainThread:31 - SerialManager - Connected to port /dev/ttyUSB0

2026-08-24,08:20:23:DEBUG MainThread:31 - SerialManager - Connected to port /dev/ttyUSB0

2026-08-24,08:20:29:DEBUG MainThread:31 - SerialManager - Connected to port /dev/ttyUSB0

2026-08-24,08:20:35:DEBUG MainThread:31 - SerialManager - Connected to port /dev/ttyUSB0

2026-08-24,08:20:41:DEBUG MainThread:31 - SerialManager - Connected to port /dev/ttyUSB0

2026-08-24,08:20:47:DEBUG MainThread:31 - SerialManager - Connected to port /dev/ttyUSB0

2026-08-24,08:20:53:DEBUG MainThread:31 - SerialManager - Connected to port /dev/ttyUSB0

2026-08-24,08:20:59:DEBUG MainThread:31 - SerialManager - Connected to port /dev/ttyUSB0

2026-08-24,08:21:05:DEBUG MainThread:31 - SerialManager - Connected to port /dev/ttyUSB0

2026-08-24,08:21:11:DEBUG MainThread:31 - SerialManager - Connected to port /dev/ttyUSB0

2026-08-24,08:21:17:DEBUG MainThread:31 - SerialManager - Connected to port /dev/ttyUSB0

2026-08-24,08:21:23:DEBUG MainThread:31 - SerialManager - Connected to port /dev/ttyUSB0

2026-08-24,08:21:29:DEBUG MainThread:31 - SerialManager - Connected to port /dev/ttyUSB0

2026-08-24,08:21:35:DEBUG MainThread:31 - SerialManager - Connected to port /dev/ttyUSB0

2026-08-24,08:21:41:DEBUG MainThread:31 - SerialManager - Connected to port /dev/ttyUSB0

2026-08-24,08:21:47:DEBUG MainThread:31 - SerialManager - Connected to port /dev/ttyUSB0

2026-08-24,08:21:53:DEBUG MainThread:31 - SerialManager - Connected to port /dev/ttyUSB0

2026-08-24,08:21:59:DEBUG MainThread:31 - SerialManager - Connected to port /dev/ttyUSB0

2026-08-24,08:22:06:DEBUG MainThread:31 - SerialManager - Connected to port /dev/ttyUSB0

2026-08-24,08:22:12:DEBUG MainThread:31 - SerialManager - Connected to port /dev/ttyUSB0

2026-08-24,08:22:18:DEBUG MainThread:31 - SerialManager - Connected to port /dev/ttyUSB0

2026-08-24,08:22:24:DEBUG MainThread:31 - SerialManager - Connected to port /dev/ttyUSB0

2026-08-24,08:22:30:DEBUG MainThread:31 - SerialManager - Connected to port /dev/ttyUSB0

2026-08-24,08:22:36:DEBUG MainThread:31 - SerialManager - Connected to port /dev/ttyUSB0

2026-08-24,08:22:42:DEBUG MainThread:31 - SerialManager - Connected to port /dev/ttyUSB0

2026-08-24,08:22:48:DEBUG MainThread:31 - SerialManager - Connected to port /dev/ttyUSB0

2026-08-24,08:22:54:DEBUG MainThread:31 - SerialManager - Connected to port /dev/ttyUSB0

2026-08-24 08:23:00,395  ERROR  MainThread:465 -
Attempting to use a port that is not open

2026-08-24,08:23:00:DEBUG MainThread:31 - SerialManager - Connected to port /dev/ttyUSB0

2026-08-24,08:23:06:DEBUG MainThread:544 - All serial ports cannot be opened: reconnecting...

2026-08-24,08:23:07:DEBUG MainThread:31 - SerialManager - Connected to port /dev/ttyUSB0

2026-08-24,08:23:13:DEBUG MainThread:31 - SerialManager - Connected to port /dev/ttyUSB0

2026-08-24,08:23:19:DEBUG MainThread:31 - SerialManager - Connected to port /dev/ttyUSB0

2026-08-24,08:23:25:DEBUG MainThread:31 - SerialManager - Connected to port /dev/ttyUSB0

2026-08-24,08:23:31:DEBUG MainThread:31 - SerialManager - Connected to port /dev/ttyUSB0

2026-08-24,08:23:37:DEBUG MainThread:31 - SerialManager - Connected to port /dev/ttyUSB0

2026-08-24,08:23:43:DEBUG MainThread:31 - SerialManager - Connected to port /dev/ttyUSB0

2026-08-24,08:23:49:DEBUG MainThread:31 - SerialManager - Connected to port /dev/ttyUSB0

2026-08-24,08:23:55:DEBUG MainThread:31 - SerialManager - Connected to port /dev/ttyUSB0

2026-08-24,08:24:01:DEBUG MainThread:31 - SerialManager - Connected to port /dev/ttyUSB0

2026-08-24,08:24:08:DEBUG MainThread:31 - SerialManager - Connected to port /dev/ttyUSB0

2026-08-24,08:24:14:DEBUG MainThread:31 - SerialManager - Connected to port /dev/ttyUSB0

2026-08-24,08:24:20:DEBUG MainThread:31 - SerialManager - Connected to port /dev/ttyUSB0

2026-08-24,08:24:26:DEBUG MainThread:31 - SerialManager - Connected to port /dev/ttyUSB0

2026-08-24,08:24:32:DEBUG MainThread:31 - SerialManager - Connected to port /dev/ttyUSB0

2026-08-24,08:24:38:DEBUG MainThread:31 - SerialManager - Connected to port /dev/ttyUSB0

2026-08-24,08:24:44:DEBUG MainThread:31 - SerialManager - Connected to port /dev/ttyUSB0

2026-08-24,08:24:50:DEBUG MainThread:31 - SerialManager - Connected to port /dev/ttyUSB0

2026-08-24,08:24:56:DEBUG MainThread:31 - SerialManager - Connected to port /dev/ttyUSB0

2026-08-24,08:25:02:DEBUG MainThread:31 - SerialManager - Connected to port /dev/ttyUSB0

2026-08-24,08:25:08:DEBUG MainThread:31 - SerialManager - Connected to port /dev/ttyUSB0

2026-08-24,08:25:14:DEBUG MainThread:31 - SerialManager - Connected to port /dev/ttyUSB0

2026-08-24,08:25:20:DEBUG MainThread:31 - SerialManager - Connected to port /dev/ttyUSB0

2026-08-24,08:25:26:DEBUG MainThread:31 - SerialManager - Connected to port /dev/ttyUSB0

2026-08-24,08:25:32:DEBUG MainThread:31 - SerialManager - Connected to port /dev/ttyUSB0

2026-08-24,08:25:38:DEBUG MainThread:31 - SerialManager - Connected to port /dev/ttyUSB0

2026-08-24,08:25:44:DEBUG MainThread:31 - SerialManager - Connected to port /dev/ttyUSB0

2026-08-24,08:25:50:DEBUG MainThread:31 - SerialManager - Connected to port /dev/ttyUSB0

2026-08-24,08:25:56:DEBUG MainThread:31 - SerialManager - Connected to port /dev/ttyUSB0

2026-08-24,08:26:02:DEBUG MainThread:31 - SerialManager - Connected to port /dev/ttyUSB0

2026-08-24,08:26:09:DEBUG MainThread:31 - SerialManager - Connected to port /dev/ttyUSB0

2026-08-24,08:26:15:DEBUG MainThread:31 - SerialManager - Connected to port /dev/ttyUSB0

2026-08-24,08:26:21:DEBUG MainThread:31 - SerialManager - Connected to port /dev/ttyUSB0

2026-08-24,08:26:27:DEBUG MainThread:31 - SerialManager - Connected to port /dev/ttyUSB0

2026-08-24,08:26:33:DEBUG MainThread:31 - SerialManager - Connected to port /dev/ttyUSB0

2026-08-24,08:26:39:DEBUG MainThread:31 - SerialManager - Connected to port /dev/ttyUSB0

2026-08-24,08:26:45:DEBUG MainThread:31 - SerialManager - Connected to port /dev/ttyUSB0

2026-08-24,08:26:51:DEBUG MainThread:31 - SerialManager - Connected to port /dev/ttyUSB0

2026-08-24,08:26:57:DEBUG MainThread:31 - SerialManager - Connected to port /dev/ttyUSB0

2026-08-24,08:27:03:DEBUG MainThread:31 - SerialManager - Connected to port /dev/ttyUSB0

2026-08-24,08:27:09:DEBUG MainThread:31 - SerialManager - Connected to port /dev/ttyUSB0

2026-08-24,08:27:15:DEBUG MainThread:31 - SerialManager - Connected to port /dev/ttyUSB0

2026-08-24,08:27:21:DEBUG MainThread:31 - SerialManager - Connected to port /dev/ttyUSB0

2026-08-24,08:27:27:DEBUG MainThread:31 - SerialManager - Connected to port /dev/ttyUSB0

2026-08-24,08:27:33:DEBUG MainThread:31 - SerialManager - Connected to port /dev/ttyUSB0

2026-08-24,08:27:39:DEBUG MainThread:31 - SerialManager - Connected to port /dev/ttyUSB0

2026-08-24,08:27:45:DEBUG MainThread:31 - SerialManager - Connected to port /dev/ttyUSB0

2026-08-24,08:27:51:DEBUG MainThread:31 - SerialManager - Connected to port /dev/ttyUSB0

2026-08-24,08:27:57:DEBUG MainThread:31 - SerialManager - Connected to port /dev/ttyUSB0

2026-08-24,08:28:04:DEBUG MainThread:31 - SerialManager - Connected to port /dev/ttyUSB0

2026-08-24,08:28:10:DEBUG MainThread:31 - SerialManager - Connected to port /dev/ttyUSB0

2026-08-24,08:28:16:DEBUG MainThread:31 - SerialManager - Connected to port /dev/ttyUSB0

2026-08-24,08:28:22:DEBUG MainThread:31 - SerialManager - Connected to port /dev/ttyUSB0

2026-08-24,08:28:28:DEBUG MainThread:31 - SerialManager - Connected to port /dev/ttyUSB0

2026-08-24,08:28:34:DEBUG MainThread:31 - SerialManager - Connected to port /dev/ttyUSB0

2026-08-24,08:28:40:DEBUG MainThread:31 - SerialManager - Connected to port /dev/ttyUSB0

2026-08-24,08:28:46:DEBUG MainThread:31 - SerialManager - Connected to port /dev/ttyUSB0

2026-08-24,08:28:52:DEBUG MainThread:31 - SerialManager - Connected to port /dev/ttyUSB0

2026-08-24,08:28:58:DEBUG MainThread:31 - SerialManager - Connected to port /dev/ttyUSB0

2026-08-24,08:29:04:DEBUG MainThread:31 - SerialManager - Connected to port /dev/ttyUSB0

2026-08-24,08:29:10:DEBUG MainThread:31 - SerialManager - Connected to port /dev/ttyUSB0

2026-08-24,08:29:16:DEBUG MainThread:31 - SerialManager - Connected to port /dev/ttyUSB0

2026-08-24,08:29:22:DEBUG MainThread:31 - SerialManager - Connected to port /dev/ttyUSB0

2026-08-24,08:29:28:DEBUG MainThread:31 - SerialManager - Connected to port /dev/ttyUSB0

2026-08-24,08:29:34:DEBUG MainThread:31 - SerialManager - Connected to port /dev/ttyUSB0

2026-08-24,08:29:40:DEBUG MainThread:31 - SerialManager - Connected to port /dev/ttyUSB0

2026-08-24,08:29:46:DEBUG MainThread:31 - SerialManager - Connected to port /dev/ttyUSB0

2026-08-24,08:29:52:DEBUG MainThread:31 - SerialManager - Connected to port /dev/ttyUSB0

2026-08-24,08:29:58:DEBUG MainThread:31 - SerialManager - Connected to port /dev/ttyUSB0

2026-08-24,08:30:05:DEBUG MainThread:31 - SerialManager - Connected to port /dev/ttyUSB0

2026-08-24,08:30:11:DEBUG MainThread:31 - SerialManager - Connected to port /dev/ttyUSB0

2026-08-24,08:30:17:DEBUG MainThread:31 - SerialManager - Connected to port /dev/ttyUSB0

2026-08-24,08:30:23:DEBUG MainThread:31 - SerialManager - Connected to port /dev/ttyUSB0

2026-08-24,08:30:29:DEBUG MainThread:31 - SerialManager - Connected to port /dev/ttyUSB0

2026-08-24,08:30:35:DEBUG MainThread:31 - SerialManager - Connected to port /dev/ttyUSB0

2026-08-24,08:30:41:DEBUG MainThread:31 - SerialManager - Connected to port /dev/ttyUSB0

2026-08-24,08:30:47:DEBUG MainThread:31 - SerialManager - Connected to port /dev/ttyUSB0

2026-08-24,08:30:53:DEBUG MainThread:31 - SerialManager - Connected to port /dev/ttyUSB0

2026-08-24,08:30:59:DEBUG MainThread:31 - SerialManager - Connected to port /dev/ttyUSB0

2026-08-24,08:31:05:DEBUG MainThread:31 - SerialManager - Connected to port /dev/ttyUSB0

2026-08-24,08:31:11:DEBUG MainThread:31 - SerialManager - Connected to port /dev/ttyUSB0

2026-08-24,08:31:17:DEBUG MainThread:31 - SerialManager - Connected to port /dev/ttyUSB0

2026-08-24,08:31:23:DEBUG MainThread:31 - SerialManager - Connected to port /dev/ttyUSB0

2026-08-24,08:31:29:DEBUG MainThread:31 - SerialManager - Connected to port /dev/ttyUSB0

2026-08-24,08:31:35:DEBUG MainThread:31 - SerialManager - Connected to port /dev/ttyUSB0

2026-08-24,08:31:41:DEBUG MainThread:31 - SerialManager - Connected to port /dev/ttyUSB0

2026-08-24,08:31:47:DEBUG MainThread:31 - SerialManager - Connected to port /dev/ttyUSB0

2026-08-24,08:31:54:DEBUG MainThread:31 - SerialManager - Connected to port /dev/ttyUSB0

2026-08-24 08:32:00,027  ERROR  MainThread:465 -
Attempting to use a port that is not open

2026-08-24,08:32:00:DEBUG MainThread:31 - SerialManager - Connected to port /dev/ttyUSB0

2026-08-24,08:32:06:DEBUG MainThread:544 - All serial ports cannot be opened: reconnecting...

2026-08-24,08:32:07:DEBUG MainThread:31 - SerialManager - Connected to port /dev/ttyUSB0

2026-08-24,08:32:13:DEBUG MainThread:31 - SerialManager - Connected to port /dev/ttyUSB0

2026-08-24,08:32:19:DEBUG MainThread:31 - SerialManager - Connected to port /dev/ttyUSB0

2026-08-24,08:32:25:DEBUG MainThread:31 - SerialManager - Connected to port /dev/ttyUSB0

2026-08-24,08:32:31:DEBUG MainThread:31 - SerialManager - Connected to port /dev/ttyUSB0

2026-08-24,08:32:37:DEBUG MainThread:31 - SerialManager - Connected to port /dev/ttyUSB0

2026-08-24,08:32:43:DEBUG MainThread:31 - SerialManager - Connected to port /dev/ttyUSB0

2026-08-24,08:32:49:DEBUG MainThread:31 - SerialManager - Connected to port /dev/ttyUSB0

2026-08-24,08:32:55:DEBUG MainThread:31 - SerialManager - Connected to port /dev/ttyUSB0

2026-08-24,08:33:01:DEBUG MainThread:31 - SerialManager - Connected to port /dev/ttyUSB0

2026-08-24,08:33:07:DEBUG MainThread:31 - SerialManager - Connected to port /dev/ttyUSB0

2026-08-24,08:33:13:DEBUG MainThread:31 - SerialManager - Connected to port /dev/ttyUSB0

2026-08-24,08:33:19:DEBUG MainThread:31 - SerialManager - Connected to port /dev/ttyUSB0

2026-08-24,08:33:25:DEBUG MainThread:31 - SerialManager - Connected to port /dev/ttyUSB0

2026-08-24,08:33:31:DEBUG MainThread:31 - SerialManager - Connected to port /dev/ttyUSB0

2026-08-24,08:33:37:DEBUG MainThread:31 - SerialManager - Connected to port /dev/ttyUSB0

2026-08-24,08:33:44:DEBUG MainThread:31 - SerialManager - Connected to port /dev/ttyUSB0

2026-08-24,08:33:50:DEBUG MainThread:31 - SerialManager - Connected to port /dev/ttyUSB0

2026-08-24,08:33:56:DEBUG MainThread:31 - SerialManager - Connected to port /dev/ttyUSB0

2026-08-24,08:34:02:DEBUG MainThread:31 - SerialManager - Connected to port /dev/ttyUSB0

2026-08-24,08:34:08:DEBUG MainThread:31 - SerialManager - Connected to port /dev/ttyUSB0

2026-08-24,08:34:14:DEBUG MainThread:31 - SerialManager - Connected to port /dev/ttyUSB0

2026-08-24,08:34:20:DEBUG MainThread:31 - SerialManager - Connected to port /dev/ttyUSB0

2026-08-24,08:34:26:DEBUG MainThread:31 - SerialManager - Connected to port /dev/ttyUSB0

2026-08-24,08:34:32:DEBUG MainThread:31 - SerialManager - Connected to port /dev/ttyUSB0

2026-08-24,08:34:38:DEBUG MainThread:31 - SerialManager - Connected to port /dev/ttyUSB0

2026-08-24,08:34:44:DEBUG MainThread:31 - SerialManager - Connected to port /dev/ttyUSB0

2026-08-24,08:34:50:DEBUG MainThread:31 - SerialManager - Connected to port /dev/ttyUSB0

2026-08-24,08:34:56:DEBUG MainThread:31 - SerialManager - Connected to port /dev/ttyUSB0

2026-08-24,08:35:02:DEBUG MainThread:31 - SerialManager - Connected to port /dev/ttyUSB0

2026-08-24,08:35:08:DEBUG MainThread:31 - SerialManager - Connected to port /dev/ttyUSB0

2026-08-24,08:35:14:DEBUG MainThread:31 - SerialManager - Connected to port /dev/ttyUSB0

2026-08-24,08:35:20:DEBUG MainThread:31 - SerialManager - Connected to port /dev/ttyUSB0

2026-08-24,08:35:26:DEBUG MainThread:31 - SerialManager - Connected to port /dev/ttyUSB0

2026-08-24,08:35:33:DEBUG MainThread:31 - SerialManager - Connected to port /dev/ttyUSB0

2026-08-24,08:35:39:DEBUG MainThread:31 - SerialManager - Connected to port /dev/ttyUSB0

2026-08-24,08:35:45:DEBUG MainThread:31 - SerialManager - Connected to port /dev/ttyUSB0

2026-08-24,08:35:51:DEBUG MainThread:31 - SerialManager - Connected to port /dev/ttyUSB0

2026-08-24,08:35:57:DEBUG MainThread:31 - SerialManager - Connected to port /dev/ttyUSB0

2026-08-24,08:36:03:DEBUG MainThread:31 - SerialManager - Connected to port /dev/ttyUSB0

2026-08-24,08:36:09:DEBUG MainThread:31 - SerialManager - Connected to port /dev/ttyUSB0

2026-08-24,08:36:15:DEBUG MainThread:31 - SerialManager - Connected to port /dev/ttyUSB0

2026-08-24,08:36:21:DEBUG MainThread:31 - SerialManager - Connected to port /dev/ttyUSB0

2026-08-24,08:36:27:DEBUG MainThread:31 - SerialManager - Connected to port /dev/ttyUSB0

2026-08-24,08:36:33:DEBUG MainThread:31 - SerialManager - Connected to port /dev/ttyUSB0

2026-08-24,08:36:39:DEBUG MainThread:31 - SerialManager - Connected to port /dev/ttyUSB0

2026-08-24,08:36:45:DEBUG MainThread:31 - SerialManager - Connected to port /dev/ttyUSB0

2026-08-24,08:36:51:DEBUG MainThread:31 - SerialManager - Connected to port /dev/ttyUSB0

2026-08-24,08:36:57:DEBUG MainThread:31 - SerialManager - Connected to port /dev/ttyUSB0

2026-08-24,08:37:03:DEBUG MainThread:31 - SerialManager - Connected to port /dev/ttyUSB0

2026-08-24,08:37:09:DEBUG MainThread:31 - SerialManager - Connected to port /dev/ttyUSB0

2026-08-24,08:37:15:DEBUG MainThread:31 - SerialManager - Connected to port /dev/ttyUSB0

2026-08-24,08:37:21:DEBUG MainThread:31 - SerialManager - Connected to port /dev/ttyUSB0

2026-08-24,08:37:27:DEBUG MainThread:31 - SerialManager - Connected to port /dev/ttyUSB0

2026-08-24,08:37:34:DEBUG MainThread:31 - SerialManager - Connected to port /dev/ttyUSB0

2026-08-24,08:37:40:DEBUG MainThread:31 - SerialManager - Connected to port /dev/ttyUSB0

2026-08-24,08:37:46:DEBUG MainThread:31 - SerialManager - Connected to port /dev/ttyUSB0

2026-08-24,08:37:52:DEBUG MainThread:31 - SerialManager - Connected to port /dev/ttyUSB0

2026-08-24,08:37:58:DEBUG MainThread:31 - SerialManager - Connected to port /dev/ttyUSB0

2026-08-24,08:38:04:DEBUG MainThread:31 - SerialManager - Connected to port /dev/ttyUSB0

2026-08-24,08:38:10:DEBUG MainThread:31 - SerialManager - Connected to port /dev/ttyUSB0

2026-08-24,08:38:16:DEBUG MainThread:31 - SerialManager - Connected to port /dev/ttyUSB0

2026-08-24,08:38:22:DEBUG MainThread:31 - SerialManager - Connected to port /dev/ttyUSB0

2026-08-24,08:38:28:DEBUG MainThread:31 - SerialManager - Connected to port /dev/ttyUSB0

2026-08-24,08:38:34:DEBUG MainThread:31 - SerialManager - Connected to port /dev/ttyUSB0

2026-08-24,08:38:40:DEBUG MainThread:31 - SerialManager - Connected to port /dev/ttyUSB0

2026-08-24,08:38:46:DEBUG MainThread:31 - SerialManager - Connected to port /dev/ttyUSB0

2026-08-24,08:38:52:DEBUG MainThread:31 - SerialManager - Connected to port /dev/ttyUSB0

2026-08-24,08:38:58:DEBUG MainThread:31 - SerialManager - Connected to port /dev/ttyUSB0

2026-08-24,08:39:04:DEBUG MainThread:31 - SerialManager - Connected to port /dev/ttyUSB0

2026-08-24,08:39:10:DEBUG MainThread:31 - SerialManager - Connected to port /dev/ttyUSB0

2026-08-24,08:39:16:DEBUG MainThread:31 - SerialManager - Connected to port /dev/ttyUSB0

2026-08-24,08:39:22:DEBUG MainThread:31 - SerialManager - Connected to port /dev/ttyUSB0

2026-08-24,08:39:28:DEBUG MainThread:31 - SerialManager - Connected to port /dev/ttyUSB0

2026-08-24,08:39:35:DEBUG MainThread:31 - SerialManager - Connected to port /dev/ttyUSB0

2026-08-24,08:39:41:DEBUG MainThread:31 - SerialManager - Connected to port /dev/ttyUSB0

2026-08-24,08:39:47:DEBUG MainThread:31 - SerialManager - Connected to port /dev/ttyUSB0

2026-08-24,08:39:53:DEBUG MainThread:31 - SerialManager - Connected to port /dev/ttyUSB0

2026-08-24,08:39:59:DEBUG MainThread:31 - SerialManager - Connected to port /dev/ttyUSB0

2026-08-24,08:40:05:DEBUG MainThread:31 - SerialManager - Connected to port /dev/ttyUSB0

2026-08-24,08:40:11:DEBUG MainThread:31 - SerialManager - Connected to port /dev/ttyUSB0

2026-08-24,08:40:17:DEBUG MainThread:31 - SerialManager - Connected to port /dev/ttyUSB0

2026-08-24,08:40:23:DEBUG MainThread:31 - SerialManager - Connected to port /dev/ttyUSB0

2026-08-24,08:40:29:DEBUG MainThread:31 - SerialManager - Connected to port /dev/ttyUSB0

2026-08-24,08:40:35:DEBUG MainThread:31 - SerialManager - Connected to port /dev/ttyUSB0

2026-08-24,08:40:41:DEBUG MainThread:31 - SerialManager - Connected to port /dev/ttyUSB0

2026-08-24,08:40:47:DEBUG MainThread:31 - SerialManager - Connected to port /dev/ttyUSB0

2026-08-24,08:40:53:DEBUG MainThread:31 - SerialManager - Connected to port /dev/ttyUSB0

2026-08-24,08:40:59:DEBUG MainThread:31 - SerialManager - Connected to port /dev/ttyUSB0

2026-08-24,08:41:05:DEBUG MainThread:31 - SerialManager - Connected to port /dev/ttyUSB0

2026-08-24,08:41:11:DEBUG MainThread:31 - SerialManager - Connected to port /dev/ttyUSB0

2026-08-24,08:41:17:DEBUG MainThread:31 - SerialManager - Connected to port /dev/ttyUSB0

2026-08-24,08:41:23:DEBUG MainThread:31 - SerialManager - Connected to port /dev/ttyUSB0

2026-08-24,08:41:30:DEBUG MainThread:31 - SerialManager - Connected to port /dev/ttyUSB0

2026-08-24,08:41:36:DEBUG MainThread:31 - SerialManager - Connected to port /dev/ttyUSB0

2026-08-24,08:41:42:DEBUG MainThread:31 - SerialManager - Connected to port /dev/ttyUSB0

2026-08-24,08:41:48:DEBUG MainThread:31 - SerialManager - Connected to port /dev/ttyUSB0

2026-08-24,08:41:54:DEBUG MainThread:31 - SerialManager - Connected to port /dev/ttyUSB0

2026-08-24 08:42:00,250  ERROR  MainThread:465 -
Attempting to use a port that is not open

2026-08-24,08:42:00:DEBUG MainThread:31 - SerialManager - Connected to port /dev/ttyUSB0

2026-08-24,08:42:06:DEBUG MainThread:544 - All serial ports cannot be opened: reconnecting...

2026-08-24,08:42:07:DEBUG MainThread:31 - SerialManager - Connected to port /dev/ttyUSB0

2026-08-24,08:42:13:DEBUG MainThread:31 - SerialManager - Connected to port /dev/ttyUSB0

2026-08-24,08:42:19:DEBUG MainThread:31 - SerialManager - Connected to port /dev/ttyUSB0

2026-08-24,08:42:25:DEBUG MainThread:31 - SerialManager - Connected to port /dev/ttyUSB0

2026-08-24,08:42:31:DEBUG MainThread:31 - SerialManager - Connected to port /dev/ttyUSB0

2026-08-24,08:42:37:DEBUG MainThread:31 - SerialManager - Connected to port /dev/ttyUSB0

2026-08-24,08:42:43:DEBUG MainThread:31 - SerialManager - Connected to port /dev/ttyUSB0

2026-08-24,08:42:49:DEBUG MainThread:31 - SerialManager - Connected to port /dev/ttyUSB0

2026-08-24,08:42:55:DEBUG MainThread:31 - SerialManager - Connected to port /dev/ttyUSB0

2026-08-24,08:43:01:DEBUG MainThread:31 - SerialManager - Connected to port /dev/ttyUSB0

2026-08-24,08:43:07:DEBUG MainThread:31 - SerialManager - Connected to port /dev/ttyUSB0

2026-08-24,08:43:13:DEBUG MainThread:31 - SerialManager - Connected to port /dev/ttyUSB0

2026-08-24,08:43:19:DEBUG MainThread:31 - SerialManager - Connected to port /dev/ttyUSB0

2026-08-24,08:43:26:DEBUG MainThread:31 - SerialManager - Connected to port /dev/ttyUSB0

2026-08-24,08:43:32:DEBUG MainThread:31 - SerialManager - Connected to port /dev/ttyUSB0

2026-08-24,08:43:38:DEBUG MainThread:31 - SerialManager - Connected to port /dev/ttyUSB0

2026-08-24,08:43:44:DEBUG MainThread:31 - SerialManager - Connected to port /dev/ttyUSB0

2026-08-24,08:43:50:DEBUG MainThread:31 - SerialManager - Connected to port /dev/ttyUSB0

2026-08-24,08:43:56:DEBUG MainThread:31 - SerialManager - Connected to port /dev/ttyUSB0

2026-08-24,08:44:02:DEBUG MainThread:31 - SerialManager - Connected to port /dev/ttyUSB0

2026-08-24,08:44:08:DEBUG MainThread:31 - SerialManager - Connected to port /dev/ttyUSB0

2026-08-24,08:44:14:DEBUG MainThread:31 - SerialManager - Connected to port /dev/ttyUSB0

2026-08-24,08:44:20:DEBUG MainThread:31 - SerialManager - Connected to port /dev/ttyUSB0

2026-08-24,08:44:26:DEBUG MainThread:31 - SerialManager - Connected to port /dev/ttyUSB0

2026-08-24,08:44:32:DEBUG MainThread:31 - SerialManager - Connected to port /dev/ttyUSB0

2026-08-24,08:44:38:DEBUG MainThread:31 - SerialManager - Connected to port /dev/ttyUSB0

2026-08-24,08:44:44:DEBUG MainThread:31 - SerialManager - Connected to port /dev/ttyUSB0

2026-08-24,08:44:50:DEBUG MainThread:31 - SerialManager - Connected to port /dev/ttyUSB0

2026-08-24,08:44:56:DEBUG MainThread:31 - SerialManager - Connected to port /dev/ttyUSB0

2026-08-24,08:45:02:DEBUG MainThread:31 - SerialManager - Connected to port /dev/ttyUSB0

2026-08-24,08:45:08:DEBUG MainThread:31 - SerialManager - Connected to port /dev/ttyUSB0

2026-08-24,08:45:14:DEBUG MainThread:31 - SerialManager - Connected to port /dev/ttyUSB0

2026-08-24,08:45:20:DEBUG MainThread:31 - SerialManager - Connected to port /dev/ttyUSB0

2026-08-24,08:45:27:DEBUG MainThread:31 - SerialManager - Connected to port /dev/ttyUSB0

2026-08-24,08:45:33:DEBUG MainThread:31 - SerialManager - Connected to port /dev/ttyUSB0

2026-08-24,08:45:39:DEBUG MainThread:31 - SerialManager - Connected to port /dev/ttyUSB0

2026-08-24,08:45:45:DEBUG MainThread:31 - SerialManager - Connected to port /dev/ttyUSB0

2026-08-24,08:45:51:DEBUG MainThread:31 - SerialManager - Connected to port /dev/ttyUSB0

2026-08-24,08:45:57:DEBUG MainThread:31 - SerialManager - Connected to port /dev/ttyUSB0

2026-08-24,08:46:03:DEBUG MainThread:31 - SerialManager - Connected to port /dev/ttyUSB0

2026-08-24,08:46:09:DEBUG MainThread:31 - SerialManager - Connected to port /dev/ttyUSB0

2026-08-24,08:46:15:DEBUG MainThread:31 - SerialManager - Connected to port /dev/ttyUSB0

2026-08-24,08:46:21:DEBUG MainThread:31 - SerialManager - Connected to port /dev/ttyUSB0

2026-08-24,08:46:27:DEBUG MainThread:31 - SerialManager - Connected to port /dev/ttyUSB0

2026-08-24,08:46:33:DEBUG MainThread:31 - SerialManager - Connected to port /dev/ttyUSB0

2026-08-24,08:46:39:DEBUG MainThread:31 - SerialManager - Connected to port /dev/ttyUSB0

2026-08-24,08:46:45:DEBUG MainThread:31 - SerialManager - Connected to port /dev/ttyUSB0

2026-08-24,08:46:51:DEBUG MainThread:31 - SerialManager - Connected to port /dev/ttyUSB0

2026-08-24,08:46:57:DEBUG MainThread:31 - SerialManager - Connected to port /dev/ttyUSB0

2026-08-24,08:47:03:DEBUG MainThread:31 - SerialManager - Connected to port /dev/ttyUSB0

2026-08-24,08:47:09:DEBUG MainThread:31 - SerialManager - Connected to port /dev/ttyUSB0

2026-08-24,08:47:16:DEBUG MainThread:31 - SerialManager - Connected to port /dev/ttyUSB0

2026-08-24,08:47:22:DEBUG MainThread:31 - SerialManager - Connected to port /dev/ttyUSB0

2026-08-24,08:47:28:DEBUG MainThread:31 - SerialManager - Connected to port /dev/ttyUSB0

2026-08-24,08:47:34:DEBUG MainThread:31 - SerialManager - Connected to port /dev/ttyUSB0

2026-08-24,08:47:40:DEBUG MainThread:31 - SerialManager - Connected to port /dev/ttyUSB0

2026-08-24,08:47:46:DEBUG MainThread:31 - SerialManager - Connected to port /dev/ttyUSB0

2026-08-24,08:47:52:DEBUG MainThread:31 - SerialManager - Connected to port /dev/ttyUSB0

2026-08-24,08:47:58:DEBUG MainThread:31 - SerialManager - Connected to port /dev/ttyUSB0

2026-08-24,08:48:04:DEBUG MainThread:31 - SerialManager - Connected to port /dev/ttyUSB0

2026-08-24,08:48:10:DEBUG MainThread:31 - SerialManager - Connected to port /dev/ttyUSB0

2026-08-24,08:48:16:DEBUG MainThread:31 - SerialManager - Connected to port /dev/ttyUSB0

2026-08-24,08:48:22:DEBUG MainThread:31 - SerialManager - Connected to port /dev/ttyUSB0

2026-08-24,08:48:28:DEBUG MainThread:31 - SerialManager - Connected to port /dev/ttyUSB0

2026-08-24,08:48:34:DEBUG MainThread:31 - SerialManager - Connected to port /dev/ttyUSB0

2026-08-24,08:48:40:DEBUG MainThread:31 - SerialManager - Connected to port /dev/ttyUSB0

2026-08-24,08:48:46:DEBUG MainThread:31 - SerialManager - Connected to port /dev/ttyUSB0

2026-08-24,08:48:52:DEBUG MainThread:31 - SerialManager - Connected to port /dev/ttyUSB0

2026-08-24,08:48:58:DEBUG MainThread:31 - SerialManager - Connected to port /dev/ttyUSB0

2026-08-24,08:49:05:DEBUG MainThread:31 - SerialManager - Connected to port /dev/ttyUSB0

2026-08-24,08:49:11:DEBUG MainThread:31 - SerialManager - Connected to port /dev/ttyUSB0

2026-08-24,08:49:17:DEBUG MainThread:31 - SerialManager - Connected to port /dev/ttyUSB0

2026-08-24,08:49:23:DEBUG MainThread:31 - SerialManager - Connected to port /dev/ttyUSB0

2026-08-24,08:49:29:DEBUG MainThread:31 - SerialManager - Connected to port /dev/ttyUSB0

2026-08-24,08:49:35:DEBUG MainThread:31 - SerialManager - Connected to port /dev/ttyUSB0

2026-08-24,08:49:41:DEBUG MainThread:31 - SerialManager - Connected to port /dev/ttyUSB0

2026-08-24,08:49:47:DEBUG MainThread:31 - SerialManager - Connected to port /dev/ttyUSB0

2026-08-24,08:49:53:DEBUG MainThread:31 - SerialManager - Connected to port /dev/ttyUSB0

2026-08-24,08:49:59:DEBUG MainThread:31 - SerialManager - Connected to port /dev/ttyUSB0

2026-08-24,08:50:05:DEBUG MainThread:31 - SerialManager - Connected to port /dev/ttyUSB0

2026-08-24,08:50:11:DEBUG MainThread:31 - SerialManager - Connected to port /dev/ttyUSB0

2026-08-24,08:50:17:DEBUG MainThread:31 - SerialManager - Connected to port /dev/ttyUSB0

2026-08-24,08:50:23:DEBUG MainThread:31 - SerialManager - Connected to port /dev/ttyUSB0

2026-08-24,08:50:29:DEBUG MainThread:31 - SerialManager - Connected to port /dev/ttyUSB0

2026-08-24,08:50:35:DEBUG MainThread:31 - SerialManager - Connected to port /dev/ttyUSB0

2026-08-24,08:50:42:DEBUG MainThread:31 - SerialManager - Connected to port /dev/ttyUSB0

2026-08-24,08:50:48:DEBUG MainThread:31 - SerialManager - Connected to port /dev/ttyUSB0

2026-08-24,08:50:54:DEBUG MainThread:31 - SerialManager - Connected to port /dev/ttyUSB0

2026-08-24 08:51:00,108  ERROR  MainThread:465 -
Attempting to use a port that is not open

2026-08-24,08:51:00:DEBUG MainThread:31 - SerialManager - Connected to port /dev/ttyUSB0

2026-08-24,08:51:06:DEBUG MainThread:544 - All serial ports cannot be opened: reconnecting...

2026-08-24,08:51:07:DEBUG MainThread:31 - SerialManager - Connected to port /dev/ttyUSB0

2026-08-24,08:51:13:DEBUG MainThread:31 - SerialManager - Connected to port /dev/ttyUSB0

2026-08-24,08:51:19:DEBUG MainThread:31 - SerialManager - Connected to port /dev/ttyUSB0

2026-08-24,08:51:25:DEBUG MainThread:31 - SerialManager - Connected to port /dev/ttyUSB0

2026-08-24,08:51:31:DEBUG MainThread:31 - SerialManager - Connected to port /dev/ttyUSB0

2026-08-24,08:51:37:DEBUG MainThread:31 - SerialManager - Connected to port /dev/ttyUSB0

2026-08-24,08:51:43:DEBUG MainThread:31 - SerialManager - Connected to port /dev/ttyUSB0

2026-08-24,08:51:49:DEBUG MainThread:31 - SerialManager - Connected to port /dev/ttyUSB0

2026-08-24,08:51:55:DEBUG MainThread:31 - SerialManager - Connected to port /dev/ttyUSB0

2026-08-24,08:52:01:DEBUG MainThread:31 - SerialManager - Connected to port /dev/ttyUSB0

2026-08-24,08:52:07:DEBUG MainThread:31 - SerialManager - Connected to port /dev/ttyUSB0

2026-08-24,08:52:13:DEBUG MainThread:31 - SerialManager - Connected to port /dev/ttyUSB0

2026-08-24,08:52:19:DEBUG MainThread:31 - SerialManager - Connected to port /dev/ttyUSB0

2026-08-24,08:52:25:DEBUG MainThread:31 - SerialManager - Connected to port /dev/ttyUSB0

2026-08-24,08:52:31:DEBUG MainThread:31 - SerialManager - Connected to port /dev/ttyUSB0

2026-08-24,08:52:37:DEBUG MainThread:31 - SerialManager - Connected to port /dev/ttyUSB0

2026-08-24,08:52:43:DEBUG MainThread:31 - SerialManager - Connected to port /dev/ttyUSB0

2026-08-24,08:52:50:DEBUG MainThread:31 - SerialManager - Connected to port /dev/ttyUSB0

2026-08-24,08:52:56:DEBUG MainThread:31 - SerialManager - Connected to port /dev/ttyUSB0

2026-08-24,08:53:02:DEBUG MainThread:31 - SerialManager - Connected to port /dev/ttyUSB0

2026-08-24,08:53:08:DEBUG MainThread:31 - SerialManager - Connected to port /dev/ttyUSB0

2026-08-24,08:53:14:DEBUG MainThread:31 - SerialManager - Connected to port /dev/ttyUSB0

2026-08-24,08:53:20:DEBUG MainThread:31 - SerialManager - Connected to port /dev/ttyUSB0

2026-08-24,08:53:26:DEBUG MainThread:31 - SerialManager - Connected to port /dev/ttyUSB0

2026-08-24,08:53:32:DEBUG MainThread:31 - SerialManager - Connected to port /dev/ttyUSB0

2026-08-24,08:53:38:DEBUG MainThread:31 - SerialManager - Connected to port /dev/ttyUSB0

2026-08-24,08:53:44:DEBUG MainThread:31 - SerialManager - Connected to port /dev/ttyUSB0

2026-08-24,08:53:50:DEBUG MainThread:31 - SerialManager - Connected to port /dev/ttyUSB0

2026-08-24,08:53:56:DEBUG MainThread:31 - SerialManager - Connected to port /dev/ttyUSB0

2026-08-24,08:54:02:DEBUG MainThread:31 - SerialManager - Connected to port /dev/ttyUSB0

2026-08-24,08:54:08:DEBUG MainThread:31 - SerialManager - Connected to port /dev/ttyUSB0

2026-08-24,08:54:14:DEBUG MainThread:31 - SerialManager - Connected to port /dev/ttyUSB0

2026-08-24,08:54:20:DEBUG MainThread:31 - SerialManager - Connected to port /dev/ttyUSB0

2026-08-24,08:54:26:DEBUG MainThread:31 - SerialManager - Connected to port /dev/ttyUSB0

2026-08-24,08:54:32:DEBUG MainThread:31 - SerialManager - Connected to port /dev/ttyUSB0

2026-08-24,08:54:38:DEBUG MainThread:31 - SerialManager - Connected to port /dev/ttyUSB0

2026-08-24,08:54:45:DEBUG MainThread:31 - SerialManager - Connected to port /dev/ttyUSB0

2026-08-24,08:54:51:DEBUG MainThread:31 - SerialManager - Connected to port /dev/ttyUSB0

2026-08-24,08:54:57:DEBUG MainThread:31 - SerialManager - Connected to port /dev/ttyUSB0

2026-08-24,08:55:03:DEBUG MainThread:31 - SerialManager - Connected to port /dev/ttyUSB0

2026-08-24,08:55:09:DEBUG MainThread:31 - SerialManager - Connected to port /dev/ttyUSB0

2026-08-24,08:55:15:DEBUG MainThread:31 - SerialManager - Connected to port /dev/ttyUSB0

2026-08-24,08:55:21:DEBUG MainThread:31 - SerialManager - Connected to port /dev/ttyUSB0

2026-08-24,08:55:27:DEBUG MainThread:31 - SerialManager - Connected to port /dev/ttyUSB0

2026-08-24,08:55:33:DEBUG MainThread:31 - SerialManager - Connected to port /dev/ttyUSB0

2026-08-24,08:55:39:DEBUG MainThread:31 - SerialManager - Connected to port /dev/ttyUSB0

2026-08-24,08:55:45:DEBUG MainThread:31 - SerialManager - Connected to port /dev/ttyUSB0

2026-08-24,08:55:51:DEBUG MainThread:31 - SerialManager - Connected to port /dev/ttyUSB0

2026-08-24,08:55:57:DEBUG MainThread:31 - SerialManager - Connected to port /dev/ttyUSB0

2026-08-24,08:56:03:DEBUG MainThread:31 - SerialManager - Connected to port /dev/ttyUSB0

2026-08-24,08:56:09:DEBUG MainThread:31 - SerialManager - Connected to port /dev/ttyUSB0

2026-08-24,08:56:15:DEBUG MainThread:31 - SerialManager - Connected to port /dev/ttyUSB0

2026-08-24,08:56:21:DEBUG MainThread:31 - SerialManager - Connected to port /dev/ttyUSB0

2026-08-24,08:56:27:DEBUG MainThread:31 - SerialManager - Connected to port /dev/ttyUSB0

2026-08-24,08:56:33:DEBUG MainThread:31 - SerialManager - Connected to port /dev/ttyUSB0

2026-08-24,08:56:40:DEBUG MainThread:31 - SerialManager - Connected to port /dev/ttyUSB0

2026-08-24,08:56:46:DEBUG MainThread:31 - SerialManager - Connected to port /dev/ttyUSB0

2026-08-24,08:56:52:DEBUG MainThread:31 - SerialManager - Connected to port /dev/ttyUSB0

2026-08-24,08:56:58:DEBUG MainThread:31 - SerialManager - Connected to port /dev/ttyUSB0

2026-08-24,08:57:04:DEBUG MainThread:31 - SerialManager - Connected to port /dev/ttyUSB0

2026-08-24,08:57:10:DEBUG MainThread:31 - SerialManager - Connected to port /dev/ttyUSB0

2026-08-24,08:57:16:DEBUG MainThread:31 - SerialManager - Connected to port /dev/ttyUSB0

2026-08-24,08:57:22:DEBUG MainThread:31 - SerialManager - Connected to port /dev/ttyUSB0

2026-08-24,08:57:28:DEBUG MainThread:31 - SerialManager - Connected to port /dev/ttyUSB0

2026-08-24,08:57:34:DEBUG MainThread:31 - SerialManager - Connected to port /dev/ttyUSB0

2026-08-24,08:57:40:DEBUG MainThread:31 - SerialManager - Connected to port /dev/ttyUSB0

2026-08-24,08:57:46:DEBUG MainThread:31 - SerialManager - Connected to port /dev/ttyUSB0

2026-08-24,08:57:52:DEBUG MainThread:31 - SerialManager - Connected to port /dev/ttyUSB0

2026-08-24,08:57:58:DEBUG MainThread:31 - SerialManager - Connected to port /dev/ttyUSB0

2026-08-24,08:58:04:DEBUG MainThread:31 - SerialManager - Connected to port /dev/ttyUSB0

2026-08-24,08:58:10:DEBUG MainThread:31 - SerialManager - Connected to port /dev/ttyUSB0

2026-08-24,08:58:16:DEBUG MainThread:31 - SerialManager - Connected to port /dev/ttyUSB0

2026-08-24,08:58:22:DEBUG MainThread:31 - SerialManager - Connected to port /dev/ttyUSB0

2026-08-24,08:58:28:DEBUG MainThread:31 - SerialManager - Connected to port /dev/ttyUSB0

2026-08-24,08:58:34:DEBUG MainThread:31 - SerialManager - Connected to port /dev/ttyUSB0

2026-08-24,08:58:40:DEBUG MainThread:31 - SerialManager - Connected to port /dev/ttyUSB0

2026-08-24,08:58:47:DEBUG MainThread:31 - SerialManager - Connected to port /dev/ttyUSB0

2026-08-24,08:58:53:DEBUG MainThread:31 - SerialManager - Connected to port /dev/ttyUSB0

2026-08-24,08:58:59:DEBUG MainThread:31 - SerialManager - Connected to port /dev/ttyUSB0

2026-08-24,08:59:05:DEBUG MainThread:31 - SerialManager - Connected to port /dev/ttyUSB0

2026-08-24,08:59:11:DEBUG MainThread:31 - SerialManager - Connected to port /dev/ttyUSB0

2026-08-24,08:59:17:DEBUG MainThread:31 - SerialManager - Connected to port /dev/ttyUSB0

2026-08-24,08:59:23:DEBUG MainThread:31 - SerialManager - Connected to port /dev/ttyUSB0

2026-08-24,08:59:29:DEBUG MainThread:31 - SerialManager - Connected to port /dev/ttyUSB0

2026-08-24,08:59:35:DEBUG MainThread:31 - SerialManager - Connected to port /dev/ttyUSB0

2026-08-24,08:59:41:DEBUG MainThread:31 - SerialManager - Connected to port /dev/ttyUSB0

2026-08-24,08:59:47:DEBUG MainThread:31 - SerialManager - Connected to port /dev/ttyUSB0

2026-08-24,08:59:53:DEBUG MainThread:31 - SerialManager - Connected to port /dev/ttyUSB0

2026-08-24,08:59:59:DEBUG MainThread:31 - SerialManager - Connected to port /dev/ttyUSB0

2026-08-24,09:00:05:DEBUG MainThread:31 - SerialManager - Connected to port /dev/ttyUSB0

2026-08-24,09:00:11:DEBUG MainThread:31 - SerialManager - Connected to port /dev/ttyUSB0

2026-08-24,09:00:17:DEBUG MainThread:31 - SerialManager - Connected to port /dev/ttyUSB0

2026-08-24,09:00:23:DEBUG MainThread:31 - SerialManager - Connected to port /dev/ttyUSB0

2026-08-24,09:00:29:DEBUG MainThread:31 - SerialManager - Connected to port /dev/ttyUSB0

2026-08-24,09:00:35:DEBUG MainThread:31 - SerialManager - Connected to port /dev/ttyUSB0

2026-08-24,09:00:41:DEBUG MainThread:31 - SerialManager - Connected to port /dev/ttyUSB0

2026-08-24,09:00:48:DEBUG MainThread:31 - SerialManager - Connected to port /dev/ttyUSB0

2026-08-24,09:00:54:DEBUG MainThread:31 - SerialManager - Connected to port /dev/ttyUSB0

2026-08-24 09:01:00,125  ERROR  MainThread:465 -
Attempting to use a port that is not open

2026-08-24,09:01:00:DEBUG MainThread:31 - SerialManager - Connected to port /dev/ttyUSB0

2026-08-24,09:01:06:DEBUG MainThread:544 - All serial ports cannot be opened: reconnecting...

2026-08-24,09:01:07:DEBUG MainThread:31 - SerialManager - Connected to port /dev/ttyUSB0

2026-08-24,09:01:13:DEBUG MainThread:31 - SerialManager - Connected to port /dev/ttyUSB0

2026-08-24,09:01:19:DEBUG MainThread:31 - SerialManager - Connected to port /dev/ttyUSB0

2026-08-24,09:01:25:DEBUG MainThread:31 - SerialManager - Connected to port /dev/ttyUSB0

2026-08-24,09:01:31:DEBUG MainThread:31 - SerialManager - Connected to port /dev/ttyUSB0

2026-08-24,09:01:37:DEBUG MainThread:31 - SerialManager - Connected to port /dev/ttyUSB0

2026-08-24,09:01:43:DEBUG MainThread:31 - SerialManager - Connected to port /dev/ttyUSB0

2026-08-24,09:01:49:DEBUG MainThread:31 - SerialManager - Connected to port /dev/ttyUSB0

2026-08-24,09:01:55:DEBUG MainThread:31 - SerialManager - Connected to port /dev/ttyUSB0

2026-08-24,09:02:01:DEBUG MainThread:31 - SerialManager - Connected to port /dev/ttyUSB0

2026-08-24,09:02:07:DEBUG MainThread:31 - SerialManager - Connected to port /dev/ttyUSB0

2026-08-24,09:02:13:DEBUG MainThread:31 - SerialManager - Connected to port /dev/ttyUSB0

2026-08-24,09:02:19:DEBUG MainThread:31 - SerialManager - Connected to port /dev/ttyUSB0

2026-08-24,09:02:25:DEBUG MainThread:31 - SerialManager - Connected to port /dev/ttyUSB0

2026-08-24,09:02:31:DEBUG MainThread:31 - SerialManager - Connected to port /dev/ttyUSB0

2026-08-24,09:02:38:DEBUG MainThread:31 - SerialManager - Connected to port /dev/ttyUSB0

2026-08-24,09:02:44:DEBUG MainThread:31 - SerialManager - Connected to port /dev/ttyUSB0

2026-08-24,09:02:50:DEBUG MainThread:31 - SerialManager - Connected to port /dev/ttyUSB0

2026-08-24,09:02:56:DEBUG MainThread:31 - SerialManager - Connected to port /dev/ttyUSB0

2026-08-24,09:03:02:DEBUG MainThread:31 - SerialManager - Connected to port /dev/ttyUSB0

2026-08-24,09:03:08:DEBUG MainThread:571 - All threading processes stopped.

2026-08-24,09:03:16:DEBUG MainThread:31 - SerialManager - Connected to port /dev/ttyUSB0

2026-08-24 09:03:22,846  WARNING  MainThread:213 -
Polling thread disabled.

2026-08-24 09:03:22,848  WARNING  MainThread:225 -
Reset thread disabled.

2026-08-24,09:03:22:DEBUG MainThread:363 - MainController - REST SERVER halted.

2026-08-24 09:03:22,857  WARNING  MainThread:245 -
REST server thread disabled.

2026-08-24 09:03:22,858  WARNING  MainThread:257 -
HTTP-URL thread disabled.

2026-08-24 09:03:22,859  INFO  MainThread:288 -
[START] PYGATEWAY LISTENER @ 24-08-2026 09:03:22

2026-08-24,09:03:22:DEBUG MainThread:31 - SerialManager - Connected to port /dev/ttyUSB0

2026-08-24,09:03:28:DEBUG MainThread:31 - SerialManager - Connected to port /dev/ttyUSB0

2026-08-24,09:03:35:DEBUG MainThread:31 - SerialManager - Connected to port /dev/ttyUSB0

2026-08-24,09:03:41:DEBUG MainThread:31 - SerialManager - Connected to port /dev/ttyUSB0

2026-08-24,09:03:47:DEBUG MainThread:31 - SerialManager - Connected to port /dev/ttyUSB0

2026-08-24,09:03:53:DEBUG MainThread:31 - SerialManager - Connected to port /dev/ttyUSB0

2026-08-24,09:03:59:DEBUG MainThread:31 - SerialManager - Connected to port /dev/ttyUSB0

2026-08-24,09:04:05:DEBUG MainThread:31 - SerialManager - Connected to port /dev/ttyUSB0

2026-08-24,09:04:11:DEBUG MainThread:31 - SerialManager - Connected to port /dev/ttyUSB0

2026-08-24,09:04:17:DEBUG MainThread:31 - SerialManager - Connected to port /dev/ttyUSB0

2026-08-24,09:04:23:DEBUG MainThread:31 - SerialManager - Connected to port /dev/ttyUSB0

2026-08-24,09:04:29:DEBUG MainThread:31 - SerialManager - Connected to port /dev/ttyUSB0

2026-08-24,09:04:35:DEBUG MainThread:31 - SerialManager - Connected to port /dev/ttyUSB0

2026-08-24,09:04:41:DEBUG MainThread:31 - SerialManager - Connected to port /dev/ttyUSB0

2026-08-24,09:04:47:DEBUG MainThread:31 - SerialManager - Connected to port /dev/ttyUSB0

2026-08-24,09:04:53:DEBUG MainThread:31 - SerialManager - Connected to port /dev/ttyUSB0

2026-08-24,09:04:59:DEBUG MainThread:31 - SerialManager - Connected to port /dev/ttyUSB0

2026-08-24,09:05:05:DEBUG MainThread:31 - SerialManager - Connected to port /dev/ttyUSB0

2026-08-24,09:05:11:DEBUG MainThread:31 - SerialManager - Connected to port /dev/ttyUSB0

2026-08-24,09:05:17:DEBUG MainThread:31 - SerialManager - Connected to port /dev/ttyUSB0

2026-08-24,09:05:23:DEBUG MainThread:31 - SerialManager - Connected to port /dev/ttyUSB0

2026-08-24,09:05:29:DEBUG MainThread:31 - SerialManager - Connected to port /dev/ttyUSB0

2026-08-24,09:05:36:DEBUG MainThread:31 - SerialManager - Connected to port /dev/ttyUSB0

2026-08-24,09:05:42:DEBUG MainThread:31 - SerialManager - Connected to port /dev/ttyUSB0

2026-08-24,09:05:48:DEBUG MainThread:31 - SerialManager - Connected to port /dev/ttyUSB0

2026-08-24,09:05:54:DEBUG MainThread:31 - SerialManager - Connected to port /dev/ttyUSB0

2026-08-24 09:06:00,166  ERROR  MainThread:465 -
Attempting to use a port that is not open

2026-08-24,09:06:00:DEBUG MainThread:31 - SerialManager - Connected to port /dev/ttyUSB0

2026-08-24,09:06:06:DEBUG MainThread:544 - All serial ports cannot be opened: reconnecting...

2026-08-24,09:06:07:DEBUG MainThread:31 - SerialManager - Connected to port /dev/ttyUSB0

2026-08-24,09:06:13:DEBUG MainThread:31 - SerialManager - Connected to port /dev/ttyUSB0

2026-08-24,09:06:19:DEBUG MainThread:31 - SerialManager - Connected to port /dev/ttyUSB0

2026-08-24,09:06:25:DEBUG MainThread:31 - SerialManager - Connected to port /dev/ttyUSB0

2026-08-24,09:06:31:DEBUG MainThread:31 - SerialManager - Connected to port /dev/ttyUSB0

2026-08-24,09:06:37:DEBUG MainThread:31 - SerialManager - Connected to port /dev/ttyUSB0

2026-08-24,09:06:43:DEBUG MainThread:31 - SerialManager - Connected to port /dev/ttyUSB0

2026-08-24,09:06:49:DEBUG MainThread:31 - SerialManager - Connected to port /dev/ttyUSB0

2026-08-24,09:06:55:DEBUG MainThread:31 - SerialManager - Connected to port /dev/ttyUSB0

2026-08-24,09:07:01:DEBUG MainThread:31 - SerialManager - Connected to port /dev/ttyUSB0

2026-08-24,09:07:07:DEBUG MainThread:31 - SerialManager - Connected to port /dev/ttyUSB0

2026-08-24,09:07:13:DEBUG MainThread:31 - SerialManager - Connected to port /dev/ttyUSB0

2026-08-24,09:07:19:DEBUG MainThread:31 - SerialManager - Connected to port /dev/ttyUSB0

2026-08-24,09:07:25:DEBUG MainThread:31 - SerialManager - Connected to port /dev/ttyUSB0

2026-08-24,09:07:32:DEBUG MainThread:31 - SerialManager - Connected to port /dev/ttyUSB0

2026-08-24,09:07:38:DEBUG MainThread:31 - SerialManager - Connected to port /dev/ttyUSB0

2026-08-24,09:07:44:DEBUG MainThread:31 - SerialManager - Connected to port /dev/ttyUSB0

2026-08-24,09:07:50:DEBUG MainThread:31 - SerialManager - Connected to port /dev/ttyUSB0

2026-08-24,09:07:56:DEBUG MainThread:31 - SerialManager - Connected to port /dev/ttyUSB0

2026-08-24,09:08:02:DEBUG MainThread:31 - SerialManager - Connected to port /dev/ttyUSB0

2026-08-24,09:08:08:DEBUG MainThread:31 - SerialManager - Connected to port /dev/ttyUSB0

2026-08-24,09:08:14:DEBUG MainThread:31 - SerialManager - Connected to port /dev/ttyUSB0

2026-08-24,09:08:20:DEBUG MainThread:31 - SerialManager - Connected to port /dev/ttyUSB0

2026-08-24,09:08:26:DEBUG MainThread:31 - SerialManager - Connected to port /dev/ttyUSB0

2026-08-24,09:08:32:DEBUG MainThread:31 - SerialManager - Connected to port /dev/ttyUSB0

2026-08-24,09:08:38:DEBUG MainThread:31 - SerialManager - Connected to port /dev/ttyUSB0

2026-08-24,09:08:44:DEBUG MainThread:31 - SerialManager - Connected to port /dev/ttyUSB0

2026-08-24,09:08:50:DEBUG MainThread:31 - SerialManager - Connected to port /dev/ttyUSB0

2026-08-24,09:08:56:DEBUG MainThread:31 - SerialManager - Connected to port /dev/ttyUSB0

2026-08-24,09:09:02:DEBUG MainThread:31 - SerialManager - Connected to port /dev/ttyUSB0

2026-08-24,09:09:08:DEBUG MainThread:31 - SerialManager - Connected to port /dev/ttyUSB0

2026-08-24,09:09:14:DEBUG MainThread:31 - SerialManager - Connected to port /dev/ttyUSB0

2026-08-24,09:09:20:DEBUG MainThread:31 - SerialManager - Connected to port /dev/ttyUSB0

2026-08-24,09:09:26:DEBUG MainThread:31 - SerialManager - Connected to port /dev/ttyUSB0

2026-08-24,09:09:33:DEBUG MainThread:31 - SerialManager - Connected to port /dev/ttyUSB0

2026-08-24,09:09:39:DEBUG MainThread:31 - SerialManager - Connected to port /dev/ttyUSB0

2026-08-24,09:09:45:DEBUG MainThread:31 - SerialManager - Connected to port /dev/ttyUSB0

2026-08-24,09:09:51:DEBUG MainThread:31 - SerialManager - Connected to port /dev/ttyUSB0

2026-08-24,09:09:57:DEBUG MainThread:31 - SerialManager - Connected to port /dev/ttyUSB0

2026-08-24,09:10:03:DEBUG MainThread:31 - SerialManager - Connected to port /dev/ttyUSB0

2026-08-24,09:10:09:DEBUG MainThread:31 - SerialManager - Connected to port /dev/ttyUSB0

2026-08-24,09:10:15:DEBUG MainThread:31 - SerialManager - Connected to port /dev/ttyUSB0

2026-08-24,09:10:21:DEBUG MainThread:31 - SerialManager - Connected to port /dev/ttyUSB0

2026-08-24,09:10:27:DEBUG MainThread:31 - SerialManager - Connected to port /dev/ttyUSB0

2026-08-24,09:10:33:DEBUG MainThread:31 - SerialManager - Connected to port /dev/ttyUSB0

2026-08-24,09:10:39:DEBUG MainThread:31 - SerialManager - Connected to port /dev/ttyUSB0

2026-08-24,09:10:45:DEBUG MainThread:31 - SerialManager - Connected to port /dev/ttyUSB0

2026-08-24,09:10:51:DEBUG MainThread:31 - SerialManager - Connected to port /dev/ttyUSB0

2026-08-24,09:10:57:DEBUG MainThread:31 - SerialManager - Connected to port /dev/ttyUSB0

2026-08-24,09:11:03:DEBUG MainThread:31 - SerialManager - Connected to port /dev/ttyUSB0

2026-08-24,09:11:09:DEBUG MainThread:31 - SerialManager - Connected to port /dev/ttyUSB0

2026-08-24,09:11:15:DEBUG MainThread:31 - SerialManager - Connected to port /dev/ttyUSB0

2026-08-24,09:11:21:DEBUG MainThread:31 - SerialManager - Connected to port /dev/ttyUSB0

2026-08-24,09:11:27:DEBUG MainThread:31 - SerialManager - Connected to port /dev/ttyUSB0

2026-08-24,09:11:34:DEBUG MainThread:31 - SerialManager - Connected to port /dev/ttyUSB0

2026-08-24,09:11:40:DEBUG MainThread:31 - SerialManager - Connected to port /dev/ttyUSB0

2026-08-24,09:11:46:DEBUG MainThread:31 - SerialManager - Connected to port /dev/ttyUSB0

2026-08-24,09:11:52:DEBUG MainThread:31 - SerialManager - Connected to port /dev/ttyUSB0

2026-08-24,09:11:58:DEBUG MainThread:31 - SerialManager - Connected to port /dev/ttyUSB0

2026-08-24,09:12:04:DEBUG MainThread:31 - SerialManager - Connected to port /dev/ttyUSB0

2026-08-24,09:12:10:DEBUG MainThread:31 - SerialManager - Connected to port /dev/ttyUSB0

2026-08-24,09:12:16:DEBUG MainThread:31 - SerialManager - Connected to port /dev/ttyUSB0

2026-08-24,09:12:22:DEBUG MainThread:31 - SerialManager - Connected to port /dev/ttyUSB0

2026-08-24,09:12:28:DEBUG MainThread:31 - SerialManager - Connected to port /dev/ttyUSB0

2026-08-24,09:12:34:DEBUG MainThread:31 - SerialManager - Connected to port /dev/ttyUSB0

2026-08-24,09:12:40:DEBUG MainThread:31 - SerialManager - Connected to port /dev/ttyUSB0

2026-08-24,09:12:46:DEBUG MainThread:31 - SerialManager - Connected to port /dev/ttyUSB0

2026-08-24,09:12:52:DEBUG MainThread:31 - SerialManager - Connected to port /dev/ttyUSB0

2026-08-24,09:12:58:DEBUG MainThread:31 - SerialManager - Connected to port /dev/ttyUSB0

2026-08-24,09:13:04:DEBUG MainThread:31 - SerialManager - Connected to port /dev/ttyUSB0

2026-08-24,09:13:10:DEBUG MainThread:31 - SerialManager - Connected to port /dev/ttyUSB0

2026-08-24,09:13:16:DEBUG MainThread:31 - SerialManager - Connected to port /dev/ttyUSB0

2026-08-24,09:13:22:DEBUG MainThread:31 - SerialManager - Connected to port /dev/ttyUSB0

2026-08-24,09:13:28:DEBUG MainThread:31 - SerialManager - Connected to port /dev/ttyUSB0

2026-08-24,09:13:35:DEBUG MainThread:31 - SerialManager - Connected to port /dev/ttyUSB0

2026-08-24,09:13:41:DEBUG MainThread:31 - SerialManager - Connected to port /dev/ttyUSB0

2026-08-24,09:13:47:DEBUG MainThread:31 - SerialManager - Connected to port /dev/ttyUSB0

2026-08-24,09:13:53:DEBUG MainThread:31 - SerialManager - Connected to port /dev/ttyUSB0

2026-08-24,09:13:59:DEBUG MainThread:31 - SerialManager - Connected to port /dev/ttyUSB0

2026-08-24,09:14:05:DEBUG MainThread:31 - SerialManager - Connected to port /dev/ttyUSB0

2026-08-24,09:14:11:DEBUG MainThread:31 - SerialManager - Connected to port /dev/ttyUSB0

2026-08-24,09:14:17:DEBUG MainThread:31 - SerialManager - Connected to port /dev/ttyUSB0

2026-08-24,09:14:23:DEBUG MainThread:31 - SerialManager - Connected to port /dev/ttyUSB0

2026-08-24,09:14:29:DEBUG MainThread:31 - SerialManager - Connected to port /dev/ttyUSB0

2026-08-24,09:14:35:DEBUG MainThread:31 - SerialManager - Connected to port /dev/ttyUSB0

2026-08-24,09:14:41:DEBUG MainThread:31 - SerialManager - Connected to port /dev/ttyUSB0

2026-08-24,09:14:47:DEBUG MainThread:31 - SerialManager - Connected to port /dev/ttyUSB0

2026-08-24,09:14:53:DEBUG MainThread:31 - SerialManager - Connected to port /dev/ttyUSB0

2026-08-24,09:14:59:DEBUG MainThread:31 - SerialManager - Connected to port /dev/ttyUSB0

2026-08-24,09:15:05:DEBUG MainThread:31 - SerialManager - Connected to port /dev/ttyUSB0

2026-08-24,09:15:11:DEBUG MainThread:31 - SerialManager - Connected to port /dev/ttyUSB0

2026-08-24,09:15:17:DEBUG MainThread:31 - SerialManager - Connected to port /dev/ttyUSB0

2026-08-24,09:15:23:DEBUG MainThread:31 - SerialManager - Connected to port /dev/ttyUSB0

2026-08-24,09:15:30:DEBUG MainThread:31 - SerialManager - Connected to port /dev/ttyUSB0

2026-08-24,09:15:36:DEBUG MainThread:31 - SerialManager - Connected to port /dev/ttyUSB0

2026-08-24,09:15:42:DEBUG MainThread:31 - SerialManager - Connected to port /dev/ttyUSB0

2026-08-24,09:15:48:DEBUG MainThread:31 - SerialManager - Connected to port /dev/ttyUSB0

2026-08-24,09:15:54:DEBUG MainThread:31 - SerialManager - Connected to port /dev/ttyUSB0

2026-08-24 09:16:00,249  ERROR  MainThread:465 -
Attempting to use a port that is not open

2026-08-24,09:16:00:DEBUG MainThread:31 - SerialManager - Connected to port /dev/ttyUSB0

2026-08-24,09:16:06:DEBUG MainThread:544 - All serial ports cannot be opened: reconnecting...

2026-08-24,09:16:07:DEBUG MainThread:31 - SerialManager - Connected to port /dev/ttyUSB0

2026-08-24,09:16:13:DEBUG MainThread:31 - SerialManager - Connected to port /dev/ttyUSB0

2026-08-24,09:16:19:DEBUG MainThread:31 - SerialManager - Connected to port /dev/ttyUSB0

2026-08-24,09:16:25:DEBUG MainThread:31 - SerialManager - Connected to port /dev/ttyUSB0

2026-08-24,09:16:31:DEBUG MainThread:31 - SerialManager - Connected to port /dev/ttyUSB0

2026-08-24,09:16:37:DEBUG MainThread:31 - SerialManager - Connected to port /dev/ttyUSB0

2026-08-24,09:16:43:DEBUG MainThread:31 - SerialManager - Connected to port /dev/ttyUSB0

2026-08-24,09:16:49:DEBUG MainThread:31 - SerialManager - Connected to port /dev/ttyUSB0

2026-08-24,09:16:55:DEBUG MainThread:31 - SerialManager - Connected to port /dev/ttyUSB0

2026-08-24,09:17:01:DEBUG MainThread:31 - SerialManager - Connected to port /dev/ttyUSB0

2026-08-24,09:17:07:DEBUG MainThread:31 - SerialManager - Connected to port /dev/ttyUSB0

2026-08-24,09:17:13:DEBUG MainThread:31 - SerialManager - Connected to port /dev/ttyUSB0

2026-08-24,09:17:19:DEBUG MainThread:31 - SerialManager - Connected to port /dev/ttyUSB0

2026-08-24,09:17:26:DEBUG MainThread:31 - SerialManager - Connected to port /dev/ttyUSB0

2026-08-24,09:17:32:DEBUG MainThread:31 - SerialManager - Connected to port /dev/ttyUSB0

2026-08-24,09:17:38:DEBUG MainThread:31 - SerialManager - Connected to port /dev/ttyUSB0

2026-08-24,09:17:44:DEBUG MainThread:31 - SerialManager - Connected to port /dev/ttyUSB0

2026-08-24,09:17:50:DEBUG MainThread:31 - SerialManager - Connected to port /dev/ttyUSB0

2026-08-24,09:17:56:DEBUG MainThread:31 - SerialManager - Connected to port /dev/ttyUSB0

2026-08-24,09:18:02:DEBUG MainThread:31 - SerialManager - Connected to port /dev/ttyUSB0

2026-08-24,09:18:08:DEBUG MainThread:31 - SerialManager - Connected to port /dev/ttyUSB0

2026-08-24,09:18:14:DEBUG MainThread:31 - SerialManager - Connected to port /dev/ttyUSB0

2026-08-24,09:18:20:DEBUG MainThread:31 - SerialManager - Connected to port /dev/ttyUSB0

2026-08-24,09:18:26:DEBUG MainThread:31 - SerialManager - Connected to port /dev/ttyUSB0

2026-08-24,09:18:32:DEBUG MainThread:31 - SerialManager - Connected to port /dev/ttyUSB0

2026-08-24,09:18:38:DEBUG MainThread:31 - SerialManager - Connected to port /dev/ttyUSB0

2026-08-24,09:18:44:DEBUG MainThread:31 - SerialManager - Connected to port /dev/ttyUSB0

2026-08-24,09:18:50:DEBUG MainThread:31 - SerialManager - Connected to port /dev/ttyUSB0

2026-08-24,09:18:56:DEBUG MainThread:31 - SerialManager - Connected to port /dev/ttyUSB0

2026-08-24,09:19:02:DEBUG MainThread:31 - SerialManager - Connected to port /dev/ttyUSB0

2026-08-24,09:19:08:DEBUG MainThread:31 - SerialManager - Connected to port /dev/ttyUSB0

2026-08-24,09:19:14:DEBUG MainThread:31 - SerialManager - Connected to port /dev/ttyUSB0

2026-08-24,09:19:21:DEBUG MainThread:31 - SerialManager - Connected to port /dev/ttyUSB0

2026-08-24,09:19:27:DEBUG MainThread:31 - SerialManager - Connected to port /dev/ttyUSB0

2026-08-24,09:19:33:DEBUG MainThread:31 - SerialManager - Connected to port /dev/ttyUSB0

2026-08-24,09:19:39:DEBUG MainThread:31 - SerialManager - Connected to port /dev/ttyUSB0

2026-08-24,09:19:45:DEBUG MainThread:31 - SerialManager - Connected to port /dev/ttyUSB0

2026-08-24,09:19:51:DEBUG MainThread:31 - SerialManager - Connected to port /dev/ttyUSB0

2026-08-24,09:19:57:DEBUG MainThread:31 - SerialManager - Connected to port /dev/ttyUSB0

2026-08-24,09:20:03:DEBUG MainThread:31 - SerialManager - Connected to port /dev/ttyUSB0

2026-08-24,09:20:09:DEBUG MainThread:31 - SerialManager - Connected to port /dev/ttyUSB0

2026-08-24,09:20:15:DEBUG MainThread:31 - SerialManager - Connected to port /dev/ttyUSB0

2026-08-24,09:20:21:DEBUG MainThread:31 - SerialManager - Connected to port /dev/ttyUSB0

2026-08-24,09:20:27:DEBUG MainThread:31 - SerialManager - Connected to port /dev/ttyUSB0

2026-08-24,09:20:33:DEBUG MainThread:31 - SerialManager - Connected to port /dev/ttyUSB0

2026-08-24,09:20:39:DEBUG MainThread:31 - SerialManager - Connected to port /dev/ttyUSB0

2026-08-24,09:20:45:DEBUG MainThread:31 - SerialManager - Connected to port /dev/ttyUSB0

2026-08-24,09:20:51:DEBUG MainThread:31 - SerialManager - Connected to port /dev/ttyUSB0

2026-08-24,09:20:57:DEBUG MainThread:31 - SerialManager - Connected to port /dev/ttyUSB0

2026-08-24,09:21:03:DEBUG MainThread:31 - SerialManager - Connected to port /dev/ttyUSB0

2026-08-24,09:21:09:DEBUG MainThread:31 - SerialManager - Connected to port /dev/ttyUSB0

2026-08-24,09:21:15:DEBUG MainThread:31 - SerialManager - Connected to port /dev/ttyUSB0

2026-08-24,09:21:22:DEBUG MainThread:31 - SerialManager - Connected to port /dev/ttyUSB0

2026-08-24,09:21:28:DEBUG MainThread:31 - SerialManager - Connected to port /dev/ttyUSB0

2026-08-24,09:21:34:DEBUG MainThread:31 - SerialManager - Connected to port /dev/ttyUSB0

2026-08-24,09:21:40:DEBUG MainThread:31 - SerialManager - Connected to port /dev/ttyUSB0

2026-08-24,09:21:46:DEBUG MainThread:31 - SerialManager - Connected to port /dev/ttyUSB0

2026-08-24,09:21:52:DEBUG MainThread:31 - SerialManager - Connected to port /dev/ttyUSB0

2026-08-24,09:21:58:DEBUG MainThread:31 - SerialManager - Connected to port /dev/ttyUSB0

2026-08-24,09:22:04:DEBUG MainThread:31 - SerialManager - Connected to port /dev/ttyUSB0

2026-08-24,09:22:10:DEBUG MainThread:31 - SerialManager - Connected to port /dev/ttyUSB0

2026-08-24,09:22:16:DEBUG MainThread:31 - SerialManager - Connected to port /dev/ttyUSB0

2026-08-24,09:22:22:DEBUG MainThread:31 - SerialManager - Connected to port /dev/ttyUSB0

2026-08-24,09:22:28:DEBUG MainThread:31 - SerialManager - Connected to port /dev/ttyUSB0

2026-08-24,09:22:34:DEBUG MainThread:31 - SerialManager - Connected to port /dev/ttyUSB0

2026-08-24,09:22:40:DEBUG MainThread:31 - SerialManager - Connected to port /dev/ttyUSB0

2026-08-24,09:22:46:DEBUG MainThread:31 - SerialManager - Connected to port /dev/ttyUSB0

2026-08-24,09:22:52:DEBUG MainThread:31 - SerialManager - Connected to port /dev/ttyUSB0

2026-08-24,09:22:58:DEBUG MainThread:31 - SerialManager - Connected to port /dev/ttyUSB0

2026-08-24,09:23:04:DEBUG MainThread:31 - SerialManager - Connected to port /dev/ttyUSB0

2026-08-24,09:23:11:DEBUG MainThread:31 - SerialManager - Connected to port /dev/ttyUSB0

2026-08-24,09:23:17:DEBUG MainThread:31 - SerialManager - Connected to port /dev/ttyUSB0

2026-08-24,09:23:23:DEBUG MainThread:31 - SerialManager - Connected to port /dev/ttyUSB0

2026-08-24,09:23:29:DEBUG MainThread:31 - SerialManager - Connected to port /dev/ttyUSB0

2026-08-24,09:23:35:DEBUG MainThread:31 - SerialManager - Connected to port /dev/ttyUSB0

2026-08-24,09:23:41:DEBUG MainThread:31 - SerialManager - Connected to port /dev/ttyUSB0

2026-08-24,09:23:47:DEBUG MainThread:31 - SerialManager - Connected to port /dev/ttyUSB0

2026-08-24,09:23:53:DEBUG MainThread:31 - SerialManager - Connected to port /dev/ttyUSB0

2026-08-24,09:23:59:DEBUG MainThread:31 - SerialManager - Connected to port /dev/ttyUSB0

2026-08-24,09:24:05:DEBUG MainThread:31 - SerialManager - Connected to port /dev/ttyUSB0

2026-08-24,09:24:11:DEBUG MainThread:31 - SerialManager - Connected to port /dev/ttyUSB0

2026-08-24,09:24:17:DEBUG MainThread:31 - SerialManager - Connected to port /dev/ttyUSB0

2026-08-24,09:24:23:DEBUG MainThread:31 - SerialManager - Connected to port /dev/ttyUSB0

2026-08-24,09:24:29:DEBUG MainThread:31 - SerialManager - Connected to port /dev/ttyUSB0

2026-08-24,09:24:35:DEBUG MainThread:31 - SerialManager - Connected to port /dev/ttyUSB0

2026-08-24,09:24:41:DEBUG MainThread:31 - SerialManager - Connected to port /dev/ttyUSB0

2026-08-24,09:24:47:DEBUG MainThread:31 - SerialManager - Connected to port /dev/ttyUSB0

2026-08-24,09:24:53:DEBUG MainThread:31 - SerialManager - Connected to port /dev/ttyUSB0

2026-08-24,09:24:59:DEBUG MainThread:31 - SerialManager - Connected to port /dev/ttyUSB0

2026-08-24,09:25:06:DEBUG MainThread:31 - SerialManager - Connected to port /dev/ttyUSB0

2026-08-24,09:25:12:DEBUG MainThread:31 - SerialManager - Connected to port /dev/ttyUSB0

2026-08-24,09:25:18:DEBUG MainThread:31 - SerialManager - Connected to port /dev/ttyUSB0

2026-08-24,09:25:24:DEBUG MainThread:31 - SerialManager - Connected to port /dev/ttyUSB0

2026-08-24,09:25:30:DEBUG MainThread:31 - SerialManager - Connected to port /dev/ttyUSB0

2026-08-24,09:25:36:DEBUG MainThread:31 - SerialManager - Connected to port /dev/ttyUSB0

2026-08-24,09:25:42:DEBUG MainThread:31 - SerialManager - Connected to port /dev/ttyUSB0

2026-08-24,09:25:48:DEBUG MainThread:31 - SerialManager - Connected to port /dev/ttyUSB0

2026-08-24,09:25:54:DEBUG MainThread:31 - SerialManager - Connected to port /dev/ttyUSB0

2026-08-24 09:26:00,484  ERROR  MainThread:465 -
Attempting to use a port that is not open

2026-08-24,09:26:01:DEBUG MainThread:31 - SerialManager - Connected to port /dev/ttyUSB0

2026-08-24,09:26:07:DEBUG MainThread:544 - All serial ports cannot be opened: reconnecting...

2026-08-24,09:26:07:DEBUG MainThread:31 - SerialManager - Connected to port /dev/ttyUSB0

2026-08-24,09:26:13:DEBUG MainThread:31 - SerialManager - Connected to port /dev/ttyUSB0

2026-08-24,09:26:19:DEBUG MainThread:31 - SerialManager - Connected to port /dev/ttyUSB0

2026-08-24,09:26:25:DEBUG MainThread:31 - SerialManager - Connected to port /dev/ttyUSB0

2026-08-24,09:26:31:DEBUG MainThread:31 - SerialManager - Connected to port /dev/ttyUSB0

2026-08-24,09:26:37:DEBUG MainThread:31 - SerialManager - Connected to port /dev/ttyUSB0

2026-08-24,09:26:43:DEBUG MainThread:31 - SerialManager - Connected to port /dev/ttyUSB0

2026-08-24,09:26:49:DEBUG MainThread:31 - SerialManager - Connected to port /dev/ttyUSB0

2026-08-24,09:26:55:DEBUG MainThread:31 - SerialManager - Connected to port /dev/ttyUSB0

2026-08-24,09:27:02:DEBUG MainThread:31 - SerialManager - Connected to port /dev/ttyUSB0

2026-08-24,09:27:08:DEBUG MainThread:31 - SerialManager - Connected to port /dev/ttyUSB0

2026-08-24,09:27:14:DEBUG MainThread:31 - SerialManager - Connected to port /dev/ttyUSB0

2026-08-24,09:27:20:DEBUG MainThread:31 - SerialManager - Connected to port /dev/ttyUSB0

2026-08-24,09:27:26:DEBUG MainThread:31 - SerialManager - Connected to port /dev/ttyUSB0

2026-08-24,09:27:32:DEBUG MainThread:31 - SerialManager - Connected to port /dev/ttyUSB0

2026-08-24,09:27:38:DEBUG MainThread:31 - SerialManager - Connected to port /dev/ttyUSB0

2026-08-24,09:27:44:DEBUG MainThread:31 - SerialManager - Connected to port /dev/ttyUSB0

2026-08-24,09:27:50:DEBUG MainThread:31 - SerialManager - Connected to port /dev/ttyUSB0

2026-08-24,09:27:56:DEBUG MainThread:31 - SerialManager - Connected to port /dev/ttyUSB0

2026-08-24,09:28:02:DEBUG MainThread:31 - SerialManager - Connected to port /dev/ttyUSB0

2026-08-24,09:28:08:DEBUG MainThread:31 - SerialManager - Connected to port /dev/ttyUSB0

2026-08-24,09:28:14:DEBUG MainThread:31 - SerialManager - Connected to port /dev/ttyUSB0

2026-08-24,09:28:20:DEBUG MainThread:31 - SerialManager - Connected to port /dev/ttyUSB0

2026-08-24,09:28:26:DEBUG MainThread:31 - SerialManager - Connected to port /dev/ttyUSB0

2026-08-24,09:28:32:DEBUG MainThread:31 - SerialManager - Connected to port /dev/ttyUSB0

2026-08-24,09:28:38:DEBUG MainThread:31 - SerialManager - Connected to port /dev/ttyUSB0

2026-08-24,09:28:44:DEBUG MainThread:31 - SerialManager - Connected to port /dev/ttyUSB0

2026-08-24,09:28:51:DEBUG MainThread:31 - SerialManager - Connected to port /dev/ttyUSB0

2026-08-24,09:28:57:DEBUG MainThread:31 - SerialManager - Connected to port /dev/ttyUSB0

2026-08-24,09:29:03:DEBUG MainThread:31 - SerialManager - Connected to port /dev/ttyUSB0

2026-08-24,09:29:09:DEBUG MainThread:31 - SerialManager - Connected to port /dev/ttyUSB0

2026-08-24,09:29:15:DEBUG MainThread:31 - SerialManager - Connected to port /dev/ttyUSB0

2026-08-24,09:29:21:DEBUG MainThread:31 - SerialManager - Connected to port /dev/ttyUSB0

2026-08-24,09:29:27:DEBUG MainThread:31 - SerialManager - Connected to port /dev/ttyUSB0

2026-08-24,09:29:33:DEBUG MainThread:31 - SerialManager - Connected to port /dev/ttyUSB0

2026-08-24,09:29:39:DEBUG MainThread:31 - SerialManager - Connected to port /dev/ttyUSB0

2026-08-24,09:29:45:DEBUG MainThread:31 - SerialManager - Connected to port /dev/ttyUSB0

2026-08-24,09:29:51:DEBUG MainThread:31 - SerialManager - Connected to port /dev/ttyUSB0

2026-08-24,09:29:57:DEBUG MainThread:31 - SerialManager - Connected to port /dev/ttyUSB0

2026-08-24,09:30:03:DEBUG MainThread:31 - SerialManager - Connected to port /dev/ttyUSB0

2026-08-24,09:30:09:DEBUG MainThread:31 - SerialManager - Connected to port /dev/ttyUSB0

2026-08-24,09:30:15:DEBUG MainThread:31 - SerialManager - Connected to port /dev/ttyUSB0

2026-08-24,09:30:21:DEBUG MainThread:31 - SerialManager - Connected to port /dev/ttyUSB0

2026-08-24,09:30:27:DEBUG MainThread:31 - SerialManager - Connected to port /dev/ttyUSB0

2026-08-24,09:30:33:DEBUG MainThread:31 - SerialManager - Connected to port /dev/ttyUSB0

2026-08-24,09:30:40:DEBUG MainThread:31 - SerialManager - Connected to port /dev/ttyUSB0

2026-08-24,09:30:46:DEBUG MainThread:31 - SerialManager - Connected to port /dev/ttyUSB0

2026-08-24,09:30:52:DEBUG MainThread:31 - SerialManager - Connected to port /dev/ttyUSB0

2026-08-24,09:30:58:DEBUG MainThread:31 - SerialManager - Connected to port /dev/ttyUSB0

2026-08-24,09:31:04:DEBUG MainThread:31 - SerialManager - Connected to port /dev/ttyUSB0

2026-08-24,09:31:10:DEBUG MainThread:31 - SerialManager - Connected to port /dev/ttyUSB0

2026-08-24,09:31:16:DEBUG MainThread:31 - SerialManager - Connected to port /dev/ttyUSB0

2026-08-24,09:31:22:DEBUG MainThread:31 - SerialManager - Connected to port /dev/ttyUSB0

                                                                                                                                                                                                                                                                              2026-08-24,09:31:18:DEBUG MainThread:31 - SerialManager - Connected to port /dev/ttyUSB0

2026-08-24 09:31:24,670  WARNING  MainThread:213 -
Polling thread disabled.

2026-08-24 09:31:24,672  WARNING  MainThread:225 -
Reset thread disabled.

2026-08-24,09:31:24:DEBUG MainThread:363 - MainController - REST SERVER halted.

2026-08-24 09:31:24,683  WARNING  MainThread:245 -
REST server thread disabled.

2026-08-24 09:31:24,690  WARNING  MainThread:257 -
HTTP-URL thread disabled.

2026-08-24 09:31:24,691  INFO  MainThread:288 -
[START] PYGATEWAY LISTENER @ 24-08-2026 09:31:24

2026-08-24,09:31:24:DEBUG MainThread:31 - SerialManager - Connected to port /dev/ttyUSB0

2026-08-24,09:31:30:DEBUG MainThread:31 - SerialManager - Connected to port /dev/ttyUSB0

2026-08-24,09:31:36:DEBUG MainThread:31 - SerialManager - Connected to port /dev/ttyUSB0

2026-08-26,00:18:30:DEBUG MainThread:571 - All threading processes stopped.

2026-08-26,00:18:38:DEBUG MainThread:31 - SerialManager - Connected to port /dev/ttyUSB0

2026-08-26 00:18:44,330  WARNING  MainThread:213 -
Polling thread disabled.

2026-08-26 00:18:44,335  WARNING  MainThread:225 -
Reset thread disabled.

2026-08-26,00:18:44:DEBUG MainThread:363 - MainController - REST SERVER halted.

2026-08-26 00:18:44,361  WARNING  MainThread:245 -
REST server thread disabled.

2026-08-26 00:18:44,362  WARNING  MainThread:257 -
HTTP-URL thread disabled.

2026-08-26 00:18:44,363  INFO  MainThread:288 -
[START] PYGATEWAY LISTENER @ 26-08-2026 00:18:44

2026-08-26,00:18:44:DEBUG MainThread:394 - [ACTIVE] HTTP link quality: 0/0 messages.

2026-08-26,00:18:44:DEBUG MainThread:31 - SerialManager - Connected to port /dev/ttyUSB0

2026-08-26,00:18:50:DEBUG MainThread:394 - [ACTIVE] HTTP link quality: 0/0 messages.

2026-08-26,00:18:50:DEBUG MainThread:31 - SerialManager - Connected to port /dev/ttyUSB0

2026-08-26,00:18:56:DEBUG MainThread:394 - [ACTIVE] HTTP link quality: 0/0 messages.

2026-08-26,00:18:56:DEBUG MainThread:31 - SerialManager - Connected to port /dev/ttyUSB0

2026-08-26,00:19:02:DEBUG MainThread:394 - [ACTIVE] HTTP link quality: 0/0 messages.

2026-08-26,00:19:02:DEBUG MainThread:31 - SerialManager - Connected to port /dev/ttyUSB0

2026-08-26,00:19:08:DEBUG MainThread:394 - [ACTIVE] HTTP link quality: 0/0 messages.

2026-08-26,00:19:08:DEBUG MainThread:31 - SerialManager - Connected to port /dev/ttyUSB0

2026-08-26,00:19:14:DEBUG MainThread:31 - SerialManager - Connected to port /dev/ttyUSB0

2026-08-26,00:19:20:DEBUG MainThread:31 - SerialManager - Connected to port /dev/ttyUSB0

2026-08-26,00:19:26:DEBUG MainThread:31 - SerialManager - Connected to port /dev/ttyUSB0

2026-08-26,00:19:33:DEBUG MainThread:31 - SerialManager - Connected to port /dev/ttyUSB0

2026-08-26,00:19:39:DEBUG MainThread:31 - SerialManager - Connected to port /dev/ttyUSB0

2026-08-26,00:19:45:DEBUG MainThread:31 - SerialManager - Connected to port /dev/ttyUSB0

2026-08-26,00:19:51:DEBUG MainThread:31 - SerialManager - Connected to port /dev/ttyUSB0

2026-08-26,00:19:57:DEBUG MainThread:31 - SerialManager - Connected to port /dev/ttyUSB0

2026-08-26,00:20:03:DEBUG MainThread:31 - SerialManager - Connected to port /dev/ttyUSB0

2026-08-26,00:20:09:DEBUG MainThread:31 - SerialManager - Connected to port /dev/ttyUSB0

2026-08-26,00:20:15:DEBUG MainThread:31 - SerialManager - Connected to port /dev/ttyUSB0

2026-08-26,00:20:21:DEBUG MainThread:31 - SerialManager - Connected to port /dev/ttyUSB0

2026-08-26,00:20:27:DEBUG MainThread:31 - SerialManager - Connected to port /dev/ttyUSB0

2026-08-26,00:20:33:DEBUG MainThread:31 - SerialManager - Connected to port /dev/ttyUSB0

2026-08-26,00:20:39:DEBUG MainThread:31 - SerialManager - Connected to port /dev/ttyUSB0

2026-08-26,00:20:45:DEBUG MainThread:31 - SerialManager - Connected to port /dev/ttyUSB0

2026-08-26,00:20:51:DEBUG MainThread:31 - SerialManager - Connected to port /dev/ttyUSB0

2026-08-26,00:20:57:DEBUG MainThread:31 - SerialManager - Connected to port /dev/ttyUSB0

2026-08-26,00:21:03:DEBUG MainThread:31 - SerialManager - Connected to port /dev/ttyUSB0

2026-08-26,00:21:09:DEBUG MainThread:31 - SerialManager - Connected to port /dev/ttyUSB0

2026-08-26,00:21:15:DEBUG MainThread:31 - SerialManager - Connected to port /dev/ttyUSB0

2026-08-26,00:21:22:DEBUG MainThread:31 - SerialManager - Connected to port /dev/ttyUSB0

2026-08-26,00:21:28:DEBUG MainThread:31 - SerialManager - Connected to port /dev/ttyUSB0

2026-08-26,00:21:34:DEBUG MainThread:31 - SerialManager - Connected to port /dev/ttyUSB0

2026-08-26,00:21:40:DEBUG MainThread:31 - SerialManager - Connected to port /dev/ttyUSB0

2026-08-26,00:21:46:DEBUG MainThread:31 - SerialManager - Connected to port /dev/ttyUSB0

2026-08-26,00:21:52:DEBUG MainThread:31 - SerialManager - Connected to port /dev/ttyUSB0

2026-08-26,00:21:58:DEBUG MainThread:31 - SerialManager - Connected to port /dev/ttyUSB0

2026-08-26,00:22:04:DEBUG MainThread:31 - SerialManager - Connected to port /dev/ttyUSB0

2026-08-26,00:22:10:DEBUG MainThread:31 - SerialManager - Connected to port /dev/ttyUSB0

2026-08-26,00:22:16:DEBUG MainThread:31 - SerialManager - Connected to port /dev/ttyUSB0

2026-08-26,00:22:22:DEBUG MainThread:31 - SerialManager - Connected to port /dev/ttyUSB0

2026-08-26,00:22:28:DEBUG MainThread:31 - SerialManager - Connected to port /dev/ttyUSB0

2026-08-26,00:22:34:DEBUG MainThread:31 - SerialManager - Connected to port /dev/ttyUSB0

2026-08-26,00:22:40:DEBUG MainThread:31 - SerialManager - Connected to port /dev/ttyUSB0

2026-08-26,00:22:46:DEBUG MainThread:31 - SerialManager - Connected to port /dev/ttyUSB0

2026-08-26,00:22:52:DEBUG MainThread:31 - SerialManager - Connected to port /dev/ttyUSB0

2026-08-26,00:22:58:DEBUG MainThread:31 - SerialManager - Connected to port /dev/ttyUSB0

2026-08-26,00:23:05:DEBUG MainThread:31 - SerialManager - Connected to port /dev/ttyUSB0

2026-08-26,00:23:11:DEBUG MainThread:31 - SerialManager - Connected to port /dev/ttyUSB0

2026-08-26,00:23:17:DEBUG MainThread:31 - SerialManager - Connected to port /dev/ttyUSB0

2026-08-26,00:23:23:DEBUG MainThread:31 - SerialManager - Connected to port /dev/ttyUSB0

2026-08-26,00:23:29:DEBUG MainThread:31 - SerialManager - Connected to port /dev/ttyUSB0

2026-08-26,00:23:35:DEBUG MainThread:31 - SerialManager - Connected to port /dev/ttyUSB0

2026-08-26,00:23:41:DEBUG MainThread:31 - SerialManager - Connected to port /dev/ttyUSB0

2026-08-26,00:23:47:DEBUG MainThread:31 - SerialManager - Connected to port /dev/ttyUSB0

2026-08-26,00:23:53:DEBUG MainThread:31 - SerialManager - Connected to port /dev/ttyUSB0

2026-08-26,00:23:59:DEBUG MainThread:31 - SerialManager - Connected to port /dev/ttyUSB0

2026-08-26,00:24:05:DEBUG MainThread:31 - SerialManager - Connected to port /dev/ttyUSB0

2026-08-26,00:24:11:DEBUG MainThread:31 - SerialManager - Connected to port /dev/ttyUSB0

2026-08-26,00:24:17:DEBUG MainThread:31 - SerialManager - Connected to port /dev/ttyUSB0

2026-08-26,00:24:23:DEBUG MainThread:31 - SerialManager - Connected to port /dev/ttyUSB0

2026-08-26,00:24:29:DEBUG MainThread:31 - SerialManager - Connected to port /dev/ttyUSB0

2026-08-26,00:24:35:DEBUG MainThread:31 - SerialManager - Connected to port /dev/ttyUSB0

2026-08-26,00:24:41:DEBUG MainThread:31 - SerialManager - Connected to port /dev/ttyUSB0

2026-08-26,00:24:47:DEBUG MainThread:31 - SerialManager - Connected to port /dev/ttyUSB0

2026-08-26,00:24:54:DEBUG MainThread:31 - SerialManager - Connected to port /dev/ttyUSB0

2026-08-26 00:25:00,053  ERROR  MainThread:465 -
Attempting to use a port that is not open

2026-08-26,00:25:00:DEBUG MainThread:31 - SerialManager - Connected to port /dev/ttyUSB0

2026-08-26,00:25:06:DEBUG MainThread:544 - All serial ports cannot be opened: reconnecting...

2026-08-26,00:25:07:DEBUG MainThread:31 - SerialManager - Connected to port /dev/ttyUSB0

2026-08-26,00:25:13:DEBUG MainThread:31 - SerialManager - Connected to port /dev/ttyUSB0

2026-08-26,00:25:19:DEBUG MainThread:31 - SerialManager - Connected to port /dev/ttyUSB0

2026-08-26,00:25:25:DEBUG MainThread:31 - SerialManager - Connected to port /dev/ttyUSB0

2026-08-26,00:25:31:DEBUG MainThread:31 - SerialManager - Connected to port /dev/ttyUSB0

2026-08-26,00:25:37:DEBUG MainThread:31 - SerialManager - Connected to port /dev/ttyUSB0

2026-08-26,00:25:43:DEBUG MainThread:31 - SerialManager - Connected to port /dev/ttyUSB0

2026-08-26,00:25:49:DEBUG MainThread:31 - SerialManager - Connected to port /dev/ttyUSB0

2026-08-26,00:25:55:DEBUG MainThread:31 - SerialManager - Connected to port /dev/ttyUSB0

2026-08-26,00:26:01:DEBUG MainThread:31 - SerialManager - Connected to port /dev/ttyUSB0

2026-08-26,00:26:07:DEBUG MainThread:31 - SerialManager - Connected to port /dev/ttyUSB0

2026-08-26,00:26:13:DEBUG MainThread:31 - SerialManager - Connected to port /dev/ttyUSB0

2026-08-26,00:26:19:DEBUG MainThread:31 - SerialManager - Connected to port /dev/ttyUSB0

2026-08-26,00:26:25:DEBUG MainThread:31 - SerialManager - Connected to port /dev/ttyUSB0

2026-08-26,00:26:32:DEBUG MainThread:31 - SerialManager - Connected to port /dev/ttyUSB0

2026-08-26,00:26:38:DEBUG MainThread:31 - SerialManager - Connected to port /dev/ttyUSB0

2026-08-26,00:26:44:DEBUG MainThread:31 - SerialManager - Connected to port /dev/ttyUSB0

2026-08-26,00:26:50:DEBUG MainThread:31 - SerialManager - Connected to port /dev/ttyUSB0

2026-08-26,00:26:56:DEBUG MainThread:31 - SerialManager - Connected to port /dev/ttyUSB0

2026-08-26,00:27:02:DEBUG MainThread:31 - SerialManager - Connected to port /dev/ttyUSB0

2026-08-26,00:27:08:DEBUG MainThread:31 - SerialManager - Connected to port /dev/ttyUSB0

2026-08-26,00:27:14:DEBUG MainThread:31 - SerialManager - Connected to port /dev/ttyUSB0

2026-08-26,00:27:20:DEBUG MainThread:31 - SerialManager - Connected to port /dev/ttyUSB0

2026-08-26,00:27:26:DEBUG MainThread:31 - SerialManager - Connected to port /dev/ttyUSB0

2026-08-26,00:27:32:DEBUG MainThread:31 - SerialManager - Connected to port /dev/ttyUSB0

2026-08-26,00:27:38:DEBUG MainThread:31 - SerialManager - Connected to port /dev/ttyUSB0

2026-08-26,00:27:44:DEBUG MainThread:31 - SerialManager - Connected to port /dev/ttyUSB0

2026-08-26,00:27:50:DEBUG MainThread:31 - SerialManager - Connected to port /dev/ttyUSB0

2026-08-26,00:27:56:DEBUG MainThread:31 - SerialManager - Connected to port /dev/ttyUSB0

2026-08-26,00:28:02:DEBUG MainThread:31 - SerialManager - Connected to port /dev/ttyUSB0

2026-08-26,00:28:08:DEBUG MainThread:31 - SerialManager - Connected to port /dev/ttyUSB0

2026-08-26,00:28:15:DEBUG MainThread:31 - SerialManager - Connected to port /dev/ttyUSB0

2026-08-26,00:28:21:DEBUG MainThread:31 - SerialManager - Connected to port /dev/ttyUSB0

2026-08-26,00:28:27:DEBUG MainThread:31 - SerialManager - Connected to port /dev/ttyUSB0

2026-08-26,00:28:33:DEBUG MainThread:31 - SerialManager - Connected to port /dev/ttyUSB0

2026-08-26,00:28:39:DEBUG MainThread:31 - SerialManager - Connected to port /dev/ttyUSB0

2026-08-26,00:28:45:DEBUG MainThread:31 - SerialManager - Connected to port /dev/ttyUSB0

2026-08-26,00:28:51:DEBUG MainThread:31 - SerialManager - Connected to port /dev/ttyUSB0

2026-08-26,00:28:57:DEBUG MainThread:31 - SerialManager - Connected to port /dev/ttyUSB0

2026-08-26,00:29:03:DEBUG MainThread:31 - SerialManager - Connected to port /dev/ttyUSB0

2026-08-26,00:29:09:DEBUG MainThread:31 - SerialManager - Connected to port /dev/ttyUSB0

2026-08-26,00:29:15:DEBUG MainThread:31 - SerialManager - Connected to port /dev/ttyUSB0

2026-08-26,00:29:21:DEBUG MainThread:31 - SerialManager - Connected to port /dev/ttyUSB0

2026-08-26,00:29:27:DEBUG MainThread:31 - SerialManager - Connected to port /dev/ttyUSB0

2026-08-26,00:29:33:DEBUG MainThread:31 - SerialManager - Connected to port /dev/ttyUSB0

2026-08-26,00:29:39:DEBUG MainThread:31 - SerialManager - Connected to port /dev/ttyUSB0

2026-08-26,00:29:45:DEBUG MainThread:31 - SerialManager - Connected to port /dev/ttyUSB0

2026-08-26,00:29:51:DEBUG MainThread:31 - SerialManager - Connected to port /dev/ttyUSB0

2026-08-26,00:29:57:DEBUG MainThread:31 - SerialManager - Connected to port /dev/ttyUSB0

2026-08-26,00:30:04:DEBUG MainThread:394 - [ACTIVE] HTTP link quality: 0/0 messages.

2026-08-26,00:30:04:DEBUG MainThread:31 - SerialManager - Connected to port /dev/ttyUSB0

2026-08-26,00:30:10:DEBUG MainThread:31 - SerialManager - Connected to port /dev/ttyUSB0

2026-08-26,00:30:16:DEBUG MainThread:31 - SerialManager - Connected to port /dev/ttyUSB0

2026-08-26,00:30:22:DEBUG MainThread:31 - SerialManager - Connected to port /dev/ttyUSB0

2026-08-26,00:30:28:DEBUG MainThread:31 - SerialManager - Connected to port /dev/ttyUSB0

2026-08-26,00:30:34:DEBUG MainThread:31 - SerialManager - Connected to port /dev/ttyUSB0

2026-08-26,00:30:40:DEBUG MainThread:31 - SerialManager - Connected to port /dev/ttyUSB0

2026-08-26,00:30:46:DEBUG MainThread:31 - SerialManager - Connected to port /dev/ttyUSB0

2026-08-26,00:30:52:DEBUG MainThread:31 - SerialManager - Connected to port /dev/ttyUSB0

2026-08-26,00:30:58:DEBUG MainThread:31 - SerialManager - Connected to port /dev/ttyUSB0

2026-08-26,00:31:04:DEBUG MainThread:31 - SerialManager - Connected to port /dev/ttyUSB0

2026-08-26,00:31:10:DEBUG MainThread:31 - SerialManager - Connected to port /dev/ttyUSB0

2026-08-26,00:31:10:DEBUG MainThread:31 - SerialManager - Connected to port /dev/ttyUSB0

2026-08-26,00:31:16:DEBUG MainThread:31 - SerialManager - Connected to port /dev/ttyUSB0

2026-08-26,00:31:22:DEBUG MainThread:31 - SerialManager - Connected to port /dev/ttyUSB0

2026-08-26,00:31:28:DEBUG MainThread:31 - SerialManager - Connected to port /dev/ttyUSB0

2026-08-26,00:31:34:DEBUG MainThread:31 - SerialManager - Connected to port /dev/ttyUSB0

2026-08-26,00:31:41:DEBUG MainThread:31 - SerialManager - Connected to port /dev/ttyUSB0

2026-08-26,00:31:47:DEBUG MainThread:31 - SerialManager - Connected to port /dev/ttyUSB0

2026-08-26,00:31:53:DEBUG MainThread:31 - SerialManager - Connected to port /dev/ttyUSB0

2026-08-26,00:31:59:DEBUG MainThread:31 - SerialManager - Connected to port /dev/ttyUSB0

2026-08-26,00:32:05:DEBUG MainThread:31 - SerialManager - Connected to port /dev/ttyUSB0

2026-08-26,00:32:11:DEBUG MainThread:31 - SerialManager - Connected to port /dev/ttyUSB0

2026-08-26,00:32:17:DEBUG MainThread:31 - SerialManager - Connected to port /dev/ttyUSB0

2026-08-26,00:32:23:DEBUG MainThread:31 - SerialManager - Connected to port /dev/ttyUSB0

2026-08-26,00:32:29:DEBUG MainThread:31 - SerialManager - Connected to port /dev/ttyUSB0

2026-08-26,00:32:35:DEBUG MainThread:31 - SerialManager - Connected to port /dev/ttyUSB0

2026-08-26,00:32:41:DEBUG MainThread:31 - SerialManager - Connected to port /dev/ttyUSB0

2026-08-26,00:32:47:DEBUG MainThread:31 - SerialManager - Connected to port /dev/ttyUSB0

2026-08-26,00:32:53:DEBUG MainThread:31 - SerialManager - Connected to port /dev/ttyUSB0

2026-08-26,00:32:59:DEBUG MainThread:31 - SerialManager - Connected to port /dev/ttyUSB0

2026-08-26,00:33:05:DEBUG MainThread:31 - SerialManager - Connected to port /dev/ttyUSB0

2026-08-26,00:33:11:DEBUG MainThread:31 - SerialManager - Connected to port /dev/ttyUSB0

2026-08-26,00:33:17:DEBUG MainThread:31 - SerialManager - Connected to port /dev/ttyUSB0

2026-08-26,00:33:23:DEBUG MainThread:31 - SerialManager - Connected to port /dev/ttyUSB0

2026-08-26,00:33:30:DEBUG MainThread:31 - SerialManager - Connected to port /dev/ttyUSB0

2026-08-26,00:33:36:DEBUG MainThread:31 - SerialManager - Connected to port /dev/ttyUSB0

2026-08-26,00:33:42:DEBUG MainThread:31 - SerialManager - Connected to port /dev/ttyUSB0

2026-08-26,00:33:48:DEBUG MainThread:31 - SerialManager - Connected to port /dev/ttyUSB0

2026-08-26,00:33:54:DEBUG MainThread:31 - SerialManager - Connected to port /dev/ttyUSB0

2026-08-26 00:34:00,257  ERROR  MainThread:465 -
Attempting to use a port that is not open

2026-08-26,00:34:00:DEBUG MainThread:31 - SerialManager - Connected to port /dev/ttyUSB0

2026-08-26,00:34:06:DEBUG MainThread:544 - All serial ports cannot be opened: reconnecting...

2026-08-26,00:34:07:DEBUG MainThread:31 - SerialManager - Connected to port /dev/ttyUSB0

2026-08-26,00:34:13:DEBUG MainThread:31 - SerialManager - Connected to port /dev/ttyUSB0

2026-08-26,00:34:19:DEBUG MainThread:31 - SerialManager - Connected to port /dev/ttyUSB0

2026-08-26,00:34:25:DEBUG MainThread:31 - SerialManager - Connected to port /dev/ttyUSB0

2026-08-26,00:34:31:DEBUG MainThread:31 - SerialManager - Connected to port /dev/ttyUSB0

2026-08-26,00:34:37:DEBUG MainThread:31 - SerialManager - Connected to port /dev/ttyUSB0

2026-08-26,00:34:43:DEBUG MainThread:31 - SerialManager - Connected to port /dev/ttyUSB0

2026-08-26,00:34:49:DEBUG MainThread:31 - SerialManager - Connected to port /dev/ttyUSB0

2026-08-26,00:34:55:DEBUG MainThread:31 - SerialManager - Connected to port /dev/ttyUSB0

2026-08-26,00:35:01:DEBUG MainThread:31 - SerialManager - Connected to port /dev/ttyUSB0

2026-08-26,00:35:08:DEBUG MainThread:31 - SerialManager - Connected to port /dev/ttyUSB0

2026-08-26,00:35:14:DEBUG MainThread:31 - SerialManager - Connected to port /dev/ttyUSB0

2026-08-26,00:35:20:DEBUG MainThread:31 - SerialManager - Connected to port /dev/ttyUSB0

2026-08-26,00:35:26:DEBUG MainThread:31 - SerialManager - Connected to port /dev/ttyUSB0

2026-08-26,00:35:32:DEBUG MainThread:31 - SerialManager - Connected to port /dev/ttyUSB0

2026-08-26,00:35:38:DEBUG MainThread:31 - SerialManager - Connected to port /dev/ttyUSB0

2026-08-26,00:35:44:DEBUG MainThread:31 - SerialManager - Connected to port /dev/ttyUSB0

2026-08-26,00:35:50:DEBUG MainThread:31 - SerialManager - Connected to port /dev/ttyUSB0

2026-08-26,00:35:56:DEBUG MainThread:31 - SerialManager - Connected to port /dev/ttyUSB0

2026-08-26,00:36:02:DEBUG MainThread:31 - SerialManager - Connected to port /dev/ttyUSB0

2026-08-26,00:36:08:DEBUG MainThread:31 - SerialManager - Connected to port /dev/ttyUSB0

2026-08-26,00:36:14:DEBUG MainThread:31 - SerialManager - Connected to port /dev/ttyUSB0

2026-08-26,00:36:20:DEBUG MainThread:31 - SerialManager - Connected to port /dev/ttyUSB0

2026-08-26,00:36:26:DEBUG MainThread:31 - SerialManager - Connected to port /dev/ttyUSB0

2026-08-26,00:36:32:DEBUG MainThread:31 - SerialManager - Connected to port /dev/ttyUSB0

2026-08-26,00:36:38:DEBUG MainThread:31 - SerialManager - Connected to port /dev/ttyUSB0

2026-08-26,00:36:44:DEBUG MainThread:31 - SerialManager - Connected to port /dev/ttyUSB0

2026-08-26,00:36:51:DEBUG MainThread:31 - SerialManager - Connected to port /dev/ttyUSB0

2026-08-26,00:36:57:DEBUG MainThread:31 - SerialManager - Connected to port /dev/ttyUSB0

2026-08-26,00:37:03:DEBUG MainThread:31 - SerialManager - Connected to port /dev/ttyUSB0

2026-08-26,00:37:09:DEBUG MainThread:31 - SerialManager - Connected to port /dev/ttyUSB0

2026-08-26,00:37:15:DEBUG MainThread:31 - SerialManager - Connected to port /dev/ttyUSB0

2026-08-26,00:37:21:DEBUG MainThread:31 - SerialManager - Connected to port /dev/ttyUSB0

2026-08-26,00:37:27:DEBUG MainThread:31 - SerialManager - Connected to port /dev/ttyUSB0

2026-08-26,00:37:33:DEBUG MainThread:31 - SerialManager - Connected to port /dev/ttyUSB0

2026-08-26,00:37:39:DEBUG MainThread:31 - SerialManager - Connected to port /dev/ttyUSB0

2026-08-26,00:37:45:DEBUG MainThread:31 - SerialManager - Connected to port /dev/ttyUSB0

2026-08-26,00:37:51:DEBUG MainThread:31 - SerialManager - Connected to port /dev/ttyUSB0

2026-08-26,00:37:57:DEBUG MainThread:31 - SerialManager - Connected to port /dev/ttyUSB0

2026-08-26,00:38:03:DEBUG MainThread:31 - SerialManager - Connected to port /dev/ttyUSB0

2026-08-26,00:38:09:DEBUG MainThread:31 - SerialManager - Connected to port /dev/ttyUSB0

2026-08-26,00:38:15:DEBUG MainThread:31 - SerialManager - Connected to port /dev/ttyUSB0

2026-08-26,00:38:21:DEBUG MainThread:31 - SerialManager - Connected to port /dev/ttyUSB0

2026-08-26,00:38:27:DEBUG MainThread:31 - SerialManager - Connected to port /dev/ttyUSB0

2026-08-26,00:38:34:DEBUG MainThread:31 - SerialManager - Connected to port /dev/ttyUSB0

2026-08-26,00:38:40:DEBUG MainThread:31 - SerialManager - Connected to port /dev/ttyUSB0

2026-08-26,00:38:46:DEBUG MainThread:31 - SerialManager - Connected to port /dev/ttyUSB0

2026-08-26,00:38:52:DEBUG MainThread:31 - SerialManager - Connected to port /dev/ttyUSB0

2026-08-26,00:38:58:DEBUG MainThread:31 - SerialManager - Connected to port /dev/ttyUSB0

2026-08-26,00:39:04:DEBUG MainThread:31 - SerialManager - Connected to port /dev/ttyUSB0

2026-08-26,00:39:10:DEBUG MainThread:31 - SerialManager - Connected to port /dev/ttyUSB0

2026-08-26,00:39:16:DEBUG MainThread:31 - SerialManager - Connected to port /dev/ttyUSB0

2026-08-26,00:39:22:DEBUG MainThread:31 - SerialManager - Connected to port /dev/ttyUSB0

2026-08-26,00:39:28:DEBUG MainThread:31 - SerialManager - Connected to port /dev/ttyUSB0

2026-08-26,00:39:34:DEBUG MainThread:31 - SerialManager - Connected to port /dev/ttyUSB0

2026-08-26,00:39:40:DEBUG MainThread:31 - SerialManager - Connected to port /dev/ttyUSB0

2026-08-26,00:39:46:DEBUG MainThread:31 - SerialManager - Connected to port /dev/ttyUSB0

2026-08-26,00:39:52:DEBUG MainThread:31 - SerialManager - Connected to port /dev/ttyUSB0

2026-08-26,00:39:58:DEBUG MainThread:31 - SerialManager - Connected to port /dev/ttyUSB0

2026-08-26,00:40:04:DEBUG MainThread:31 - SerialManager - Connected to port /dev/ttyUSB0

2026-08-26,00:40:10:DEBUG MainThread:31 - SerialManager - Connected to port /dev/ttyUSB0

2026-08-26,00:40:16:DEBUG MainThread:31 - SerialManager - Connected to port /dev/ttyUSB0

2026-08-26,00:40:23:DEBUG MainThread:31 - SerialManager - Connected to port /dev/ttyUSB0

2026-08-26,00:40:29:DEBUG MainThread:31 - SerialManager - Connected to port /dev/ttyUSB0

2026-08-26,00:40:35:DEBUG MainThread:31 - SerialManager - Connected to port /dev/ttyUSB0

2026-08-26,00:40:41:DEBUG MainThread:31 - SerialManager - Connected to port /dev/ttyUSB0

2026-08-26,00:40:47:DEBUG MainThread:31 - SerialManager - Connected to port /dev/ttyUSB0

2026-08-26,00:40:53:DEBUG MainThread:31 - SerialManager - Connected to port /dev/ttyUSB0

2026-08-26,00:40:59:DEBUG MainThread:31 - SerialManager - Connected to port /dev/ttyUSB0

2026-08-26,00:41:05:DEBUG MainThread:31 - SerialManager - Connected to port /dev/ttyUSB0

2026-08-26,00:41:11:DEBUG MainThread:31 - SerialManager - Connected to port /dev/ttyUSB0

2026-08-26,00:41:17:DEBUG MainThread:31 - SerialManager - Connected to port /dev/ttyUSB0

2026-08-26,00:41:23:DEBUG MainThread:31 - SerialManager - Connected to port /dev/ttyUSB0

2026-08-26,00:41:29:DEBUG MainThread:31 - SerialManager - Connected to port /dev/ttyUSB0

2026-08-26,00:41:35:DEBUG MainThread:31 - SerialManager - Connected to port /dev/ttyUSB0

2026-08-26,00:41:41:DEBUG MainThread:31 - SerialManager - Connected to port /dev/ttyUSB0

2026-08-26,00:41:47:DEBUG MainThread:31 - SerialManager - Connected to port /dev/ttyUSB0

2026-08-26,00:41:53:DEBUG MainThread:31 - SerialManager - Connected to port /dev/ttyUSB0

2026-08-26,00:41:59:DEBUG MainThread:31 - SerialManager - Connected to port /dev/ttyUSB0

2026-08-26,00:42:06:DEBUG MainThread:31 - SerialManager - Connected to port /dev/ttyUSB0

2026-08-26,00:42:12:DEBUG MainThread:31 - SerialManager - Connected to port /dev/ttyUSB0

2026-08-26,00:42:18:DEBUG MainThread:31 - SerialManager - Connected to port /dev/ttyUSB0

2026-08-26,00:42:24:DEBUG MainThread:31 - SerialManager - Connected to port /dev/ttyUSB0

2026-08-26,00:42:30:DEBUG MainThread:31 - SerialManager - Connected to port /dev/ttyUSB0

2026-08-26,00:42:36:DEBUG MainThread:31 - SerialManager - Connected to port /dev/ttyUSB0

2026-08-26,00:42:42:DEBUG MainThread:31 - SerialManager - Connected to port /dev/ttyUSB0

2026-08-26,00:42:48:DEBUG MainThread:31 - SerialManager - Connected to port /dev/ttyUSB0

2026-08-26,00:42:54:DEBUG MainThread:31 - SerialManager - Connected to port /dev/ttyUSB0

2026-08-26 00:43:00,526  ERROR  MainThread:465 -
Attempting to use a port that is not open

2026-08-26,00:43:01:DEBUG MainThread:31 - SerialManager - Connected to port /dev/ttyUSB0

2026-08-26,00:43:07:DEBUG MainThread:544 - All serial ports cannot be opened: reconnecting...

2026-08-26,00:43:07:DEBUG MainThread:31 - SerialManager - Connected to port /dev/ttyUSB0

2026-08-26,00:43:13:DEBUG MainThread:31 - SerialManager - Connected to port /dev/ttyUSB0

2026-08-26,00:43:19:DEBUG MainThread:31 - SerialManager - Connected to port /dev/ttyUSB0

2026-08-26,00:43:25:DEBUG MainThread:31 - SerialManager - Connected to port /dev/ttyUSB0

2026-08-26,00:43:31:DEBUG MainThread:31 - SerialManager - Connected to port /dev/ttyUSB0

2026-08-26,00:43:37:DEBUG MainThread:31 - SerialManager - Connected to port /dev/ttyUSB0

2026-08-26,00:43:44:DEBUG MainThread:31 - SerialManager - Connected to port /dev/ttyUSB0

2026-08-26,00:43:50:DEBUG MainThread:31 - SerialManager - Connected to port /dev/ttyUSB0

2026-08-26,00:43:56:DEBUG MainThread:31 - SerialManager - Connected to port /dev/ttyUSB0

2026-08-26,00:44:02:DEBUG MainThread:31 - SerialManager - Connected to port /dev/ttyUSB0

2026-08-26,00:44:08:DEBUG MainThread:31 - SerialManager - Connected to port /dev/ttyUSB0

2026-08-26,00:44:14:DEBUG MainThread:31 - SerialManager - Connected to port /dev/ttyUSB0

2026-08-26,00:44:20:DEBUG MainThread:31 - SerialManager - Connected to port /dev/ttyUSB0

2026-08-26,00:44:26:DEBUG MainThread:31 - SerialManager - Connected to port /dev/ttyUSB0

2026-08-26,00:44:32:DEBUG MainThread:31 - SerialManager - Connected to port /dev/ttyUSB0

2026-08-26,00:44:38:DEBUG MainThread:31 - SerialManager - Connected to port /dev/ttyUSB0

2026-08-26,00:44:44:DEBUG MainThread:31 - SerialManager - Connected to port /dev/ttyUSB0

2026-08-26,00:44:50:DEBUG MainThread:31 - SerialManager - Connected to port /dev/ttyUSB0

2026-08-26,00:44:56:DEBUG MainThread:31 - SerialManager - Connected to port /dev/ttyUSB0

2026-08-26,00:45:02:DEBUG MainThread:31 - SerialManager - Connected to port /dev/ttyUSB0

2026-08-26,00:45:08:DEBUG MainThread:31 - SerialManager - Connected to port /dev/ttyUSB0

2026-08-26,00:45:14:DEBUG MainThread:31 - SerialManager - Connected to port /dev/ttyUSB0

2026-08-26,00:45:21:DEBUG MainThread:31 - SerialManager - Connected to port /dev/ttyUSB0

2026-08-26,00:45:27:DEBUG MainThread:31 - SerialManager - Connected to port /dev/ttyUSB0

2026-08-26,00:45:33:DEBUG MainThread:31 - SerialManager - Connected to port /dev/ttyUSB0

2026-08-26,00:45:39:DEBUG MainThread:31 - SerialManager - Connected to port /dev/ttyUSB0

2026-08-26,00:45:45:DEBUG MainThread:31 - SerialManager - Connected to port /dev/ttyUSB0

2026-08-26,00:45:51:DEBUG MainThread:31 - SerialManager - Connected to port /dev/ttyUSB0

2026-08-26,00:45:57:DEBUG MainThread:31 - SerialManager - Connected to port /dev/ttyUSB0

2026-08-26,00:46:03:DEBUG MainThread:31 - SerialManager - Connected to port /dev/ttyUSB0

2026-08-26,00:46:09:DEBUG MainThread:31 - SerialManager - Connected to port /dev/ttyUSB0

2026-08-26,00:46:15:DEBUG MainThread:31 - SerialManager - Connected to port /dev/ttyUSB0

2026-08-26,00:46:21:DEBUG MainThread:31 - SerialManager - Connected to port /dev/ttyUSB0

2026-08-26,00:46:27:DEBUG MainThread:31 - SerialManager - Connected to port /dev/ttyUSB0

2026-08-26,00:46:33:DEBUG MainThread:31 - SerialManager - Connected to port /dev/ttyUSB0

2026-08-26,00:46:39:DEBUG MainThread:31 - SerialManager - Connected to port /dev/ttyUSB0

2026-08-26,00:46:45:DEBUG MainThread:31 - SerialManager - Connected to port /dev/ttyUSB0

2026-08-26,00:46:51:DEBUG MainThread:31 - SerialManager - Connected to port /dev/ttyUSB0

2026-08-26,00:46:57:DEBUG MainThread:31 - SerialManager - Connected to port /dev/ttyUSB0

2026-08-26,00:47:04:DEBUG MainThread:31 - SerialManager - Connected to port /dev/ttyUSB0

2026-08-26,00:47:10:DEBUG MainThread:31 - SerialManager - Connected to port /dev/ttyUSB0

2026-08-26,00:47:16:DEBUG MainThread:31 - SerialManager - Connected to port /dev/ttyUSB0

2026-08-26,00:47:22:DEBUG MainThread:31 - SerialManager - Connected to port /dev/ttyUSB0

2026-08-26,00:47:28:DEBUG MainThread:31 - SerialManager - Connected to port /dev/ttyUSB0

2026-08-26,00:47:34:DEBUG MainThread:31 - SerialManager - Connected to port /dev/ttyUSB0

2026-08-26,00:47:40:DEBUG MainThread:31 - SerialManager - Connected to port /dev/ttyUSB0

2026-08-26,00:47:46:DEBUG MainThread:31 - SerialManager - Connected to port /dev/ttyUSB0

2026-08-26,00:47:52:DEBUG MainThread:31 - SerialManager - Connected to port /dev/ttyUSB0

2026-08-26,00:47:58:DEBUG MainThread:31 - SerialManager - Connected to port /dev/ttyUSB0

2026-08-26,00:48:04:DEBUG MainThread:31 - SerialManager - Connected to port /dev/ttyUSB0

2026-08-26,00:48:10:DEBUG MainThread:31 - SerialManager - Connected to port /dev/ttyUSB0

2026-08-26,00:48:16:DEBUG MainThread:31 - SerialManager - Connected to port /dev/ttyUSB0

2026-08-26,00:48:22:DEBUG MainThread:31 - SerialManager - Connected to port /dev/ttyUSB0

2026-08-26,00:48:28:DEBUG MainThread:31 - SerialManager - Connected to port /dev/ttyUSB0

2026-08-26,00:48:34:DEBUG MainThread:31 - SerialManager - Connected to port /dev/ttyUSB0

2026-08-26,00:48:40:DEBUG MainThread:31 - SerialManager - Connected to port /dev/ttyUSB0

2026-08-26,00:48:46:DEBUG MainThread:31 - SerialManager - Connected to port /dev/ttyUSB0

2026-08-26,00:48:53:DEBUG MainThread:31 - SerialManager - Connected to port /dev/ttyUSB0

2026-08-26,00:48:59:DEBUG MainThread:31 - SerialManager - Connected to port /dev/ttyUSB0

2026-08-26,00:49:05:DEBUG MainThread:31 - SerialManager - Connected to port /dev/ttyUSB0

2026-08-26,00:49:11:DEBUG MainThread:31 - SerialManager - Connected to port /dev/ttyUSB0

2026-08-26,00:49:17:DEBUG MainThread:31 - SerialManager - Connected to port /dev/ttyUSB0

2026-08-26,00:49:23:DEBUG MainThread:31 - SerialManager - Connected to port /dev/ttyUSB0

2026-08-26,00:49:29:DEBUG MainThread:31 - SerialManager - Connected to port /dev/ttyUSB0

2026-08-26,00:49:35:DEBUG MainThread:31 - SerialManager - Connected to port /dev/ttyUSB0

2026-08-26,00:49:41:DEBUG MainThread:31 - SerialManager - Connected to port /dev/ttyUSB0

2026-08-26,00:49:47:DEBUG MainThread:31 - SerialManager - Connected to port /dev/ttyUSB0

2026-08-26,00:49:53:DEBUG MainThread:31 - SerialManager - Connected to port /dev/ttyUSB0

2026-08-26,00:49:59:DEBUG MainThread:31 - SerialManager - Connected to port /dev/ttyUSB0

2026-08-26,00:50:05:DEBUG MainThread:31 - SerialManager - Connected to port /dev/ttyUSB0

2026-08-26,00:50:11:DEBUG MainThread:31 - SerialManager - Connected to port /dev/ttyUSB0

2026-08-26,00:50:17:DEBUG MainThread:31 - SerialManager - Connected to port /dev/ttyUSB0

2026-08-26,00:50:23:DEBUG MainThread:31 - SerialManager - Connected to port /dev/ttyUSB0

2026-08-26,00:50:29:DEBUG MainThread:31 - SerialManager - Connected to port /dev/ttyUSB0

2026-08-26,00:50:35:DEBUG MainThread:31 - SerialManager - Connected to port /dev/ttyUSB0

2026-08-26,00:50:42:DEBUG MainThread:31 - SerialManager - Connected to port /dev/ttyUSB0

2026-08-26,00:50:48:DEBUG MainThread:31 - SerialManager - Connected to port /dev/ttyUSB0

2026-08-26,00:50:54:DEBUG MainThread:31 - SerialManager - Connected to port /dev/ttyUSB0

2026-08-26 00:51:00,153  ERROR  MainThread:465 -
Attempting to use a port that is not open

2026-08-26,00:51:00:DEBUG MainThread:31 - SerialManager - Connected to port /dev/ttyUSB0

2026-08-26,00:51:06:DEBUG MainThread:544 - All serial ports cannot be opened: reconnecting...

2026-08-26,00:51:07:DEBUG MainThread:31 - SerialManager - Connected to port /dev/ttyUSB0

2026-08-26,00:51:13:DEBUG MainThread:31 - SerialManager - Connected to port /dev/ttyUSB0

2026-08-26,00:51:19:DEBUG MainThread:31 - SerialManager - Connected to port /dev/ttyUSB0

2026-08-26,00:51:25:DEBUG MainThread:31 - SerialManager - Connected to port /dev/ttyUSB0

2026-08-26,00:51:31:DEBUG MainThread:31 - SerialManager - Connected to port /dev/ttyUSB0

2026-08-26,00:51:37:DEBUG MainThread:31 - SerialManager - Connected to port /dev/ttyUSB0

2026-08-26,00:51:43:DEBUG MainThread:31 - SerialManager - Connected to port /dev/ttyUSB0

2026-08-26,00:51:49:DEBUG MainThread:31 - SerialManager - Connected to port /dev/ttyUSB0

2026-08-26,00:51:55:DEBUG MainThread:31 - SerialManager - Connected to port /dev/ttyUSB0

2026-08-26,00:52:01:DEBUG MainThread:31 - SerialManager - Connected to port /dev/ttyUSB0

2026-08-26,00:52:07:DEBUG MainThread:31 - SerialManager - Connected to port /dev/ttyUSB0

2026-08-26,00:52:13:DEBUG MainThread:31 - SerialManager - Connected to port /dev/ttyUSB0

2026-08-26,00:52:20:DEBUG MainThread:31 - SerialManager - Connected to port /dev/ttyUSB0

2026-08-26,00:52:26:DEBUG MainThread:31 - SerialManager - Connected to port /dev/ttyUSB0

2026-08-26,00:52:32:DEBUG MainThread:31 - SerialManager - Connected to port /dev/ttyUSB0

2026-08-26,00:52:38:DEBUG MainThread:31 - SerialManager - Connected to port /dev/ttyUSB0

2026-08-26,00:52:44:DEBUG MainThread:31 - SerialManager - Connected to port /dev/ttyUSB0

2026-08-26,00:52:50:DEBUG MainThread:31 - SerialManager - Connected to port /dev/ttyUSB0

2026-08-26,00:52:56:DEBUG MainThread:31 - SerialManager - Connected to port /dev/ttyUSB0

2026-08-26,00:53:02:DEBUG MainThread:31 - SerialManager - Connected to port /dev/ttyUSB0

2026-08-26,00:53:08:DEBUG MainThread:31 - SerialManager - Connected to port /dev/ttyUSB0

2026-08-26,00:53:14:DEBUG MainThread:31 - SerialManager - Connected to port /dev/ttyUSB0

2026-08-26,00:53:20:DEBUG MainThread:31 - SerialManager - Connected to port /dev/ttyUSB0

2026-08-26,00:53:26:DEBUG MainThread:31 - SerialManager - Connected to port /dev/ttyUSB0

2026-08-26,00:53:32:DEBUG MainThread:31 - SerialManager - Connected to port /dev/ttyUSB0

2026-08-26,00:53:38:DEBUG MainThread:31 - SerialManager - Connected to port /dev/ttyUSB0

2026-08-26,00:53:44:DEBUG MainThread:31 - SerialManager - Connected to port /dev/ttyUSB0

2026-08-26,00:53:50:DEBUG MainThread:31 - SerialManager - Connected to port /dev/ttyUSB0

2026-08-26,00:53:56:DEBUG MainThread:31 - SerialManager - Connected to port /dev/ttyUSB0

2026-08-26,00:54:03:DEBUG MainThread:31 - SerialManager - Connected to port /dev/ttyUSB0

2026-08-26,00:54:09:DEBUG MainThread:31 - SerialManager - Connected to port /dev/ttyUSB0

2026-08-26,00:54:15:DEBUG MainThread:31 - SerialManager - Connected to port /dev/ttyUSB0

2026-08-26,00:54:21:DEBUG MainThread:31 - SerialManager - Connected to port /dev/ttyUSB0

2026-08-26,00:54:27:DEBUG MainThread:31 - SerialManager - Connected to port /dev/ttyUSB0

2026-08-26,00:54:33:DEBUG MainThread:31 - SerialManager - Connected to port /dev/ttyUSB0

2026-08-26,00:54:39:DEBUG MainThread:31 - SerialManager - Connected to port /dev/ttyUSB0

2026-08-26,00:54:45:DEBUG MainThread:31 - SerialManager - Connected to port /dev/ttyUSB0

2026-08-26,00:54:51:DEBUG MainThread:31 - SerialManager - Connected to port /dev/ttyUSB0

2026-08-26,00:54:57:DEBUG MainThread:31 - SerialManager - Connected to port /dev/ttyUSB0

2026-08-26,00:55:03:DEBUG MainThread:31 - SerialManager - Connected to port /dev/ttyUSB0

2026-08-26,00:55:09:DEBUG MainThread:31 - SerialManager - Connected to port /dev/ttyUSB0

2026-08-26,00:55:15:DEBUG MainThread:31 - SerialManager - Connected to port /dev/ttyUSB0

2026-08-26,00:55:21:DEBUG MainThread:31 - SerialManager - Connected to port /dev/ttyUSB0

2026-08-26,00:55:27:DEBUG MainThread:31 - SerialManager - Connected to port /dev/ttyUSB0

2026-08-26,00:55:33:DEBUG MainThread:31 - SerialManager - Connected to port /dev/ttyUSB0

2026-08-26,00:55:39:DEBUG MainThread:31 - SerialManager - Connected to port /dev/ttyUSB0

2026-08-26,00:55:46:DEBUG MainThread:31 - SerialManager - Connected to port /dev/ttyUSB0

2026-08-26,00:55:52:DEBUG MainThread:31 - SerialManager - Connected to port /dev/ttyUSB0

2026-08-26,00:55:58:DEBUG MainThread:31 - SerialManager - Connected to port /dev/ttyUSB0

2026-08-26,00:56:04:DEBUG MainThread:31 - SerialManager - Connected to port /dev/ttyUSB0

2026-08-26,00:56:10:DEBUG MainThread:31 - SerialManager - Connected to port /dev/ttyUSB0

2026-08-26,00:56:16:DEBUG MainThread:31 - SerialManager - Connected to port /dev/ttyUSB0

2026-08-26,00:56:22:DEBUG MainThread:31 - SerialManager - Connected to port /dev/ttyUSB0

2026-08-26,00:56:28:DEBUG MainThread:31 - SerialManager - Connected to port /dev/ttyUSB0

2026-08-26,00:56:34:DEBUG MainThread:31 - SerialManager - Connected to port /dev/ttyUSB0

2026-08-26,00:56:40:DEBUG MainThread:31 - SerialManager - Connected to port /dev/ttyUSB0

2026-08-26,00:56:46:DEBUG MainThread:31 - SerialManager - Connected to port /dev/ttyUSB0

2026-08-26,00:56:52:DEBUG MainThread:31 - SerialManager - Connected to port /dev/ttyUSB0

2026-08-26,00:56:58:DEBUG MainThread:31 - SerialManager - Connected to port /dev/ttyUSB0

2026-08-26,00:57:04:DEBUG MainThread:31 - SerialManager - Connected to port /dev/ttyUSB0

2026-08-26,00:57:10:DEBUG MainThread:31 - SerialManager - Connected to port /dev/ttyUSB0

2026-08-26,00:57:16:DEBUG MainThread:31 - SerialManager - Connected to port /dev/ttyUSB0

2026-08-26,00:57:22:DEBUG MainThread:31 - SerialManager - Connected to port /dev/ttyUSB0

2026-08-26,00:57:28:DEBUG MainThread:31 - SerialManager - Connected to port /dev/ttyUSB0

2026-08-26,00:57:34:DEBUG MainThread:31 - SerialManager - Connected to port /dev/ttyUSB0

2026-08-26,00:57:41:DEBUG MainThread:31 - SerialManager - Connected to port /dev/ttyUSB0

2026-08-26,00:57:47:DEBUG MainThread:31 - SerialManager - Connected to port /dev/ttyUSB0

2026-08-26,00:57:53:DEBUG MainThread:31 - SerialManager - Connected to port /dev/ttyUSB0

2026-08-26,00:57:59:DEBUG MainThread:31 - SerialManager - Connected to port /dev/ttyUSB0

2026-08-26,00:58:05:DEBUG MainThread:31 - SerialManager - Connected to port /dev/ttyUSB0

2026-08-26,00:58:11:DEBUG MainThread:31 - SerialManager - Connected to port /dev/ttyUSB0

2026-08-26,00:58:17:DEBUG MainThread:31 - SerialManager - Connected to port /dev/ttyUSB0

2026-08-26,00:58:23:DEBUG MainThread:31 - SerialManager - Connected to port /dev/ttyUSB0

2026-08-26,00:58:29:DEBUG MainThread:31 - SerialManager - Connected to port /dev/ttyUSB0

2026-08-26,00:58:35:DEBUG MainThread:31 - SerialManager - Connected to port /dev/ttyUSB0

2026-08-26,00:58:41:DEBUG MainThread:31 - SerialManager - Connected to port /dev/ttyUSB0

2026-08-26,00:58:47:DEBUG MainThread:31 - SerialManager - Connected to port /dev/ttyUSB0

2026-08-26,00:58:53:DEBUG MainThread:31 - SerialManager - Connected to port /dev/ttyUSB0

2026-08-26,00:58:59:DEBUG MainThread:31 - SerialManager - Connected to port /dev/ttyUSB0

2026-08-26,00:59:05:DEBUG MainThread:31 - SerialManager - Connected to port /dev/ttyUSB0

2026-08-26,00:59:11:DEBUG MainThread:31 - SerialManager - Connected to port /dev/ttyUSB0

2026-08-26,00:59:17:DEBUG MainThread:31 - SerialManager - Connected to port /dev/ttyUSB0

2026-08-26,00:59:24:DEBUG MainThread:31 - SerialManager - Connected to port /dev/ttyUSB0

2026-08-26,00:59:30:DEBUG MainThread:31 - SerialManager - Connected to port /dev/ttyUSB0

2026-08-26,00:59:36:DEBUG MainThread:31 - SerialManager - Connected to port /dev/ttyUSB0

2026-08-26,00:59:42:DEBUG MainThread:31 - SerialManager - Connected to port /dev/ttyUSB0

2026-08-26,00:59:48:DEBUG MainThread:31 - SerialManager - Connected to port /dev/ttyUSB0

2026-08-26,00:59:54:DEBUG MainThread:31 - SerialManager - Connected to port /dev/ttyUSB0

2026-08-26 01:00:00,357  ERROR  MainThread:465 -
Attempting to use a port that is not open

2026-08-26,01:00:00:DEBUG MainThread:31 - SerialManager - Connected to port /dev/ttyUSB0

2026-08-26,01:00:06:DEBUG MainThread:544 - All serial ports cannot be opened: reconnecting...

2026-08-26,01:00:07:DEBUG MainThread:31 - SerialManager - Connected to port /dev/ttyUSB0

2026-08-26,01:00:13:DEBUG MainThread:31 - SerialManager - Connected to port /dev/ttyUSB0

2026-08-26,01:00:19:DEBUG MainThread:31 - SerialManager - Connected to port /dev/ttyUSB0

2026-08-26,01:00:25:DEBUG MainThread:31 - SerialManager - Connected to port /dev/ttyUSB0

2026-08-26,01:00:31:DEBUG MainThread:31 - SerialManager - Connected to port /dev/ttyUSB0

2026-08-26,01:00:37:DEBUG MainThread:31 - SerialManager - Connected to port /dev/ttyUSB0

2026-08-26,01:00:43:DEBUG MainThread:31 - SerialManager - Connected to port /dev/ttyUSB0

2026-08-26,01:00:49:DEBUG MainThread:31 - SerialManager - Connected to port /dev/ttyUSB0

2026-08-26,01:00:55:DEBUG MainThread:31 - SerialManager - Connected to port /dev/ttyUSB0

2026-08-26,01:01:02:DEBUG MainThread:31 - SerialManager - Connected to port /dev/ttyUSB0

2026-08-26,01:01:08:DEBUG MainThread:31 - SerialManager - Connected to port /dev/ttyUSB0

2026-08-26,01:01:14:DEBUG MainThread:31 - SerialManager - Connected to port /dev/ttyUSB0

2026-08-26,01:01:20:DEBUG MainThread:31 - SerialManager - Connected to port /dev/ttyUSB0

2026-08-26,01:01:26:DEBUG MainThread:31 - SerialManager - Connected to port /dev/ttyUSB0

2026-08-26,01:01:32:DEBUG MainThread:31 - SerialManager - Connected to port /dev/ttyUSB0

2026-08-26,01:01:38:DEBUG MainThread:31 - SerialManager - Connected to port /dev/ttyUSB0

2026-08-26,01:01:44:DEBUG MainThread:31 - SerialManager - Connected to port /dev/ttyUSB0

2026-08-26,01:01:50:DEBUG MainThread:31 - SerialManager - Connected to port /dev/ttyUSB0

2026-08-26,01:01:56:DEBUG MainThread:31 - SerialManager - Connected to port /dev/ttyUSB0

2026-08-26,01:02:02:DEBUG MainThread:31 - SerialManager - Connected to port /dev/ttyUSB0

2026-08-26,01:02:08:DEBUG MainThread:31 - SerialManager - Connected to port /dev/ttyUSB0

2026-08-26,01:02:14:DEBUG MainThread:31 - SerialManager - Connected to port /dev/ttyUSB0

2026-08-26,01:02:20:DEBUG MainThread:31 - SerialManager - Connected to port /dev/ttyUSB0

2026-08-26,01:02:26:DEBUG MainThread:31 - SerialManager - Connected to port /dev/ttyUSB0

2026-08-26,01:02:32:DEBUG MainThread:31 - SerialManager - Connected to port /dev/ttyUSB0

2026-08-26,01:02:38:DEBUG MainThread:31 - SerialManager - Connected to port /dev/ttyUSB0

2026-08-26,01:02:45:DEBUG MainThread:31 - SerialManager - Connected to port /dev/ttyUSB0

2026-08-26,01:02:51:DEBUG MainThread:31 - SerialManager - Connected to port /dev/ttyUSB0

2026-08-26,01:02:57:DEBUG MainThread:31 - SerialManager - Connected to port /dev/ttyUSB0

2026-08-26,01:03:03:DEBUG MainThread:31 - SerialManager - Connected to port /dev/ttyUSB0

2026-08-26,01:03:09:DEBUG MainThread:31 - SerialManager - Connected to port /dev/ttyUSB0

2026-08-26,01:03:15:DEBUG MainThread:31 - SerialManager - Connected to port /dev/ttyUSB0

2026-08-26,01:03:21:DEBUG MainThread:31 - SerialManager - Connected to port /dev/ttyUSB0

2026-08-26,01:03:27:DEBUG MainThread:31 - SerialManager - Connected to port /dev/ttyUSB0

2026-08-26,01:03:33:DEBUG MainThread:31 - SerialManager - Connected to port /dev/ttyUSB0

2026-08-26,01:03:39:DEBUG MainThread:31 - SerialManager - Connected to port /dev/ttyUSB0

2026-08-26,01:03:45:DEBUG MainThread:31 - SerialManager - Connected to port /dev/ttyUSB0

2026-08-26,01:03:51:DEBUG MainThread:31 - SerialManager - Connected to port /dev/ttyUSB0

2026-08-26,01:03:57:DEBUG MainThread:31 - SerialManager - Connected to port /dev/ttyUSB0

2026-08-26,01:04:03:DEBUG MainThread:31 - SerialManager - Connected to port /dev/ttyUSB0

2026-08-26,01:04:09:DEBUG MainThread:31 - SerialManager - Connected to port /dev/ttyUSB0

2026-08-26,01:04:15:DEBUG MainThread:31 - SerialManager - Connected to port /dev/ttyUSB0

2026-08-26,01:04:21:DEBUG MainThread:31 - SerialManager - Connected to port /dev/ttyUSB0

2026-08-26,01:04:28:DEBUG MainThread:31 - SerialManager - Connected to port /dev/ttyUSB0

2026-08-26,01:04:34:DEBUG MainThread:31 - SerialManager - Connected to port /dev/ttyUSB0

2026-08-26,01:04:40:DEBUG MainThread:31 - SerialManager - Connected to port /dev/ttyUSB0

2026-08-26,01:04:46:DEBUG MainThread:31 - SerialManager - Connected to port /dev/ttyUSB0

2026-08-26,01:04:52:DEBUG MainThread:31 - SerialManager - Connected to port /dev/ttyUSB0

2026-08-26,01:04:58:DEBUG MainThread:31 - SerialManager - Connected to port /dev/ttyUSB0

2026-08-26,01:05:04:DEBUG MainThread:31 - SerialManager - Connected to port /dev/ttyUSB0

2026-08-26,01:05:10:DEBUG MainThread:31 - SerialManager - Connected to port /dev/ttyUSB0

2026-08-26,01:05:16:DEBUG MainThread:31 - SerialManager - Connected to port /dev/ttyUSB0

2026-08-26,01:05:22:DEBUG MainThread:31 - SerialManager - Connected to port /dev/ttyUSB0

2026-08-26,01:05:28:DEBUG MainThread:31 - SerialManager - Connected to port /dev/ttyUSB0

2026-08-26,01:05:34:DEBUG MainThread:31 - SerialManager - Connected to port /dev/ttyUSB0

2026-08-26,01:05:40:DEBUG MainThread:31 - SerialManager - Connected to port /dev/ttyUSB0

2026-08-26,01:05:46:DEBUG MainThread:31 - SerialManager - Connected to port /dev/ttyUSB0

2026-08-26,01:05:52:DEBUG MainThread:31 - SerialManager - Connected to port /dev/ttyUSB0

2026-08-26,01:05:58:DEBUG MainThread:31 - SerialManager - Connected to port /dev/ttyUSB0

2026-08-26,01:06:04:DEBUG MainThread:31 - SerialManager - Connected to port /dev/ttyUSB0

2026-08-26,01:06:10:DEBUG MainThread:31 - SerialManager - Connected to port /dev/ttyUSB0

2026-08-26,01:06:17:DEBUG MainThread:31 - SerialManager - Connected to port /dev/ttyUSB0

2026-08-26,01:06:23:DEBUG MainThread:31 - SerialManager - Connected to port /dev/ttyUSB0

2026-08-26,01:06:29:DEBUG MainThread:31 - SerialManager - Connected to port /dev/ttyUSB0

2026-08-26,01:06:35:DEBUG MainThread:31 - SerialManager - Connected to port /dev/ttyUSB0

2026-08-26,01:06:41:DEBUG MainThread:31 - SerialManager - Connected to port /dev/ttyUSB0

2026-08-26,01:06:47:DEBUG MainThread:31 - SerialManager - Connected to port /dev/ttyUSB0

2026-08-26,01:06:53:DEBUG MainThread:31 - SerialManager - Connected to port /dev/ttyUSB0

2026-08-26,01:06:59:DEBUG MainThread:31 - SerialManager - Connected to port /dev/ttyUSB0

2026-08-26,01:07:05:DEBUG MainThread:31 - SerialManager - Connected to port /dev/ttyUSB0

2026-08-26,01:07:11:DEBUG MainThread:31 - SerialManager - Connected to port /dev/ttyUSB0

2026-08-26,01:07:17:DEBUG MainThread:31 - SerialManager - Connected to port /dev/ttyUSB0

2026-08-26,01:07:23:DEBUG MainThread:31 - SerialManager - Connected to port /dev/ttyUSB0

2026-08-26,01:07:29:DEBUG MainThread:31 - SerialManager - Connected to port /dev/ttyUSB0

2026-08-26,01:07:35:DEBUG MainThread:31 - SerialManager - Connected to port /dev/ttyUSB0

2026-08-26,01:07:41:DEBUG MainThread:31 - SerialManager - Connected to port /dev/ttyUSB0

2026-08-26,01:07:47:DEBUG MainThread:31 - SerialManager - Connected to port /dev/ttyUSB0

2026-08-26,01:07:53:DEBUG MainThread:31 - SerialManager - Connected to port /dev/ttyUSB0

2026-08-26,01:08:00:DEBUG MainThread:31 - SerialManager - Connected to port /dev/ttyUSB0

2026-08-26,01:08:06:DEBUG MainThread:31 - SerialManager - Connected to port /dev/ttyUSB0

2026-08-26,01:08:12:DEBUG MainThread:31 - SerialManager - Connected to port /dev/ttyUSB0

2026-08-26,01:08:18:DEBUG MainThread:31 - SerialManager - Connected to port /dev/ttyUSB0

2026-08-26,01:08:24:DEBUG MainThread:31 - SerialManager - Connected to port /dev/ttyUSB0

2026-08-26,01:08:30:DEBUG MainThread:31 - SerialManager - Connected to port /dev/ttyUSB0

2026-08-26,01:08:36:DEBUG MainThread:31 - SerialManager - Connected to port /dev/ttyUSB0

2026-08-26,01:08:42:DEBUG MainThread:31 - SerialManager - Connected to port /dev/ttyUSB0

2026-08-26,01:08:48:DEBUG MainThread:31 - SerialManager - Connected to port /dev/ttyUSB0

2026-08-26,01:08:54:DEBUG MainThread:31 - SerialManager - Connected to port /dev/ttyUSB0

2026-08-26 01:09:00,573  ERROR  MainThread:465 -
Attempting to use a port that is not open

2026-08-26,01:09:01:DEBUG MainThread:31 - SerialManager - Connected to port /dev/ttyUSB0

2026-08-26,01:09:07:DEBUG MainThread:544 - All serial ports cannot be opened: reconnecting...

2026-08-26,01:09:07:DEBUG MainThread:31 - SerialManager - Connected to port /dev/ttyUSB0

2026-08-26,01:09:13:DEBUG MainThread:31 - SerialManager - Connected to port /dev/ttyUSB0

2026-08-26,01:09:19:DEBUG MainThread:31 - SerialManager - Connected to port /dev/ttyUSB0

2026-08-26,01:09:25:DEBUG MainThread:31 - SerialManager - Connected to port /dev/ttyUSB0

2026-08-26,01:09:31:DEBUG MainThread:31 - SerialManager - Connected to port /dev/ttyUSB0

2026-08-26,01:09:37:DEBUG MainThread:31 - SerialManager - Connected to port /dev/ttyUSB0

2026-08-26,01:09:44:DEBUG MainThread:31 - SerialManager - Connected to port /dev/ttyUSB0

2026-08-26,01:09:50:DEBUG MainThread:31 - SerialManager - Connected to port /dev/ttyUSB0

2026-08-26,01:09:56:DEBUG MainThread:31 - SerialManager - Connected to port /dev/ttyUSB0

2026-08-26,01:10:02:DEBUG MainThread:31 - SerialManager - Connected to port /dev/ttyUSB0

2026-08-26,01:10:08:DEBUG MainThread:31 - SerialManager - Connected to port /dev/ttyUSB0

2026-08-26,01:10:14:DEBUG MainThread:31 - SerialManager - Connected to port /dev/ttyUSB0

2026-08-26,01:10:20:DEBUG MainThread:31 - SerialManager - Connected to port /dev/ttyUSB0

2026-08-26,01:10:26:DEBUG MainThread:31 - SerialManager - Connected to port /dev/ttyUSB0

2026-08-26,01:10:32:DEBUG MainThread:31 - SerialManager - Connected to port /dev/ttyUSB0

2026-08-26,01:10:38:DEBUG MainThread:31 - SerialManager - Connected to port /dev/ttyUSB0

2026-08-26,01:10:44:DEBUG MainThread:31 - SerialManager - Connected to port /dev/ttyUSB0

2026-08-26,01:10:50:DEBUG MainThread:31 - SerialManager - Connected to port /dev/ttyUSB0

2026-08-26,01:10:56:DEBUG MainThread:31 - SerialManager - Connected to port /dev/ttyUSB0

2026-08-26,01:11:02:DEBUG MainThread:31 - SerialManager - Connected to port /dev/ttyUSB0

2026-08-26,01:11:08:DEBUG MainThread:31 - SerialManager - Connected to port /dev/ttyUSB0

2026-08-26,01:11:14:DEBUG MainThread:31 - SerialManager - Connected to port /dev/ttyUSB0

2026-08-26,01:11:21:DEBUG MainThread:31 - SerialManager - Connected to port /dev/ttyUSB0

2026-08-26,01:11:27:DEBUG MainThread:31 - SerialManager - Connected to port /dev/ttyUSB0

2026-08-26,01:11:33:DEBUG MainThread:31 - SerialManager - Connected to port /dev/ttyUSB0

2026-08-26,01:11:39:DEBUG MainThread:31 - SerialManager - Connected to port /dev/ttyUSB0

2026-08-26,01:11:45:DEBUG MainThread:31 - SerialManager - Connected to port /dev/ttyUSB0

2026-08-26,01:11:51:DEBUG MainThread:31 - SerialManager - Connected to port /dev/ttyUSB0

2026-08-26,01:11:57:DEBUG MainThread:31 - SerialManager - Connected to port /dev/ttyUSB0

2026-08-26,01:12:03:DEBUG MainThread:31 - SerialManager - Connected to port /dev/ttyUSB0

2026-08-26,01:12:09:DEBUG MainThread:31 - SerialManager - Connected to port /dev/ttyUSB0

2026-08-26,01:12:15:DEBUG MainThread:31 - SerialManager - Connected to port /dev/ttyUSB0

2026-08-26,01:12:21:DEBUG MainThread:31 - SerialManager - Connected to port /dev/ttyUSB0

2026-08-26,01:12:27:DEBUG MainThread:31 - SerialManager - Connected to port /dev/ttyUSB0

2026-08-26,01:12:33:DEBUG MainThread:31 - SerialManager - Connected to port /dev/ttyUSB0

2026-08-26,01:12:39:DEBUG MainThread:31 - SerialManager - Connected to port /dev/ttyUSB0

2026-08-26,01:12:45:DEBUG MainThread:31 - SerialManager - Connected to port /dev/ttyUSB0

2026-08-26,01:12:51:DEBUG MainThread:31 - SerialManager - Connected to port /dev/ttyUSB0

2026-08-26,01:12:58:DEBUG MainThread:31 - SerialManager - Connected to port /dev/ttyUSB0

2026-08-26,01:13:04:DEBUG MainThread:31 - SerialManager - Connected to port /dev/ttyUSB0

2026-08-26,01:13:10:DEBUG MainThread:31 - SerialManager - Connected to port /dev/ttyUSB0

2026-08-26,01:13:16:DEBUG MainThread:31 - SerialManager - Connected to port /dev/ttyUSB0

2026-08-26,01:13:22:DEBUG MainThread:31 - SerialManager - Connected to port /dev/ttyUSB0

2026-08-26,01:13:28:DEBUG MainThread:31 - SerialManager - Connected to port /dev/ttyUSB0

2026-08-26,01:13:34:DEBUG MainThread:31 - SerialManager - Connected to port /dev/ttyUSB0

2026-08-26,01:13:40:DEBUG MainThread:31 - SerialManager - Connected to port /dev/ttyUSB0

2026-08-26,01:13:46:DEBUG MainThread:31 - SerialManager - Connected to port /dev/ttyUSB0

2026-08-26,01:13:52:DEBUG MainThread:31 - SerialManager - Connected to port /dev/ttyUSB0

2026-08-26,01:13:58:DEBUG MainThread:31 - SerialManager - Connected to port /dev/ttyUSB0

2026-08-26,01:14:04:DEBUG MainThread:31 - SerialManager - Connected to port /dev/ttyUSB0

2026-08-26,01:14:10:DEBUG MainThread:31 - SerialManager - Connected to port /dev/ttyUSB0

2026-08-26,01:14:16:DEBUG MainThread:31 - SerialManager - Connected to port /dev/ttyUSB0

2026-08-26,01:14:22:DEBUG MainThread:31 - SerialManager - Connected to port /dev/ttyUSB0

2026-08-26,01:14:28:DEBUG MainThread:31 - SerialManager - Connected to port /dev/ttyUSB0

2026-08-26,01:14:34:DEBUG MainThread:31 - SerialManager - Connected to port /dev/ttyUSB0

2026-08-26,01:14:40:DEBUG MainThread:31 - SerialManager - Connected to port /dev/ttyUSB0

2026-08-26,01:14:47:DEBUG MainThread:31 - SerialManager - Connected to port /dev/ttyUSB0

2026-08-26,01:14:53:DEBUG MainThread:31 - SerialManager - Connected to port /dev/ttyUSB0

2026-08-26,01:14:59:DEBUG MainThread:31 - SerialManager - Connected to port /dev/ttyUSB0

2026-08-26,01:15:05:DEBUG MainThread:31 - SerialManager - Connected to port /dev/ttyUSB0

2026-08-26,01:15:11:DEBUG MainThread:31 - SerialManager - Connected to port /dev/ttyUSB0

2026-08-26,01:15:17:DEBUG MainThread:31 - SerialManager - Connected to port /dev/ttyUSB0

2026-08-26,01:15:23:DEBUG MainThread:31 - SerialManager - Connected to port /dev/ttyUSB0

2026-08-26,01:15:29:DEBUG MainThread:31 - SerialManager - Connected to port /dev/ttyUSB0

2026-08-26,01:15:35:DEBUG MainThread:31 - SerialManager - Connected to port /dev/ttyUSB0

2026-08-26,01:15:41:DEBUG MainThread:31 - SerialManager - Connected to port /dev/ttyUSB0

2026-08-26,01:15:47:DEBUG MainThread:31 - SerialManager - Connected to port /dev/ttyUSB0

2026-08-26,01:15:53:DEBUG MainThread:31 - SerialManager - Connected to port /dev/ttyUSB0

2026-08-26,01:15:59:DEBUG MainThread:31 - SerialManager - Connected to port /dev/ttyUSB0

2026-08-26,01:16:05:DEBUG MainThread:31 - SerialManager - Connected to port /dev/ttyUSB0

2026-08-26,01:16:11:DEBUG MainThread:31 - SerialManager - Connected to port /dev/ttyUSB0

2026-08-26,01:16:17:DEBUG MainThread:31 - SerialManager - Connected to port /dev/ttyUSB0

2026-08-26,01:16:23:DEBUG MainThread:31 - SerialManager - Connected to port /dev/ttyUSB0

2026-08-26,01:16:30:DEBUG MainThread:31 - SerialManager - Connected to port /dev/ttyUSB0

2026-08-26,01:16:36:DEBUG MainThread:31 - SerialManager - Connected to port /dev/ttyUSB0

2026-08-26,01:16:42:DEBUG MainThread:31 - SerialManager - Connected to port /dev/ttyUSB0

2026-08-26,01:16:48:DEBUG MainThread:31 - SerialManager - Connected to port /dev/ttyUSB0

2026-08-26,01:16:54:DEBUG MainThread:31 - SerialManager - Connected to port /dev/ttyUSB0

2026-08-26 01:17:00,318  ERROR  MainThread:465 -
Attempting to use a port that is not open

2026-08-26,01:17:00:DEBUG MainThread:31 - SerialManager - Connected to port /dev/ttyUSB0

2026-08-26,01:17:06:DEBUG MainThread:544 - All serial ports cannot be opened: reconnecting...

2026-08-26,01:17:07:DEBUG MainThread:31 - SerialManager - Connected to port /dev/ttyUSB0

2026-08-26,01:17:13:DEBUG MainThread:31 - SerialManager - Connected to port /dev/ttyUSB0

2026-08-26,01:17:19:DEBUG MainThread:31 - SerialManager - Connected to port /dev/ttyUSB0

2026-08-26,01:17:25:DEBUG MainThread:31 - SerialManager - Connected to port /dev/ttyUSB0

2026-08-26,01:17:31:DEBUG MainThread:31 - SerialManager - Connected to port /dev/ttyUSB0

2026-08-26,01:17:37:DEBUG MainThread:31 - SerialManager - Connected to port /dev/ttyUSB0

2026-08-26,01:17:43:DEBUG MainThread:31 - SerialManager - Connected to port /dev/ttyUSB0

2026-08-26,01:17:49:DEBUG MainThread:31 - SerialManager - Connected to port /dev/ttyUSB0

2026-08-26,01:17:55:DEBUG MainThread:31 - SerialManager - Connected to port /dev/ttyUSB0

2026-08-26,01:18:01:DEBUG MainThread:31 - SerialManager - Connected to port /dev/ttyUSB0

2026-08-26,01:18:07:DEBUG MainThread:31 - SerialManager - Connected to port /dev/ttyUSB0

2026-08-26,01:18:14:DEBUG MainThread:31 - SerialManager - Connected to port /dev/ttyUSB0

2026-08-26,01:18:20:DEBUG MainThread:31 - SerialManager - Connected to port /dev/ttyUSB0

2026-08-26,01:18:26:DEBUG MainThread:31 - SerialManager - Connected to port /dev/ttyUSB0

2026-08-26,01:18:32:DEBUG MainThread:31 - SerialManager - Connected to port /dev/ttyUSB0

2026-08-26,01:18:38:DEBUG MainThread:31 - SerialManager - Connected to port /dev/ttyUSB0

2026-08-26,01:18:44:DEBUG MainThread:31 - SerialManager - Connected to port /dev/ttyUSB0

2026-08-26,01:18:50:DEBUG MainThread:571 - All threading processes stopped.

2026-08-26,01:19:00:DEBUG MainThread:31 - SerialManager - Connected to port /dev/ttyUSB0

2026-08-26 01:19:06,292  WARNING  MainThread:213 -
Polling thread disabled.

2026-08-26 01:19:06,295  WARNING  MainThread:225 -
Reset thread disabled.

2026-08-26,01:19:06:DEBUG MainThread:363 - MainController - REST SERVER halted.

2026-08-26 01:19:06,305  WARNING  MainThread:245 -
REST server thread disabled.

2026-08-26 01:19:06,306  WARNING  MainThread:257 -
HTTP-URL thread disabled.

2026-08-26 01:19:06,307  INFO  MainThread:288 -
[START] PYGATEWAY LISTENER @ 26-08-2026 01:19:06

2026-08-26,01:19:06:DEBUG MainThread:394 - [ACTIVE] HTTP link quality: 0/0 messages.

2026-08-26,01:19:06:DEBUG MainThread:31 - SerialManager - Connected to port /dev/ttyUSB0

2026-08-26,01:19:12:DEBUG MainThread:394 - [ACTIVE] HTTP link quality: 0/0 messages.

2026-08-26,01:19:12:DEBUG MainThread:31 - SerialManager - Connected to port /dev/ttyUSB0

2026-08-26,01:19:18:DEBUG MainThread:394 - [ACTIVE] HTTP link quality: 0/0 messages.

2026-08-26,01:19:18:DEBUG MainThread:31 - SerialManager - Connected to port /dev/ttyUSB0

2026-08-26,01:19:24:DEBUG MainThread:394 - [ACTIVE] HTTP link quality: 0/0 messages.

2026-08-26,01:19:24:DEBUG MainThread:31 - SerialManager - Connected to port /dev/ttyUSB0

2026-08-26,01:19:30:DEBUG MainThread:394 - [ACTIVE] HTTP link quality: 0/0 messages.

2026-08-26,01:19:30:DEBUG MainThread:31 - SerialManager - Connected to port /dev/ttyUSB0

2026-08-26,01:19:36:DEBUG MainThread:394 - [ACTIVE] HTTP link quality: 0/0 messages.

2026-08-26,01:19:36:DEBUG MainThread:31 - SerialManager - Connected to port /dev/ttyUSB0

2026-08-26,01:19:42:DEBUG MainThread:31 - SerialManager - Connected to port /dev/ttyUSB0

2026-08-26,01:19:49:DEBUG MainThread:31 - SerialManager - Connected to port /dev/ttyUSB0

2026-08-26,01:19:55:DEBUG MainThread:31 - SerialManager - Connected to port /dev/ttyUSB0

2026-08-26,01:20:01:DEBUG MainThread:31 - SerialManager - Connected to port /dev/ttyUSB0

2026-08-26,01:20:07:DEBUG MainThread:31 - SerialManager - Connected to port /dev/ttyUSB0

2026-08-26,01:20:13:DEBUG MainThread:31 - SerialManager - Connected to port /dev/ttyUSB0

2026-08-26,01:20:19:DEBUG MainThread:31 - SerialManager - Connected to port /dev/ttyUSB0

2026-08-26,01:20:25:DEBUG MainThread:31 - SerialManager - Connected to port /dev/ttyUSB0

2026-08-26,01:20:31:DEBUG MainThread:31 - SerialManager - Connected to port /dev/ttyUSB0

2026-08-26,01:20:37:DEBUG MainThread:31 - SerialManager - Connected to port /dev/ttyUSB0

2026-08-26,01:20:43:DEBUG MainThread:31 - SerialManager - Connected to port /dev/ttyUSB0

2026-08-26,01:20:49:DEBUG MainThread:31 - SerialManager - Connected to port /dev/ttyUSB0

2026-08-26,01:20:55:DEBUG MainThread:31 - SerialManager - Connected to port /dev/ttyUSB0

2026-08-26,01:21:01:DEBUG MainThread:31 - SerialManager - Connected to port /dev/ttyUSB0

2026-08-26,01:21:07:DEBUG MainThread:31 - SerialManager - Connected to port /dev/ttyUSB0

2026-08-26,01:21:13:DEBUG MainThread:31 - SerialManager - Connected to port /dev/ttyUSB0

2026-08-26,01:21:19:DEBUG MainThread:31 - SerialManager - Connected to port /dev/ttyUSB0

2026-08-26,01:21:25:DEBUG MainThread:31 - SerialManager - Connected to port /dev/ttyUSB0

2026-08-26,01:21:32:DEBUG MainThread:31 - SerialManager - Connected to port /dev/ttyUSB0

2026-08-26,01:21:38:DEBUG MainThread:31 - SerialManager - Connected to port /dev/ttyUSB0

2026-08-26,01:21:44:DEBUG MainThread:31 - SerialManager - Connected to port /dev/ttyUSB0

2026-08-26,01:21:50:DEBUG MainThread:31 - SerialManager - Connected to port /dev/ttyUSB0

2026-08-26,01:21:56:DEBUG MainThread:31 - SerialManager - Connected to port /dev/ttyUSB0

2026-08-26,01:22:02:DEBUG MainThread:31 - SerialManager - Connected to port /dev/ttyUSB0

2026-08-26,01:22:08:DEBUG MainThread:31 - SerialManager - Connected to port /dev/ttyUSB0

2026-08-26,01:22:14:DEBUG MainThread:31 - SerialManager - Connected to port /dev/ttyUSB0

2026-08-26,01:22:20:DEBUG MainThread:31 - SerialManager - Connected to port /dev/ttyUSB0

2026-08-26,01:22:26:DEBUG MainThread:31 - SerialManager - Connected to port /dev/ttyUSB0

2026-08-26,01:22:32:DEBUG MainThread:31 - SerialManager - Connected to port /dev/ttyUSB0

2026-08-26,01:22:38:DEBUG MainThread:31 - SerialManager - Connected to port /dev/ttyUSB0

2026-08-26,01:22:44:DEBUG MainThread:31 - SerialManager - Connected to port /dev/ttyUSB0

2026-08-26,01:22:50:DEBUG MainThread:31 - SerialManager - Connected to port /dev/ttyUSB0

2026-08-26,01:22:56:DEBUG MainThread:31 - SerialManager - Connected to port /dev/ttyUSB0

2026-08-26,01:23:02:DEBUG MainThread:31 - SerialManager - Connected to port /dev/ttyUSB0

2026-08-26,01:23:09:DEBUG MainThread:31 - SerialManager - Connected to port /dev/ttyUSB0

2026-08-26,01:23:15:DEBUG MainThread:31 - SerialManager - Connected to port /dev/ttyUSB0

2026-08-26,01:23:21:DEBUG MainThread:31 - SerialManager - Connected to port /dev/ttyUSB0

2026-08-26,01:23:27:DEBUG MainThread:31 - SerialManager - Connected to port /dev/ttyUSB0

2026-08-26,01:23:33:DEBUG MainThread:31 - SerialManager - Connected to port /dev/ttyUSB0

2026-08-26,01:23:39:DEBUG MainThread:31 - SerialManager - Connected to port /dev/ttyUSB0

2026-08-26,01:23:45:DEBUG MainThread:31 - SerialManager - Connected to port /dev/ttyUSB0

2026-08-26,01:23:51:DEBUG MainThread:31 - SerialManager - Connected to port /dev/ttyUSB0

2026-08-26,01:23:57:DEBUG MainThread:31 - SerialManager - Connected to port /dev/ttyUSB0

2026-08-26,01:24:03:DEBUG MainThread:31 - SerialManager - Connected to port /dev/ttyUSB0

2026-08-26,01:24:09:DEBUG MainThread:31 - SerialManager - Connected to port /dev/ttyUSB0

2026-08-26,01:24:15:DEBUG MainThread:31 - SerialManager - Connected to port /dev/ttyUSB0

2026-08-26,01:24:21:DEBUG MainThread:31 - SerialManager - Connected to port /dev/ttyUSB0

2026-08-26,01:24:27:DEBUG MainThread:31 - SerialManager - Connected to port /dev/ttyUSB0

2026-08-26,01:24:33:DEBUG MainThread:31 - SerialManager - Connected to port /dev/ttyUSB0

2026-08-26,01:24:39:DEBUG MainThread:31 - SerialManager - Connected to port /dev/ttyUSB0

2026-08-26,01:24:46:DEBUG MainThread:31 - SerialManager - Connected to port /dev/ttyUSB0

2026-08-26,01:24:52:DEBUG MainThread:31 - SerialManager - Connected to port /dev/ttyUSB0

2026-08-26,01:24:58:DEBUG MainThread:31 - SerialManager - Connected to port /dev/ttyUSB0

2026-08-26,01:25:04:DEBUG MainThread:31 - SerialManager - Connected to port /dev/ttyUSB0

2026-08-26,01:25:10:DEBUG MainThread:31 - SerialManager - Connected to port /dev/ttyUSB0

2026-08-26,01:25:16:DEBUG MainThread:31 - SerialManager - Connected to port /dev/ttyUSB0

2026-08-26,01:25:22:DEBUG MainThread:31 - SerialManager - Connected to port /dev/ttyUSB0

2026-08-26,01:25:28:DEBUG MainThread:31 - SerialManager - Connected to port /dev/ttyUSB0

2026-08-26,01:25:34:DEBUG MainThread:31 - SerialManager - Connected to port /dev/ttyUSB0

2026-08-26,01:25:40:DEBUG MainThread:31 - SerialManager - Connected to port /dev/ttyUSB0

2026-08-26,01:25:46:DEBUG MainThread:31 - SerialManager - Connected to port /dev/ttyUSB0

2026-08-26,01:25:52:DEBUG MainThread:31 - SerialManager - Connected to port /dev/ttyUSB0

2026-08-26,01:25:58:DEBUG MainThread:31 - SerialManager - Connected to port /dev/ttyUSB0

2026-08-26,01:26:04:DEBUG MainThread:31 - SerialManager - Connected to port /dev/ttyUSB0

2026-08-26,01:26:10:DEBUG MainThread:31 - SerialManager - Connected to port /dev/ttyUSB0

2026-08-26,01:26:16:DEBUG MainThread:31 - SerialManager - Connected to port /dev/ttyUSB0

2026-08-26,01:26:22:DEBUG MainThread:31 - SerialManager - Connected to port /dev/ttyUSB0

2026-08-26,01:26:28:DEBUG MainThread:31 - SerialManager - Connected to port /dev/ttyUSB0

2026-08-26,01:26:35:DEBUG MainThread:31 - SerialManager - Connected to port /dev/ttyUSB0

2026-08-26,01:26:41:DEBUG MainThread:31 - SerialManager - Connected to port /dev/ttyUSB0

2026-08-26,01:26:47:DEBUG MainThread:31 - SerialManager - Connected to port /dev/ttyUSB0

2026-08-26,01:26:53:DEBUG MainThread:31 - SerialManager - Connected to port /dev/ttyUSB0

2026-08-26,01:26:59:DEBUG MainThread:31 - SerialManager - Connected to port /dev/ttyUSB0

2026-08-26,01:27:05:DEBUG MainThread:31 - SerialManager - Connected to port /dev/ttyUSB0

2026-08-26,01:27:11:DEBUG MainThread:31 - SerialManager - Connected to port /dev/ttyUSB0

2026-08-26,01:27:17:DEBUG MainThread:31 - SerialManager - Connected to port /dev/ttyUSB0

2026-08-26,01:27:23:DEBUG MainThread:31 - SerialManager - Connected to port /dev/ttyUSB0

2026-08-26,01:27:29:DEBUG MainThread:31 - SerialManager - Connected to port /dev/ttyUSB0

2026-08-26,01:27:35:DEBUG MainThread:31 - SerialManager - Connected to port /dev/ttyUSB0

2026-08-26,01:27:41:DEBUG MainThread:31 - SerialManager - Connected to port /dev/ttyUSB0

2026-08-26,01:27:47:DEBUG MainThread:31 - SerialManager - Connected to port /dev/ttyUSB0

2026-08-26,01:27:53:DEBUG MainThread:31 - SerialManager - Connected to port /dev/ttyUSB0

2026-08-26,01:27:59:DEBUG MainThread:31 - SerialManager - Connected to port /dev/ttyUSB0

2026-08-26,01:28:05:DEBUG MainThread:31 - SerialManager - Connected to port /dev/ttyUSB0

2026-08-26,01:28:11:DEBUG MainThread:31 - SerialManager - Connected to port /dev/ttyUSB0

2026-08-26,01:28:18:DEBUG MainThread:31 - SerialManager - Connected to port /dev/ttyUSB0

2026-08-26,01:28:24:DEBUG MainThread:31 - SerialManager - Connected to port /dev/ttyUSB0

2026-08-26,01:28:30:DEBUG MainThread:31 - SerialManager - Connected to port /dev/ttyUSB0

2026-08-26,01:28:36:DEBUG MainThread:31 - SerialManager - Connected to port /dev/ttyUSB0

2026-08-26,01:28:42:DEBUG MainThread:31 - SerialManager - Connected to port /dev/ttyUSB0

2026-08-26,01:28:48:DEBUG MainThread:31 - SerialManager - Connected to port /dev/ttyUSB0

2026-08-26,01:28:54:DEBUG MainThread:31 - SerialManager - Connected to port /dev/ttyUSB0

2026-08-26 01:29:00,400  ERROR  MainThread:465 -
Attempting to use a port that is not open

2026-08-26,01:29:00:DEBUG MainThread:31 - SerialManager - Connected to port /dev/ttyUSB0

2026-08-26,01:29:06:DEBUG MainThread:544 - All serial ports cannot be opened: reconnecting...

2026-08-26,01:29:07:DEBUG MainThread:31 - SerialManager - Connected to port /dev/ttyUSB0

2026-08-26,01:29:13:DEBUG MainThread:31 - SerialManager - Connected to port /dev/ttyUSB0

2026-08-26,01:29:19:DEBUG MainThread:31 - SerialManager - Connected to port /dev/ttyUSB0

2026-08-26,01:29:25:DEBUG MainThread:31 - SerialManager - Connected to port /dev/ttyUSB0

2026-08-26,01:29:31:DEBUG MainThread:31 - SerialManager - Connected to port /dev/ttyUSB0

2026-08-26,01:29:37:DEBUG MainThread:31 - SerialManager - Connected to port /dev/ttyUSB0

2026-08-26,01:29:43:DEBUG MainThread:31 - SerialManager - Connected to port /dev/ttyUSB0

2026-08-26,01:29:49:DEBUG MainThread:31 - SerialManager - Connected to port /dev/ttyUSB0

2026-08-26,01:29:56:DEBUG MainThread:31 - SerialManager - Connected to port /dev/ttyUSB0

2026-08-26,01:30:02:DEBUG MainThread:394 - [ACTIVE] HTTP link quality: 0/0 messages.

2026-08-26,01:30:02:DEBUG MainThread:31 - SerialManager - Connected to port /dev/ttyUSB0

2026-08-26,01:30:08:DEBUG MainThread:31 - SerialManager - Connected to port /dev/ttyUSB0

2026-08-26,01:30:14:DEBUG MainThread:31 - SerialManager - Connected to port /dev/ttyUSB0

2026-08-26,01:30:20:DEBUG MainThread:31 - SerialManager - Connected to port /dev/ttyUSB0

2026-08-26,01:30:26:DEBUG MainThread:31 - SerialManager - Connected to port /dev/ttyUSB0

2026-08-26,01:30:32:DEBUG MainThread:31 - SerialManager - Connected to port /dev/ttyUSB0

2026-08-26,01:30:38:DEBUG MainThread:31 - SerialManager - Connected to port /dev/ttyUSB0

2026-08-26,01:30:44:DEBUG MainThread:31 - SerialManager - Connected to port /dev/ttyUSB0

2026-08-26,01:30:50:DEBUG MainThread:31 - SerialManager - Connected to port /dev/ttyUSB0

2026-08-26,01:30:56:DEBUG MainThread:31 - SerialManager - Connected to port /dev/ttyUSB0

2026-08-26,01:31:02:DEBUG MainThread:31 - SerialManager - Connected to port /dev/ttyUSB0

2026-08-26,01:31:08:DEBUG MainThread:31 - SerialManager - Connected to port /dev/ttyUSB0

2026-08-26,01:31:14:DEBUG MainThread:31 - SerialManager - Connected to port /dev/ttyUSB0

2026-08-26,01:31:20:DEBUG MainThread:31 - SerialManager - Connected to port /dev/ttyUSB0

2026-08-26,01:31:26:DEBUG MainThread:31 - SerialManager - Connected to port /dev/ttyUSB0

2026-08-26,01:31:33:DEBUG MainThread:31 - SerialManager - Connected to port /dev/ttyUSB0

2026-08-26,01:31:39:DEBUG MainThread:31 - SerialManager - Connected to port /dev/ttyUSB0

2026-08-26,01:31:45:DEBUG MainThread:31 - SerialManager - Connected to port /dev/ttyUSB0

2026-08-26,01:31:51:DEBUG MainThread:31 - SerialManager - Connected to port /dev/ttyUSB0

2026-08-26,01:31:57:DEBUG MainThread:31 - SerialManager - Connected to port /dev/ttyUSB0

2026-08-26,01:32:03:DEBUG MainThread:31 - SerialManager - Connected to port /dev/ttyUSB0

2026-08-26,01:32:09:DEBUG MainThread:31 - SerialManager - Connected to port /dev/ttyUSB0

2026-08-26,01:32:15:DEBUG MainThread:31 - SerialManager - Connected to port /dev/ttyUSB0

2026-08-26,01:32:21:DEBUG MainThread:31 - SerialManager - Connected to port /dev/ttyUSB0

2026-08-26,01:32:27:DEBUG MainThread:31 - SerialManager - Connected to port /dev/ttyUSB0

2026-08-26,01:32:33:DEBUG MainThread:31 - SerialManager - Connected to port /dev/ttyUSB0

2026-08-26,01:32:39:DEBUG MainThread:31 - SerialManager - Connected to port /dev/ttyUSB0

2026-08-26,01:32:45:DEBUG MainThread:31 - SerialManager - Connected to port /dev/ttyUSB0

2026-08-26,01:32:51:DEBUG MainThread:31 - SerialManager - Connected to port /dev/ttyUSB0

2026-08-26,01:32:57:DEBUG MainThread:31 - SerialManager - Connected to port /dev/ttyUSB0

2026-08-26,01:33:03:DEBUG MainThread:31 - SerialManager - Connected to port /dev/ttyUSB0

2026-08-26,01:33:10:DEBUG MainThread:31 - SerialManager - Connected to port /dev/ttyUSB0

2026-08-26,01:33:16:DEBUG MainThread:31 - SerialManager - Connected to port /dev/ttyUSB0

2026-08-26,01:33:22:DEBUG MainThread:31 - SerialManager - Connected to port /dev/ttyUSB0

2026-08-26,01:33:28:DEBUG MainThread:31 - SerialManager - Connected to port /dev/ttyUSB0

2026-08-26,01:33:34:DEBUG MainThread:31 - SerialManager - Connected to port /dev/ttyUSB0

2026-08-26,01:33:40:DEBUG MainThread:31 - SerialManager - Connected to port /dev/ttyUSB0

2026-08-26,01:33:46:DEBUG MainThread:31 - SerialManager - Connected to port /dev/ttyUSB0

2026-08-26,01:33:52:DEBUG MainThread:31 - SerialManager - Connected to port /dev/ttyUSB0

2026-08-26,01:33:58:DEBUG MainThread:31 - SerialManager - Connected to port /dev/ttyUSB0

2026-08-26,01:34:04:DEBUG MainThread:31 - SerialManager - Connected to port /dev/ttyUSB0

2026-08-26,01:34:10:DEBUG MainThread:31 - SerialManager - Connected to port /dev/ttyUSB0

2026-08-26,01:34:16:DEBUG MainThread:31 - SerialManager - Connected to port /dev/ttyUSB0

2026-08-26,01:34:22:DEBUG MainThread:31 - SerialManager - Connected to port /dev/ttyUSB0

2026-08-26,01:34:28:DEBUG MainThread:31 - SerialManager - Connected to port /dev/ttyUSB0

2026-08-26,01:34:34:DEBUG MainThread:31 - SerialManager - Connected to port /dev/ttyUSB0

2026-08-26,01:34:40:DEBUG MainThread:31 - SerialManager - Connected to port /dev/ttyUSB0

2026-08-26,01:34:46:DEBUG MainThread:31 - SerialManager - Connected to port /dev/ttyUSB0

2026-08-26,01:34:53:DEBUG MainThread:31 - SerialManager - Connected to port /dev/ttyUSB0

2026-08-26,01:34:59:DEBUG MainThread:31 - SerialManager - Connected to port /dev/ttyUSB0

2026-08-26,01:35:05:DEBUG MainThread:31 - SerialManager - Connected to port /dev/ttyUSB0

2026-08-26,01:35:11:DEBUG MainThread:31 - SerialManager - Connected to port /dev/ttyUSB0

2026-08-26,01:35:17:DEBUG MainThread:31 - SerialManager - Connected to port /dev/ttyUSB0

2026-08-26,01:35:23:DEBUG MainThread:31 - SerialManager - Connected to port /dev/ttyUSB0

2026-08-26,01:35:29:DEBUG MainThread:31 - SerialManager - Connected to port /dev/ttyUSB0

2026-08-26,01:35:35:DEBUG MainThread:31 - SerialManager - Connected to port /dev/ttyUSB0

2026-08-26,01:35:41:DEBUG MainThread:31 - SerialManager - Connected to port /dev/ttyUSB0

2026-08-26,01:35:47:DEBUG MainThread:31 - SerialManager - Connected to port /dev/ttyUSB0

2026-08-26,01:35:53:DEBUG MainThread:31 - SerialManager - Connected to port /dev/ttyUSB0

2026-08-26,01:35:59:DEBUG MainThread:31 - SerialManager - Connected to port /dev/ttyUSB0

2026-08-26,01:36:05:DEBUG MainThread:31 - SerialManager - Connected to port /dev/ttyUSB0

2026-08-26,01:36:11:DEBUG MainThread:31 - SerialManager - Connected to port /dev/ttyUSB0

2026-08-26,01:36:17:DEBUG MainThread:31 - SerialManager - Connected to port /dev/ttyUSB0

2026-08-26,01:36:23:DEBUG MainThread:31 - SerialManager - Connected to port /dev/ttyUSB0

2026-08-26,01:36:29:DEBUG MainThread:31 - SerialManager - Connected to port /dev/ttyUSB0

2026-08-26,01:36:35:DEBUG MainThread:31 - SerialManager - Connected to port /dev/ttyUSB0

2026-08-26,01:36:42:DEBUG MainThread:31 - SerialManager - Connected to port /dev/ttyUSB0

2026-08-26,01:36:48:DEBUG MainThread:31 - SerialManager - Connected to port /dev/ttyUSB0

2026-08-26,01:36:54:DEBUG MainThread:31 - SerialManager - Connected to port /dev/ttyUSB0

2026-08-26 01:37:00,194  ERROR  MainThread:465 -
Attempting to use a port that is not open

2026-08-26,01:37:00:DEBUG MainThread:31 - SerialManager - Connected to port /dev/ttyUSB0

2026-08-26,01:37:06:DEBUG MainThread:544 - All serial ports cannot be opened: reconnecting...

2026-08-26,01:37:07:DEBUG MainThread:31 - SerialManager - Connected to port /dev/ttyUSB0

2026-08-26,01:37:13:DEBUG MainThread:31 - SerialManager - Connected to port /dev/ttyUSB0

2026-08-26,01:37:19:DEBUG MainThread:31 - SerialManager - Connected to port /dev/ttyUSB0

2026-08-26,01:37:25:DEBUG MainThread:31 - SerialManager - Connected to port /dev/ttyUSB0

2026-08-26,01:37:31:DEBUG MainThread:31 - SerialManager - Connected to port /dev/ttyUSB0

2026-08-26,01:37:37:DEBUG MainThread:31 - SerialManager - Connected to port /dev/ttyUSB0

2026-08-26,01:37:43:DEBUG MainThread:31 - SerialManager - Connected to port /dev/ttyUSB0

2026-08-26,01:37:49:DEBUG MainThread:31 - SerialManager - Connected to port /dev/ttyUSB0

2026-08-26,01:37:55:DEBUG MainThread:31 - SerialManager - Connected to port /dev/ttyUSB0

2026-08-26,01:38:01:DEBUG MainThread:31 - SerialManager - Connected to port /dev/ttyUSB0

2026-08-26,01:38:07:DEBUG MainThread:31 - SerialManager - Connected to port /dev/ttyUSB0

2026-08-26,01:38:13:DEBUG MainThread:31 - SerialManager - Connected to port /dev/ttyUSB0

2026-08-26,01:38:20:DEBUG MainThread:31 - SerialManager - Connected to port /dev/ttyUSB0

2026-08-26,01:38:26:DEBUG MainThread:31 - SerialManager - Connected to port /dev/ttyUSB0

2026-08-26,01:38:32:DEBUG MainThread:31 - SerialManager - Connected to port /dev/ttyUSB0

2026-08-26,01:38:38:DEBUG MainThread:31 - SerialManager - Connected to port /dev/ttyUSB0

2026-08-26,01:38:44:DEBUG MainThread:31 - SerialManager - Connected to port /dev/ttyUSB0

2026-08-26,01:38:50:DEBUG MainThread:31 - SerialManager - Connected to port /dev/ttyUSB0

2026-08-26,01:38:56:DEBUG MainThread:31 - SerialManager - Connected to port /dev/ttyUSB0

2026-08-26,01:39:02:DEBUG MainThread:31 - SerialManager - Connected to port /dev/ttyUSB0

2026-08-26,01:39:08:DEBUG MainThread:31 - SerialManager - Connected to port /dev/ttyUSB0

2026-08-26,01:39:14:DEBUG MainThread:31 - SerialManager - Connected to port /dev/ttyUSB0

2026-08-26,01:39:20:DEBUG MainThread:31 - SerialManager - Connected to port /dev/ttyUSB0

2026-08-26,01:39:26:DEBUG MainThread:31 - SerialManager - Connected to port /dev/ttyUSB0

2026-08-26,01:39:32:DEBUG MainThread:31 - SerialManager - Connected to port /dev/ttyUSB0

2026-08-26,01:39:38:DEBUG MainThread:31 - SerialManager - Connected to port /dev/ttyUSB0

2026-08-26,01:39:44:DEBUG MainThread:31 - SerialManager - Connected to port /dev/ttyUSB0

2026-08-26,01:39:50:DEBUG MainThread:31 - SerialManager - Connected to port /dev/ttyUSB0

2026-08-26,01:39:57:DEBUG MainThread:31 - SerialManager - Connected to port /dev/ttyUSB0

2026-08-26,01:40:03:DEBUG MainThread:31 - SerialManager - Connected to port /dev/ttyUSB0

2026-08-26,01:40:09:DEBUG MainThread:31 - SerialManager - Connected to port /dev/ttyUSB0

2026-08-26,01:40:15:DEBUG MainThread:31 - SerialManager - Connected to port /dev/ttyUSB0

2026-08-26,01:40:21:DEBUG MainThread:31 - SerialManager - Connected to port /dev/ttyUSB0

2026-08-26,01:40:27:DEBUG MainThread:31 - SerialManager - Connected to port /dev/ttyUSB0

2026-08-26,01:40:33:DEBUG MainThread:31 - SerialManager - Connected to port /dev/ttyUSB0

2026-08-26,01:40:39:DEBUG MainThread:31 - SerialManager - Connected to port /dev/ttyUSB0

2026-08-26,01:40:45:DEBUG MainThread:31 - SerialManager - Connected to port /dev/ttyUSB0

2026-08-26,01:40:51:DEBUG MainThread:31 - SerialManager - Connected to port /dev/ttyUSB0

2026-08-26,01:40:57:DEBUG MainThread:31 - SerialManager - Connected to port /dev/ttyUSB0

2026-08-26,01:41:03:DEBUG MainThread:31 - SerialManager - Connected to port /dev/ttyUSB0

2026-08-26,01:41:09:DEBUG MainThread:31 - SerialManager - Connected to port /dev/ttyUSB0

2026-08-26,01:41:15:DEBUG MainThread:31 - SerialManager - Connected to port /dev/ttyUSB0

2026-08-26,01:41:21:DEBUG MainThread:31 - SerialManager - Connected to port /dev/ttyUSB0

2026-08-26,01:41:27:DEBUG MainThread:31 - SerialManager - Connected to port /dev/ttyUSB0

2026-08-26,01:41:33:DEBUG MainThread:31 - SerialManager - Connected to port /dev/ttyUSB0

2026-08-26,01:41:40:DEBUG MainThread:31 - SerialManager - Connected to port /dev/ttyUSB0

2026-08-26,01:41:46:DEBUG MainThread:31 - SerialManager - Connected to port /dev/ttyUSB0

2026-08-26,01:41:52:DEBUG MainThread:31 - SerialManager - Connected to port /dev/ttyUSB0

2026-08-26,01:41:58:DEBUG MainThread:31 - SerialManager - Connected to port /dev/ttyUSB0

2026-08-26,01:42:04:DEBUG MainThread:31 - SerialManager - Connected to port /dev/ttyUSB0

2026-08-26,01:42:10:DEBUG MainThread:31 - SerialManager - Connected to port /dev/ttyUSB0

2026-08-26,01:42:16:DEBUG MainThread:31 - SerialManager - Connected to port /dev/ttyUSB0

2026-08-26,01:42:22:DEBUG MainThread:31 - SerialManager - Connected to port /dev/ttyUSB0

2026-08-26,01:42:28:DEBUG MainThread:31 - SerialManager - Connected to port /dev/ttyUSB0

2026-08-26,01:42:34:DEBUG MainThread:31 - SerialManager - Connected to port /dev/ttyUSB0

2026-08-26,01:42:40:DEBUG MainThread:31 - SerialManager - Connected to port /dev/ttyUSB0

2026-08-26,01:42:46:DEBUG MainThread:31 - SerialManager - Connected to port /dev/ttyUSB0

2026-08-26,01:42:52:DEBUG MainThread:31 - SerialManager - Connected to port /dev/ttyUSB0

2026-08-26,01:42:58:DEBUG MainThread:31 - SerialManager - Connected to port /dev/ttyUSB0

2026-08-26,01:43:04:DEBUG MainThread:31 - SerialManager - Connected to port /dev/ttyUSB0

2026-08-26,01:43:10:DEBUG MainThread:31 - SerialManager - Connected to port /dev/ttyUSB0

2026-08-26,01:43:17:DEBUG MainThread:31 - SerialManager - Connected to port /dev/ttyUSB0

2026-08-26,01:43:23:DEBUG MainThread:31 - SerialManager - Connected to port /dev/ttyUSB0

2026-08-26,01:43:29:DEBUG MainThread:31 - SerialManager - Connected to port /dev/ttyUSB0

2026-08-26,01:43:35:DEBUG MainThread:31 - SerialManager - Connected to port /dev/ttyUSB0

2026-08-26,01:43:41:DEBUG MainThread:31 - SerialManager - Connected to port /dev/ttyUSB0

2026-08-26,01:43:47:DEBUG MainThread:31 - SerialManager - Connected to port /dev/ttyUSB0

2026-08-26,01:43:53:DEBUG MainThread:31 - SerialManager - Connected to port /dev/ttyUSB0

2026-08-26,01:43:59:DEBUG MainThread:31 - SerialManager - Connected to port /dev/ttyUSB0

2026-08-26,01:44:05:DEBUG MainThread:31 - SerialManager - Connected to port /dev/ttyUSB0

2026-08-26,01:44:11:DEBUG MainThread:31 - SerialManager - Connected to port /dev/ttyUSB0

2026-08-26,01:44:17:DEBUG MainThread:31 - SerialManager - Connected to port /dev/ttyUSB0

2026-08-26,01:44:23:DEBUG MainThread:31 - SerialManager - Connected to port /dev/ttyUSB0

2026-08-26,01:44:29:DEBUG MainThread:31 - SerialManager - Connected to port /dev/ttyUSB0

2026-08-26,01:44:35:DEBUG MainThread:31 - SerialManager - Connected to port /dev/ttyUSB0

2026-08-26,01:44:41:DEBUG MainThread:31 - SerialManager - Connected to port /dev/ttyUSB0

2026-08-26,01:44:47:DEBUG MainThread:31 - SerialManager - Connected to port /dev/ttyUSB0

2026-08-26,01:44:53:DEBUG MainThread:31 - SerialManager - Connected to port /dev/ttyUSB0

2026-08-26 01:45:00,004  ERROR  MainThread:465 -
Attempting to use a port that is not open

2026-08-26,01:45:00:DEBUG MainThread:31 - SerialManager - Connected to port /dev/ttyUSB0

2026-08-26,01:45:06:DEBUG MainThread:544 - All serial ports cannot be opened: reconnecting...

2026-08-26,01:45:07:DEBUG MainThread:31 - SerialManager - Connected to port /dev/ttyUSB0

2026-08-26,01:45:13:DEBUG MainThread:31 - SerialManager - Connected to port /dev/ttyUSB0

2026-08-26,01:45:19:DEBUG MainThread:31 - SerialManager - Connected to port /dev/ttyUSB0

2026-08-26,01:45:25:DEBUG MainThread:31 - SerialManager - Connected to port /dev/ttyUSB0

2026-08-26,01:45:31:DEBUG MainThread:31 - SerialManager - Connected to port /dev/ttyUSB0

2026-08-26,01:45:37:DEBUG MainThread:31 - SerialManager - Connected to port /dev/ttyUSB0

2026-08-26,01:45:43:DEBUG MainThread:31 - SerialManager - Connected to port /dev/ttyUSB0

2026-08-26,01:45:49:DEBUG MainThread:31 - SerialManager - Connected to port /dev/ttyUSB0

2026-08-26,01:45:55:DEBUG MainThread:31 - SerialManager - Connected to port /dev/ttyUSB0

2026-08-26,01:46:01:DEBUG MainThread:31 - SerialManager - Connected to port /dev/ttyUSB0

2026-08-26,01:46:07:DEBUG MainThread:31 - SerialManager - Connected to port /dev/ttyUSB0

2026-08-26,01:46:13:DEBUG MainThread:31 - SerialManager - Connected to port /dev/ttyUSB0

2026-08-26,01:46:19:DEBUG MainThread:31 - SerialManager - Connected to port /dev/ttyUSB0

2026-08-26,01:46:25:DEBUG MainThread:31 - SerialManager - Connected to port /dev/ttyUSB0

2026-08-26,01:46:31:DEBUG MainThread:31 - SerialManager - Connected to port /dev/ttyUSB0

2026-08-26,01:46:37:DEBUG MainThread:31 - SerialManager - Connected to port /dev/ttyUSB0

2026-08-26,01:46:44:DEBUG MainThread:31 - SerialManager - Connected to port /dev/ttyUSB0

2026-08-26,01:46:50:DEBUG MainThread:31 - SerialManager - Connected to port /dev/ttyUSB0

2026-08-26,01:46:56:DEBUG MainThread:31 - SerialManager - Connected to port /dev/ttyUSB0

2026-08-26,01:47:02:DEBUG MainThread:31 - SerialManager - Connected to port /dev/ttyUSB0

2026-08-26,01:47:08:DEBUG MainThread:31 - SerialManager - Connected to port /dev/ttyUSB0

2026-08-26,01:47:14:DEBUG MainThread:31 - SerialManager - Connected to port /dev/ttyUSB0

2026-08-26,01:47:20:DEBUG MainThread:31 - SerialManager - Connected to port /dev/ttyUSB0

2026-08-26,01:47:26:DEBUG MainThread:31 - SerialManager - Connected to port /dev/ttyUSB0

2026-08-26,01:47:32:DEBUG MainThread:31 - SerialManager - Connected to port /dev/ttyUSB0

2026-08-26,01:47:38:DEBUG MainThread:31 - SerialManager - Connected to port /dev/ttyUSB0

2026-08-26,01:47:44:DEBUG MainThread:31 - SerialManager - Connected to port /dev/ttyUSB0

2026-08-26,01:47:50:DEBUG MainThread:31 - SerialManager - Connected to port /dev/ttyUSB0

2026-08-26,01:47:56:DEBUG MainThread:31 - SerialManager - Connected to port /dev/ttyUSB0

2026-08-26,01:48:02:DEBUG MainThread:31 - SerialManager - Connected to port /dev/ttyUSB0

2026-08-26,01:48:08:DEBUG MainThread:31 - SerialManager - Connected to port /dev/ttyUSB0

2026-08-26,01:48:14:DEBUG MainThread:31 - SerialManager - Connected to port /dev/ttyUSB0

2026-08-26,01:48:21:DEBUG MainThread:31 - SerialManager - Connected to port /dev/ttyUSB0

2026-08-26,01:48:27:DEBUG MainThread:31 - SerialManager - Connected to port /dev/ttyUSB0

2026-08-26,01:48:33:DEBUG MainThread:31 - SerialManager - Connected to port /dev/ttyUSB0

2026-08-26,01:48:39:DEBUG MainThread:31 - SerialManager - Connected to port /dev/ttyUSB0

2026-08-26,01:48:45:DEBUG MainThread:31 - SerialManager - Connected to port /dev/ttyUSB0

2026-08-26,01:48:51:DEBUG MainThread:31 - SerialManager - Connected to port /dev/ttyUSB0

2026-08-26,01:48:57:DEBUG MainThread:31 - SerialManager - Connected to port /dev/ttyUSB0

2026-08-26,01:49:03:DEBUG MainThread:31 - SerialManager - Connected to port /dev/ttyUSB0

2026-08-26,01:49:09:DEBUG MainThread:31 - SerialManager - Connected to port /dev/ttyUSB0

2026-08-26,01:49:15:DEBUG MainThread:31 - SerialManager - Connected to port /dev/ttyUSB0

2026-08-26,01:49:21:DEBUG MainThread:31 - SerialManager - Connected to port /dev/ttyUSB0

2026-08-26,01:49:27:DEBUG MainThread:31 - SerialManager - Connected to port /dev/ttyUSB0

2026-08-26,01:49:33:DEBUG MainThread:31 - SerialManager - Connected to port /dev/ttyUSB0

2026-08-26,01:49:39:DEBUG MainThread:31 - SerialManager - Connected to port /dev/ttyUSB0

2026-08-26,01:49:45:DEBUG MainThread:31 - SerialManager - Connected to port /dev/ttyUSB0

2026-08-26,01:49:51:DEBUG MainThread:31 - SerialManager - Connected to port /dev/ttyUSB0

2026-08-26,01:49:58:DEBUG MainThread:31 - SerialManager - Connected to port /dev/ttyUSB0

2026-08-26,01:50:04:DEBUG MainThread:31 - SerialManager - Connected to port /dev/ttyUSB0

2026-08-26,01:50:10:DEBUG MainThread:31 - SerialManager - Connected to port /dev/ttyUSB0

2026-08-26,01:50:16:DEBUG MainThread:31 - SerialManager - Connected to port /dev/ttyUSB0

2026-08-26,01:50:22:DEBUG MainThread:31 - SerialManager - Connected to port /dev/ttyUSB0

2026-08-26,01:50:28:DEBUG MainThread:31 - SerialManager - Connected to port /dev/ttyUSB0

2026-08-26,01:50:34:DEBUG MainThread:31 - SerialManager - Connected to port /dev/ttyUSB0

2026-08-26,01:50:40:DEBUG MainThread:31 - SerialManager - Connected to port /dev/ttyUSB0

2026-08-26,01:50:46:DEBUG MainThread:31 - SerialManager - Connected to port /dev/ttyUSB0

2026-08-26,01:50:52:DEBUG MainThread:31 - SerialManager - Connected to port /dev/ttyUSB0

2026-08-26,01:50:58:DEBUG MainThread:31 - SerialManager - Connected to port /dev/ttyUSB0

2026-08-26,01:51:04:DEBUG MainThread:31 - SerialManager - Connected to port /dev/ttyUSB0

2026-08-26,01:51:10:DEBUG MainThread:31 - SerialManager - Connected to port /dev/ttyUSB0

2026-08-26,01:51:16:DEBUG MainThread:31 - SerialManager - Connected to port /dev/ttyUSB0

2026-08-26,01:51:22:DEBUG MainThread:31 - SerialManager - Connected to port /dev/ttyUSB0

2026-08-26,01:51:28:DEBUG MainThread:31 - SerialManager - Connected to port /dev/ttyUSB0

2026-08-26,01:51:34:DEBUG MainThread:31 - SerialManager - Connected to port /dev/ttyUSB0

2026-08-26,01:51:41:DEBUG MainThread:31 - SerialManager - Connected to port /dev/ttyUSB0

2026-08-26,01:51:47:DEBUG MainThread:31 - SerialManager - Connected to port /dev/ttyUSB0

2026-08-26,01:51:53:DEBUG MainThread:31 - SerialManager - Connected to port /dev/ttyUSB0

2026-08-26,01:51:59:DEBUG MainThread:31 - SerialManager - Connected to port /dev/ttyUSB0

2026-08-26,01:52:05:DEBUG MainThread:31 - SerialManager - Connected to port /dev/ttyUSB0

2026-08-26,01:52:11:DEBUG MainThread:31 - SerialManager - Connected to port /dev/ttyUSB0

2026-08-26,01:52:17:DEBUG MainThread:31 - SerialManager - Connected to port /dev/ttyUSB0

2026-08-26,01:52:23:DEBUG MainThread:31 - SerialManager - Connected to port /dev/ttyUSB0

2026-08-26,01:52:29:DEBUG MainThread:31 - SerialManager - Connected to port /dev/ttyUSB0

2026-08-26,01:52:35:DEBUG MainThread:31 - SerialManager - Connected to port /dev/ttyUSB0

2026-08-26,01:52:41:DEBUG MainThread:31 - SerialManager - Connected to port /dev/ttyUSB0

2026-08-26,01:52:47:DEBUG MainThread:31 - SerialManager - Connected to port /dev/ttyUSB0

2026-08-26,01:52:53:DEBUG MainThread:31 - SerialManager - Connected to port /dev/ttyUSB0

2026-08-26,01:52:59:DEBUG MainThread:31 - SerialManager - Connected to port /dev/ttyUSB0

2026-08-26,01:53:05:DEBUG MainThread:31 - SerialManager - Connected to port /dev/ttyUSB0

2026-08-26,01:53:11:DEBUG MainThread:31 - SerialManager - Connected to port /dev/ttyUSB0

2026-08-26,01:53:17:DEBUG MainThread:31 - SerialManager - Connected to port /dev/ttyUSB0

2026-08-26,01:53:23:DEBUG MainThread:31 - SerialManager - Connected to port /dev/ttyUSB0

2026-08-26,01:53:29:DEBUG MainThread:31 - SerialManager - Connected to port /dev/ttyUSB0

2026-08-26,01:53:36:DEBUG MainThread:31 - SerialManager - Connected to port /dev/ttyUSB0

2026-08-26,01:53:42:DEBUG MainThread:31 - SerialManager - Connected to port /dev/ttyUSB0

2026-08-26,01:53:48:DEBUG MainThread:31 - SerialManager - Connected to port /dev/ttyUSB0

2026-08-26,01:53:54:DEBUG MainThread:31 - SerialManager - Connected to port /dev/ttyUSB0

2026-08-26 01:54:00,234  ERROR  MainThread:465 -
Attempting to use a port that is not open

2026-08-26,01:54:00:DEBUG MainThread:31 - SerialManager - Connected to port /dev/ttyUSB0

2026-08-26,01:54:06:DEBUG MainThread:544 - All serial ports cannot be opened: reconnecting...

2026-08-26,01:54:07:DEBUG MainThread:31 - SerialManager - Connected to port /dev/ttyUSB0

2026-08-26,01:54:13:DEBUG MainThread:31 - SerialManager - Connected to port /dev/ttyUSB0

2026-08-26,01:54:19:DEBUG MainThread:31 - SerialManager - Connected to port /dev/ttyUSB0

2026-08-26,01:54:25:DEBUG MainThread:31 - SerialManager - Connected to port /dev/ttyUSB0

2026-08-26,01:54:31:DEBUG MainThread:31 - SerialManager - Connected to port /dev/ttyUSB0

2026-08-26,01:54:37:DEBUG MainThread:31 - SerialManager - Connected to port /dev/ttyUSB0

2026-08-26,01:54:43:DEBUG MainThread:31 - SerialManager - Connected to port /dev/ttyUSB0

2026-08-26,01:54:49:DEBUG MainThread:31 - SerialManager - Connected to port /dev/ttyUSB0

2026-08-26,01:54:55:DEBUG MainThread:31 - SerialManager - Connected to port /dev/ttyUSB0

2026-08-26,01:55:01:DEBUG MainThread:31 - SerialManager - Connected to port /dev/ttyUSB0

2026-08-26,01:55:07:DEBUG MainThread:31 - SerialManager - Connected to port /dev/ttyUSB0

2026-08-26,01:55:14:DEBUG MainThread:31 - SerialManager - Connected to port /dev/ttyUSB0

2026-08-26,01:55:20:DEBUG MainThread:31 - SerialManager - Connected to port /dev/ttyUSB0

2026-08-26,01:55:26:DEBUG MainThread:31 - SerialManager - Connected to port /dev/ttyUSB0

2026-08-26,01:55:32:DEBUG MainThread:31 - SerialManager - Connected to port /dev/ttyUSB0

2026-08-26,01:55:38:DEBUG MainThread:31 - SerialManager - Connected to port /dev/ttyUSB0

2026-08-26,01:55:44:DEBUG MainThread:31 - SerialManager - Connected to port /dev/ttyUSB0

2026-08-26,01:55:50:DEBUG MainThread:31 - SerialManager - Connected to port /dev/ttyUSB0

2026-08-26,01:55:56:DEBUG MainThread:31 - SerialManager - Connected to port /dev/ttyUSB0

2026-08-26,01:56:02:DEBUG MainThread:31 - SerialManager - Connected to port /dev/ttyUSB0

2026-08-26,01:56:08:DEBUG MainThread:31 - SerialManager - Connected to port /dev/ttyUSB0

2026-08-26,01:56:14:DEBUG MainThread:31 - SerialManager - Connected to port /dev/ttyUSB0

2026-08-26,01:56:20:DEBUG MainThread:31 - SerialManager - Connected to port /dev/ttyUSB0

2026-08-26,01:56:26:DEBUG MainThread:31 - SerialManager - Connected to port /dev/ttyUSB0

2026-08-26,01:56:32:DEBUG MainThread:31 - SerialManager - Connected to port /dev/ttyUSB0

2026-08-26,01:56:38:DEBUG MainThread:31 - SerialManager - Connected to port /dev/ttyUSB0

2026-08-26,01:56:44:DEBUG MainThread:31 - SerialManager - Connected to port /dev/ttyUSB0

2026-08-26,01:56:50:DEBUG MainThread:31 - SerialManager - Connected to port /dev/ttyUSB0

2026-08-26,01:56:57:DEBUG MainThread:31 - SerialManager - Connected to port /dev/ttyUSB0

2026-08-26,01:57:03:DEBUG MainThread:31 - SerialManager - Connected to port /dev/ttyUSB0

2026-08-26,01:57:09:DEBUG MainThread:31 - SerialManager - Connected to port /dev/ttyUSB0

2026-08-26,01:57:15:DEBUG MainThread:31 - SerialManager - Connected to port /dev/ttyUSB0

2026-08-26,01:57:21:DEBUG MainThread:31 - SerialManager - Connected to port /dev/ttyUSB0

2026-08-26,01:57:27:DEBUG MainThread:31 - SerialManager - Connected to port /dev/ttyUSB0

2026-08-26,01:57:33:DEBUG MainThread:31 - SerialManager - Connected to port /dev/ttyUSB0

2026-08-26,01:57:39:DEBUG MainThread:31 - SerialManager - Connected to port /dev/ttyUSB0

2026-08-26,01:57:45:DEBUG MainThread:31 - SerialManager - Connected to port /dev/ttyUSB0

2026-08-26,01:57:51:DEBUG MainThread:31 - SerialManager - Connected to port /dev/ttyUSB0

2026-08-26,01:57:57:DEBUG MainThread:31 - SerialManager - Connected to port /dev/ttyUSB0

2026-08-26,01:58:03:DEBUG MainThread:31 - SerialManager - Connected to port /dev/ttyUSB0

2026-08-26,01:58:09:DEBUG MainThread:31 - SerialManager - Connected to port /dev/ttyUSB0

2026-08-26,01:58:15:DEBUG MainThread:31 - SerialManager - Connected to port /dev/ttyUSB0

2026-08-26,01:58:21:DEBUG MainThread:31 - SerialManager - Connected to port /dev/ttyUSB0

2026-08-26,01:58:27:DEBUG MainThread:31 - SerialManager - Connected to port /dev/ttyUSB0

2026-08-26,01:58:34:DEBUG MainThread:31 - SerialManager - Connected to port /dev/ttyUSB0

2026-08-26,01:58:40:DEBUG MainThread:31 - SerialManager - Connected to port /dev/ttyUSB0

2026-08-26,01:58:46:DEBUG MainThread:31 - SerialManager - Connected to port /dev/ttyUSB0

2026-08-26,01:58:52:DEBUG MainThread:31 - SerialManager - Connected to port /dev/ttyUSB0

2026-08-26,01:58:58:DEBUG MainThread:31 - SerialManager - Connected to port /dev/ttyUSB0

2026-08-26,01:59:04:DEBUG MainThread:31 - SerialManager - Connected to port /dev/ttyUSB0

2026-08-26,01:59:10:DEBUG MainThread:31 - SerialManager - Connected to port /dev/ttyUSB0

2026-08-26,01:59:16:DEBUG MainThread:31 - SerialManager - Connected to port /dev/ttyUSB0

2026-08-26,01:59:22:DEBUG MainThread:31 - SerialManager - Connected to port /dev/ttyUSB0

2026-08-26,01:59:28:DEBUG MainThread:31 - SerialManager - Connected to port /dev/ttyUSB0

2026-08-26,01:59:34:DEBUG MainThread:31 - SerialManager - Connected to port /dev/ttyUSB0

2026-08-26,01:59:40:DEBUG MainThread:31 - SerialManager - Connected to port /dev/ttyUSB0

2026-08-26,01:59:46:DEBUG MainThread:31 - SerialManager - Connected to port /dev/ttyUSB0

2026-08-26,01:59:52:DEBUG MainThread:31 - SerialManager - Connected to port /dev/ttyUSB0

2026-08-26,01:59:58:DEBUG MainThread:31 - SerialManager - Connected to port /dev/ttyUSB0

2026-08-26,02:00:04:DEBUG MainThread:31 - SerialManager - Connected to port /dev/ttyUSB0

2026-08-26,02:00:11:DEBUG MainThread:31 - SerialManager - Connected to port /dev/ttyUSB0

2026-08-26,02:00:17:DEBUG MainThread:31 - SerialManager - Connected to port /dev/ttyUSB0

2026-08-26,02:00:23:DEBUG MainThread:31 - SerialManager - Connected to port /dev/ttyUSB0

2026-08-26,02:00:29:DEBUG MainThread:31 - SerialManager - Connected to port /dev/ttyUSB0

2026-08-26,02:00:35:DEBUG MainThread:31 - SerialManager - Connected to port /dev/ttyUSB0

2026-08-26,02:00:41:DEBUG MainThread:31 - SerialManager - Connected to port /dev/ttyUSB0

2026-08-26,02:00:47:DEBUG MainThread:31 - SerialManager - Connected to port /dev/ttyUSB0

2026-08-26,02:00:53:DEBUG MainThread:31 - SerialManager - Connected to port /dev/ttyUSB0

2026-08-26,02:00:59:DEBUG MainThread:31 - SerialManager - Connected to port /dev/ttyUSB0

2026-08-26,02:01:05:DEBUG MainThread:31 - SerialManager - Connected to port /dev/ttyUSB0

2026-08-26,02:01:11:DEBUG MainThread:31 - SerialManager - Connected to port /dev/ttyUSB0

2026-08-26,02:01:17:DEBUG MainThread:31 - SerialManager - Connected to port /dev/ttyUSB0

2026-08-26,02:01:23:DEBUG MainThread:31 - SerialManager - Connected to port /dev/ttyUSB0

2026-08-26,02:01:29:DEBUG MainThread:31 - SerialManager - Connected to port /dev/ttyUSB0

2026-08-26,02:01:35:DEBUG MainThread:31 - SerialManager - Connected to port /dev/ttyUSB0

2026-08-26,02:01:41:DEBUG MainThread:31 - SerialManager - Connected to port /dev/ttyUSB0

2026-08-26,02:01:47:DEBUG MainThread:31 - SerialManager - Connected to port /dev/ttyUSB0

2026-08-26,02:01:53:DEBUG MainThread:31 - SerialManager - Connected to port /dev/ttyUSB0

2026-08-26,02:02:00:DEBUG MainThread:31 - SerialManager - Connected to port /dev/ttyUSB0

2026-08-26,02:02:06:DEBUG MainThread:31 - SerialManager - Connected to port /dev/ttyUSB0

2026-08-26,02:02:12:DEBUG MainThread:31 - SerialManager - Connected to port /dev/ttyUSB0

2026-08-26,02:02:18:DEBUG MainThread:31 - SerialManager - Connected to port /dev/ttyUSB0

2026-08-26,02:02:24:DEBUG MainThread:31 - SerialManager - Connected to port /dev/ttyUSB0

2026-08-26,02:02:30:DEBUG MainThread:31 - SerialManager - Connected to port /dev/ttyUSB0

2026-08-26,02:02:36:DEBUG MainThread:31 - SerialManager - Connected to port /dev/ttyUSB0

2026-08-26,02:02:42:DEBUG MainThread:31 - SerialManager - Connected to port /dev/ttyUSB0

2026-08-26,02:02:48:DEBUG MainThread:31 - SerialManager - Connected to port /dev/ttyUSB0

2026-08-26,02:02:54:DEBUG MainThread:31 - SerialManager - Connected to port /dev/ttyUSB0

2026-08-26 02:03:00,578  ERROR  MainThread:465 -
Attempting to use a port that is not open

2026-08-26,02:03:01:DEBUG MainThread:31 - SerialManager - Connected to port /dev/ttyUSB0

2026-08-26,02:03:07:DEBUG MainThread:544 - All serial ports cannot be opened: reconnecting...

2026-08-26,02:03:07:DEBUG MainThread:31 - SerialManager - Connected to port /dev/ttyUSB0

2026-08-26,02:03:13:DEBUG MainThread:31 - SerialManager - Connected to port /dev/ttyUSB0

2026-08-26,02:03:19:DEBUG MainThread:31 - SerialManager - Connected to port /dev/ttyUSB0

2026-08-26,02:03:25:DEBUG MainThread:31 - SerialManager - Connected to port /dev/ttyUSB0

2026-08-26,02:03:31:DEBUG MainThread:31 - SerialManager - Connected to port /dev/ttyUSB0

2026-08-26,02:03:38:DEBUG MainThread:31 - SerialManager - Connected to port /dev/ttyUSB0

2026-08-26,02:03:44:DEBUG MainThread:31 - SerialManager - Connected to port /dev/ttyUSB0

2026-08-26,02:03:50:DEBUG MainThread:31 - SerialManager - Connected to port /dev/ttyUSB0

2026-08-26,02:03:56:DEBUG MainThread:31 - SerialManager - Connected to port /dev/ttyUSB0

2026-08-26,02:04:02:DEBUG MainThread:31 - SerialManager - Connected to port /dev/ttyUSB0

2026-08-26,02:04:08:DEBUG MainThread:31 - SerialManager - Connected to port /dev/ttyUSB0

2026-08-26,02:04:14:DEBUG MainThread:31 - SerialManager - Connected to port /dev/ttyUSB0

2026-08-26,02:04:20:DEBUG MainThread:31 - SerialManager - Connected to port /dev/ttyUSB0

2026-08-26,02:04:26:DEBUG MainThread:31 - SerialManager - Connected to port /dev/ttyUSB0

2026-08-26,02:04:32:DEBUG MainThread:31 - SerialManager - Connected to port /dev/ttyUSB0

2026-08-26,02:04:38:DEBUG MainThread:31 - SerialManager - Connected to port /dev/ttyUSB0

2026-08-26,02:04:44:DEBUG MainThread:31 - SerialManager - Connected to port /dev/ttyUSB0

2026-08-26,02:04:50:DEBUG MainThread:31 - SerialManager - Connected to port /dev/ttyUSB0

2026-08-26,02:04:56:DEBUG MainThread:31 - SerialManager - Connected to port /dev/ttyUSB0

2026-08-26,02:05:02:DEBUG MainThread:31 - SerialManager - Connected to port /dev/ttyUSB0

2026-08-26,02:05:08:DEBUG MainThread:31 - SerialManager - Connected to port /dev/ttyUSB0

2026-08-26,02:05:14:DEBUG MainThread:31 - SerialManager - Connected to port /dev/ttyUSB0

2026-08-26,02:05:21:DEBUG MainThread:31 - SerialManager - Connected to port /dev/ttyUSB0

2026-08-26,02:05:27:DEBUG MainThread:31 - SerialManager - Connected to port /dev/ttyUSB0

2026-08-26,02:05:33:DEBUG MainThread:31 - SerialManager - Connected to port /dev/ttyUSB0

2026-08-26,02:05:39:DEBUG MainThread:31 - SerialManager - Connected to port /dev/ttyUSB0

2026-08-26,02:05:45:DEBUG MainThread:31 - SerialManager - Connected to port /dev/ttyUSB0

2026-08-26,02:05:51:DEBUG MainThread:31 - SerialManager - Connected to port /dev/ttyUSB0

2026-08-26,02:05:57:DEBUG MainThread:31 - SerialManager - Connected to port /dev/ttyUSB0

2026-08-26,02:06:03:DEBUG MainThread:31 - SerialManager - Connected to port /dev/ttyUSB0

2026-08-26,02:06:09:DEBUG MainThread:31 - SerialManager - Connected to port /dev/ttyUSB0

2026-08-26,02:06:15:DEBUG MainThread:31 - SerialManager - Connected to port /dev/ttyUSB0

2026-08-26,02:06:21:DEBUG MainThread:31 - SerialManager - Connected to port /dev/ttyUSB0

2026-08-26,02:06:27:DEBUG MainThread:31 - SerialManager - Connected to port /dev/ttyUSB0

2026-08-26,02:06:33:DEBUG MainThread:31 - SerialManager - Connected to port /dev/ttyUSB0

2026-08-26,02:06:39:DEBUG MainThread:31 - SerialManager - Connected to port /dev/ttyUSB0

2026-08-26,02:06:45:DEBUG MainThread:31 - SerialManager - Connected to port /dev/ttyUSB0

2026-08-26,02:06:51:DEBUG MainThread:31 - SerialManager - Connected to port /dev/ttyUSB0

2026-08-26,02:06:57:DEBUG MainThread:31 - SerialManager - Connected to port /dev/ttyUSB0

2026-08-26,02:07:03:DEBUG MainThread:31 - SerialManager - Connected to port /dev/ttyUSB0

2026-08-26,02:07:09:DEBUG MainThread:31 - SerialManager - Connected to port /dev/ttyUSB0

2026-08-26,02:07:16:DEBUG MainThread:31 - SerialManager - Connected to port /dev/ttyUSB0

2026-08-26,02:07:22:DEBUG MainThread:31 - SerialManager - Connected to port /dev/ttyUSB0

2026-08-26,02:07:28:DEBUG MainThread:31 - SerialManager - Connected to port /dev/ttyUSB0

2026-08-26,02:07:34:DEBUG MainThread:31 - SerialManager - Connected to port /dev/ttyUSB0

2026-08-26,02:07:40:DEBUG MainThread:31 - SerialManager - Connected to port /dev/ttyUSB0

2026-08-26,02:07:46:DEBUG MainThread:31 - SerialManager - Connected to port /dev/ttyUSB0

2026-08-26,02:07:52:DEBUG MainThread:31 - SerialManager - Connected to port /dev/ttyUSB0

2026-08-26,02:07:58:DEBUG MainThread:31 - SerialManager - Connected to port /dev/ttyUSB0

2026-08-26,02:08:42:DEBUG MainThread:31 - SerialManager - Connected to port /dev/ttyUSB0

2026-08-26 02:08:48,624  WARNING  MainThread:213 -
Polling thread disabled.

2026-08-26 02:08:48,632  WARNING  MainThread:225 -
Reset thread disabled.

2026-08-26,02:08:48:DEBUG MainThread:363 - MainController - REST SERVER halted.

2026-08-26 02:08:48,679  WARNING  MainThread:245 -
REST server thread disabled.

2026-08-26 02:08:48,683  WARNING  MainThread:257 -
HTTP-URL thread disabled.

2026-08-26 02:08:48,686  INFO  MainThread:288 -
[START] PYGATEWAY LISTENER @ 26-08-2026 02:08:48

2026-08-26,02:08:48:DEBUG MainThread:394 - [ACTIVE] HTTP link quality: 0/0 messages.

2026-08-26,02:08:48:DEBUG MainThread:31 - SerialManager - Connected to port /dev/ttyUSB0

2026-08-26,02:08:54:DEBUG MainThread:394 - [ACTIVE] HTTP link quality: 0/0 messages.

2026-08-26,02:08:54:DEBUG MainThread:31 - SerialManager - Connected to port /dev/ttyUSB0

2026-08-26,02:09:00:DEBUG MainThread:394 - [ACTIVE] HTTP link quality: 0/0 messages.

2026-08-26 02:09:00,912  ERROR  MainThread:465 -
Attempting to use a port that is not open

2026-08-26,02:09:01:DEBUG MainThread:31 - SerialManager - Connected to port /dev/ttyUSB0

2026-08-26,02:09:07:DEBUG MainThread:544 - All serial ports cannot be opened: reconnecting...

2026-08-26,02:09:07:DEBUG MainThread:394 - [ACTIVE] HTTP link quality: 0/0 messages.

2026-08-26,02:09:08:DEBUG MainThread:31 - SerialManager - Connected to port /dev/ttyUSB0

2026-08-26,02:09:14:DEBUG MainThread:394 - [ACTIVE] HTTP link quality: 0/0 messages.

2026-08-26,02:09:14:DEBUG MainThread:31 - SerialManager - Connected to port /dev/ttyUSB0

2026-08-26,02:09:20:DEBUG MainThread:394 - [ACTIVE] HTTP link quality: 0/0 messages.

2026-08-26,02:09:20:DEBUG MainThread:31 - SerialManager - Connected to port /dev/ttyUSB0

2026-08-26,02:09:26:DEBUG MainThread:394 - [ACTIVE] HTTP link quality: 0/0 messages.

2026-08-26,02:09:26:DEBUG MainThread:31 - SerialManager - Connected to port /dev/ttyUSB0

2026-08-26,02:09:32:DEBUG MainThread:31 - SerialManager - Connected to port /dev/ttyUSB0

2026-08-26,02:09:38:DEBUG MainThread:31 - SerialManager - Connected to port /dev/ttyUSB0

2026-08-26,02:09:44:DEBUG MainThread:31 - SerialManager - Connected to port /dev/ttyUSB0

2026-08-26,02:09:50:DEBUG MainThread:31 - SerialManager - Connected to port /dev/ttyUSB0

2026-08-26,02:09:56:DEBUG MainThread:31 - SerialManager - Connected to port /dev/ttyUSB0

2026-08-26,02:10:02:DEBUG MainThread:31 - SerialManager - Connected to port /dev/ttyUSB0

2026-08-26,02:10:08:DEBUG MainThread:31 - SerialManager - Connected to port /dev/ttyUSB0

2026-08-26,02:10:14:DEBUG MainThread:31 - SerialManager - Connected to port /dev/ttyUSB0

2026-08-26,02:10:20:DEBUG MainThread:31 - SerialManager - Connected to port /dev/ttyUSB0

2026-08-26,02:10:26:DEBUG MainThread:31 - SerialManager - Connected to port /dev/ttyUSB0

2026-08-26,02:10:32:DEBUG MainThread:31 - SerialManager - Connected to port /dev/ttyUSB0

2026-08-26,02:10:38:DEBUG MainThread:31 - SerialManager - Connected to port /dev/ttyUSB0

2026-08-26,02:10:44:DEBUG MainThread:31 - SerialManager - Connected to port /dev/ttyUSB0

2026-08-26,02:10:50:DEBUG MainThread:31 - SerialManager - Connected to port /dev/ttyUSB0

2026-08-26,02:10:57:DEBUG MainThread:31 - SerialManager - Connected to port /dev/ttyUSB0

2026-08-26,02:11:03:DEBUG MainThread:31 - SerialManager - Connected to port /dev/ttyUSB0

2026-08-26,02:11:09:DEBUG MainThread:31 - SerialManager - Connected to port /dev/ttyUSB0

2026-08-26,02:11:15:DEBUG MainThread:31 - SerialManager - Connected to port /dev/ttyUSB0

2026-08-26,02:11:21:DEBUG MainThread:31 - SerialManager - Connected to port /dev/ttyUSB0

2026-08-26,02:11:27:DEBUG MainThread:31 - SerialManager - Connected to port /dev/ttyUSB0

2026-08-26,02:11:33:DEBUG MainThread:31 - SerialManager - Connected to port /dev/ttyUSB0

2026-08-26,02:11:39:DEBUG MainThread:31 - SerialManager - Connected to port /dev/ttyUSB0

2026-08-26,02:11:45:DEBUG MainThread:31 - SerialManager - Connected to port /dev/ttyUSB0

2026-08-26,02:11:51:DEBUG MainThread:31 - SerialManager - Connected to port /dev/ttyUSB0

2026-08-26,02:11:57:DEBUG MainThread:31 - SerialManager - Connected to port /dev/ttyUSB0

2026-08-26,02:12:03:DEBUG MainThread:31 - SerialManager - Connected to port /dev/ttyUSB0

2026-08-26,02:12:09:DEBUG MainThread:31 - SerialManager - Connected to port /dev/ttyUSB0

2026-08-26,02:12:15:DEBUG MainThread:31 - SerialManager - Connected to port /dev/ttyUSB0

2026-08-26,02:12:21:DEBUG MainThread:31 - SerialManager - Connected to port /dev/ttyUSB0

2026-08-26,02:12:27:DEBUG MainThread:31 - SerialManager - Connected to port /dev/ttyUSB0

2026-08-26,02:12:33:DEBUG MainThread:31 - SerialManager - Connected to port /dev/ttyUSB0

2026-08-26,02:12:39:DEBUG MainThread:31 - SerialManager - Connected to port /dev/ttyUSB0

2026-08-26,02:12:45:DEBUG MainThread:31 - SerialManager - Connected to port /dev/ttyUSB0

2026-08-26,02:12:51:DEBUG MainThread:31 - SerialManager - Connected to port /dev/ttyUSB0

2026-08-26,02:12:57:DEBUG MainThread:31 - SerialManager - Connected to port /dev/ttyUSB0

2026-08-26,02:13:03:DEBUG MainThread:31 - SerialManager - Connected to port /dev/ttyUSB0

2026-08-26,02:13:09:DEBUG MainThread:31 - SerialManager - Connected to port /dev/ttyUSB0

2026-08-26,02:13:16:DEBUG MainThread:31 - SerialManager - Connected to port /dev/ttyUSB0

2026-08-26,02:13:22:DEBUG MainThread:31 - SerialManager - Connected to port /dev/ttyUSB0

2026-08-26,02:13:28:DEBUG MainThread:31 - SerialManager - Connected to port /dev/ttyUSB0

2026-08-26,02:13:34:DEBUG MainThread:31 - SerialManager - Connected to port /dev/ttyUSB0

2026-08-26,02:13:40:DEBUG MainThread:31 - SerialManager - Connected to port /dev/ttyUSB0

2026-08-26,02:13:46:DEBUG MainThread:31 - SerialManager - Connected to port /dev/ttyUSB0

2026-08-26,02:13:52:DEBUG MainThread:31 - SerialManager - Connected to port /dev/ttyUSB0

2026-08-26,02:13:58:DEBUG MainThread:31 - SerialManager - Connected to port /dev/ttyUSB0

2026-08-26,02:14:04:DEBUG MainThread:31 - SerialManager - Connected to port /dev/ttyUSB0

2026-08-26,02:14:10:DEBUG MainThread:31 - SerialManager - Connected to port /dev/ttyUSB0

2026-08-26,02:14:16:DEBUG MainThread:31 - SerialManager - Connected to port /dev/ttyUSB0

2026-08-26,02:14:22:DEBUG MainThread:31 - SerialManager - Connected to port /dev/ttyUSB0

2026-08-26,02:14:28:DEBUG MainThread:31 - SerialManager - Connected to port /dev/ttyUSB0

2026-08-26,02:14:34:DEBUG MainThread:31 - SerialManager - Connected to port /dev/ttyUSB0

2026-08-26,02:14:40:DEBUG MainThread:31 - SerialManager - Connected to port /dev/ttyUSB0

2026-08-26,02:14:46:DEBUG MainThread:31 - SerialManager - Connected to port /dev/ttyUSB0

2026-08-26,02:14:52:DEBUG MainThread:31 - SerialManager - Connected to port /dev/ttyUSB0

2026-08-26,02:14:58:DEBUG MainThread:31 - SerialManager - Connected to port /dev/ttyUSB0

2026-08-26,02:15:04:DEBUG MainThread:31 - SerialManager - Connected to port /dev/ttyUSB0

2026-08-26,02:15:10:DEBUG MainThread:31 - SerialManager - Connected to port /dev/ttyUSB0

2026-08-26,02:15:17:DEBUG MainThread:31 - SerialManager - Connected to port /dev/ttyUSB0

2026-08-26,02:15:23:DEBUG MainThread:31 - SerialManager - Connected to port /dev/ttyUSB0

2026-08-26,02:15:29:DEBUG MainThread:31 - SerialManager - Connected to port /dev/ttyUSB0

2026-08-26,02:15:35:DEBUG MainThread:31 - SerialManager - Connected to port /dev/ttyUSB0

2026-08-26,02:15:41:DEBUG MainThread:31 - SerialManager - Connected to port /dev/ttyUSB0

2026-08-26,02:15:47:DEBUG MainThread:31 - SerialManager - Connected to port /dev/ttyUSB0

2026-08-26,02:15:53:DEBUG MainThread:31 - SerialManager - Connected to port /dev/ttyUSB0

2026-08-26,02:15:59:DEBUG MainThread:31 - SerialManager - Connected to port /dev/ttyUSB0

2026-08-26,02:16:05:DEBUG MainThread:31 - SerialManager - Connected to port /dev/ttyUSB0

2026-08-26,02:16:11:DEBUG MainThread:31 - SerialManager - Connected to port /dev/ttyUSB0

2026-08-26,02:16:17:DEBUG MainThread:31 - SerialManager - Connected to port /dev/ttyUSB0

2026-08-26,02:16:23:DEBUG MainThread:31 - SerialManager - Connected to port /dev/ttyUSB0

2026-08-26,02:16:29:DEBUG MainThread:31 - SerialManager - Connected to port /dev/ttyUSB0

2026-08-26,02:16:35:DEBUG MainThread:31 - SerialManager - Connected to port /dev/ttyUSB0

2026-08-26,02:16:41:DEBUG MainThread:31 - SerialManager - Connected to port /dev/ttyUSB0

2026-08-26,02:16:47:DEBUG MainThread:31 - SerialManager - Connected to port /dev/ttyUSB0

2026-08-26,02:16:53:DEBUG MainThread:31 - SerialManager - Connected to port /dev/ttyUSB0

2026-08-26,02:16:59:DEBUG MainThread:31 - SerialManager - Connected to port /dev/ttyUSB0

2026-08-26,02:17:05:DEBUG MainThread:31 - SerialManager - Connected to port /dev/ttyUSB0

2026-08-26,02:17:11:DEBUG MainThread:31 - SerialManager - Connected to port /dev/ttyUSB0

2026-08-26,02:17:17:DEBUG MainThread:31 - SerialManager - Connected to port /dev/ttyUSB0

2026-08-26,02:17:24:DEBUG MainThread:31 - SerialManager - Connected to port /dev/ttyUSB0

2026-08-26,02:17:30:DEBUG MainThread:31 - SerialManager - Connected to port /dev/ttyUSB0

2026-08-26,02:17:36:DEBUG MainThread:31 - SerialManager - Connected to port /dev/ttyUSB0

2026-08-26,02:17:42:DEBUG MainThread:31 - SerialManager - Connected to port /dev/ttyUSB0

2026-08-26,02:17:48:DEBUG MainThread:31 - SerialManager - Connected to port /dev/ttyUSB0

2026-08-26,02:17:54:DEBUG MainThread:31 - SerialManager - Connected to port /dev/ttyUSB0

2026-08-26 02:18:00,373  ERROR  MainThread:465 -
Attempting to use a port that is not open

2026-08-26,02:18:00:DEBUG MainThread:31 - SerialManager - Connected to port /dev/ttyUSB0

2026-08-26,02:18:06:DEBUG MainThread:544 - All serial ports cannot be opened: reconnecting...

2026-08-26,02:18:07:DEBUG MainThread:31 - SerialManager - Connected to port /dev/ttyUSB0

2026-08-26,02:18:13:DEBUG MainThread:31 - SerialManager - Connected to port /dev/ttyUSB0

2026-08-26,02:18:19:DEBUG MainThread:31 - SerialManager - Connected to port /dev/ttyUSB0

2026-08-26,02:18:25:DEBUG MainThread:31 - SerialManager - Connected to port /dev/ttyUSB0

2026-08-26,02:18:31:DEBUG MainThread:31 - SerialManager - Connected to port /dev/ttyUSB0

2026-08-26,02:18:37:DEBUG MainThread:31 - SerialManager - Connected to port /dev/ttyUSB0

2026-08-26,02:18:43:DEBUG MainThread:31 - SerialManager - Connected to port /dev/ttyUSB0

2026-08-26,02:18:49:DEBUG MainThread:31 - SerialManager - Connected to port /dev/ttyUSB0

2026-08-26,02:18:55:DEBUG MainThread:31 - SerialManager - Connected to port /dev/ttyUSB0

2026-08-26,02:19:02:DEBUG MainThread:31 - SerialManager - Connected to port /dev/ttyUSB0

2026-08-26,02:19:08:DEBUG MainThread:31 - SerialManager - Connected to port /dev/ttyUSB0

2026-08-26,02:19:14:DEBUG MainThread:31 - SerialManager - Connected to port /dev/ttyUSB0

2026-08-26,02:19:20:DEBUG MainThread:31 - SerialManager - Connected to port /dev/ttyUSB0

2026-08-26,02:19:26:DEBUG MainThread:31 - SerialManager - Connected to port /dev/ttyUSB0

2026-08-26,02:19:32:DEBUG MainThread:31 - SerialManager - Connected to port /dev/ttyUSB0

2026-08-26,02:19:38:DEBUG MainThread:31 - SerialManager - Connected to port /dev/ttyUSB0

2026-08-26,02:19:44:DEBUG MainThread:31 - SerialManager - Connected to port /dev/ttyUSB0

2026-08-26,02:19:50:DEBUG MainThread:31 - SerialManager - Connected to port /dev/ttyUSB0

2026-08-26,02:19:56:DEBUG MainThread:31 - SerialManager - Connected to port /dev/ttyUSB0

2026-08-26,02:20:02:DEBUG MainThread:31 - SerialManager - Connected to port /dev/ttyUSB0

2026-08-26,02:20:08:DEBUG MainThread:31 - SerialManager - Connected to port /dev/ttyUSB0

2026-08-26,02:20:14:DEBUG MainThread:31 - SerialManager - Connected to port /dev/ttyUSB0

2026-08-26,02:20:20:DEBUG MainThread:31 - SerialManager - Connected to port /dev/ttyUSB0

2026-08-26,02:20:26:DEBUG MainThread:31 - SerialManager - Connected to port /dev/ttyUSB0

2026-08-26,02:20:32:DEBUG MainThread:31 - SerialManager - Connected to port /dev/ttyUSB0

2026-08-26,02:20:38:DEBUG MainThread:31 - SerialManager - Connected to port /dev/ttyUSB0

2026-08-26,02:20:44:DEBUG MainThread:31 - SerialManager - Connected to port /dev/ttyUSB0

2026-08-26,02:20:50:DEBUG MainThread:31 - SerialManager - Connected to port /dev/ttyUSB0

2026-08-26,02:20:56:DEBUG MainThread:31 - SerialManager - Connected to port /dev/ttyUSB0

2026-08-26,02:21:02:DEBUG MainThread:31 - SerialManager - Connected to port /dev/ttyUSB0

2026-08-26,02:21:08:DEBUG MainThread:31 - SerialManager - Connected to port /dev/ttyUSB0

2026-08-26,02:21:14:DEBUG MainThread:31 - SerialManager - Connected to port /dev/ttyUSB0

2026-08-26,02:21:21:DEBUG MainThread:31 - SerialManager - Connected to port /dev/ttyUSB0

2026-08-26,02:21:27:DEBUG MainThread:31 - SerialManager - Connected to port /dev/ttyUSB0

2026-08-26,02:21:33:DEBUG MainThread:31 - SerialManager - Connected to port /dev/ttyUSB0

2026-08-26,02:21:39:DEBUG MainThread:31 - SerialManager - Connected to port /dev/ttyUSB0

2026-08-26,02:21:45:DEBUG MainThread:31 - SerialManager - Connected to port /dev/ttyUSB0

2026-08-26,02:21:51:DEBUG MainThread:31 - SerialManager - Connected to port /dev/ttyUSB0

2026-08-26,02:21:57:DEBUG MainThread:31 - SerialManager - Connected to port /dev/ttyUSB0

2026-08-26,02:22:03:DEBUG MainThread:31 - SerialManager - Connected to port /dev/ttyUSB0

2026-08-26,02:22:09:DEBUG MainThread:31 - SerialManager - Connected to port /dev/ttyUSB0

2026-08-26,02:22:15:DEBUG MainThread:31 - SerialManager - Connected to port /dev/ttyUSB0

2026-08-26,02:22:21:DEBUG MainThread:31 - SerialManager - Connected to port /dev/ttyUSB0

2026-08-26,02:22:27:DEBUG MainThread:31 - SerialManager - Connected to port /dev/ttyUSB0

2026-08-26,02:22:33:DEBUG MainThread:31 - SerialManager - Connected to port /dev/ttyUSB0

2026-08-26,02:22:39:DEBUG MainThread:31 - SerialManager - Connected to port /dev/ttyUSB0

2026-08-26,02:22:45:DEBUG MainThread:31 - SerialManager - Connected to port /dev/ttyUSB0

2026-08-26,02:22:51:DEBUG MainThread:31 - SerialManager - Connected to port /dev/ttyUSB0

2026-08-26,02:22:57:DEBUG MainThread:31 - SerialManager - Connected to port /dev/ttyUSB0

2026-08-26,02:23:03:DEBUG MainThread:31 - SerialManager - Connected to port /dev/ttyUSB0

2026-08-26,02:23:09:DEBUG MainThread:31 - SerialManager - Connected to port /dev/ttyUSB0

2026-08-26,02:23:15:DEBUG MainThread:31 - SerialManager - Connected to port /dev/ttyUSB0

2026-08-26,02:23:21:DEBUG MainThread:31 - SerialManager - Connected to port /dev/ttyUSB0

2026-08-26,02:23:27:DEBUG MainThread:31 - SerialManager - Connected to port /dev/ttyUSB0

2026-08-26,02:23:33:DEBUG MainThread:31 - SerialManager - Connected to port /dev/ttyUSB0

2026-08-26,02:23:40:DEBUG MainThread:31 - SerialManager - Connected to port /dev/ttyUSB0

2026-08-26,02:23:46:DEBUG MainThread:31 - SerialManager - Connected to port /dev/ttyUSB0

2026-08-26,02:23:52:DEBUG MainThread:31 - SerialManager - Connected to port /dev/ttyUSB0

2026-08-26,02:23:58:DEBUG MainThread:31 - SerialManager - Connected to port /dev/ttyUSB0

2026-08-26,02:24:04:DEBUG MainThread:31 - SerialManager - Connected to port /dev/ttyUSB0

2026-08-26,02:24:10:DEBUG MainThread:31 - SerialManager - Connected to port /dev/ttyUSB0

2026-08-26,02:24:16:DEBUG MainThread:31 - SerialManager - Connected to port /dev/ttyUSB0

2026-08-26,02:24:22:DEBUG MainThread:31 - SerialManager - Connected to port /dev/ttyUSB0

2026-08-26,02:24:28:DEBUG MainThread:31 - SerialManager - Connected to port /dev/ttyUSB0

2026-08-26,02:24:34:DEBUG MainThread:31 - SerialManager - Connected to port /dev/ttyUSB0

2026-08-26,02:24:40:DEBUG MainThread:31 - SerialManager - Connected to port /dev/ttyUSB0

2026-08-26,02:24:46:DEBUG MainThread:31 - SerialManager - Connected to port /dev/ttyUSB0

2026-08-26,02:24:52:DEBUG MainThread:31 - SerialManager - Connected to port /dev/ttyUSB0

2026-08-26,02:24:58:DEBUG MainThread:31 - SerialManager - Connected to port /dev/ttyUSB0

2026-08-26,02:25:04:DEBUG MainThread:31 - SerialManager - Connected to port /dev/ttyUSB0

2026-08-26,02:25:10:DEBUG MainThread:31 - SerialManager - Connected to port /dev/ttyUSB0

2026-08-26,02:25:16:DEBUG MainThread:31 - SerialManager - Connected to port /dev/ttyUSB0

2026-08-26,02:25:22:DEBUG MainThread:31 - SerialManager - Connected to port /dev/ttyUSB0

2026-08-26,02:25:28:DEBUG MainThread:31 - SerialManager - Connected to port /dev/ttyUSB0

2026-08-26,02:25:34:DEBUG MainThread:31 - SerialManager - Connected to port /dev/ttyUSB0

2026-08-26,02:25:41:DEBUG MainThread:31 - SerialManager - Connected to port /dev/ttyUSB0

2026-08-26,02:25:47:DEBUG MainThread:31 - SerialManager - Connected to port /dev/ttyUSB0

2026-08-26,02:25:53:DEBUG MainThread:31 - SerialManager - Connected to port /dev/ttyUSB0

2026-08-26,02:25:59:DEBUG MainThread:31 - SerialManager - Connected to port /dev/ttyUSB0

2026-08-26,02:26:05:DEBUG MainThread:31 - SerialManager - Connected to port /dev/ttyUSB0

2026-08-26,02:26:11:DEBUG MainThread:31 - SerialManager - Connected to port /dev/ttyUSB0

2026-08-26,02:26:17:DEBUG MainThread:31 - SerialManager - Connected to port /dev/ttyUSB0

2026-08-26,02:26:23:DEBUG MainThread:31 - SerialManager - Connected to port /dev/ttyUSB0

2026-08-26,02:26:29:DEBUG MainThread:31 - SerialManager - Connected to port /dev/ttyUSB0

2026-08-26,02:26:35:DEBUG MainThread:31 - SerialManager - Connected to port /dev/ttyUSB0

2026-08-26,02:26:41:DEBUG MainThread:31 - SerialManager - Connected to port /dev/ttyUSB0

2026-08-26,02:26:47:DEBUG MainThread:31 - SerialManager - Connected to port /dev/ttyUSB0

2026-08-26,02:26:53:DEBUG MainThread:31 - SerialManager - Connected to port /dev/ttyUSB0

2026-08-26,02:26:59:DEBUG MainThread:31 - SerialManager - Connected to port /dev/ttyUSB0

2026-08-26,02:27:05:DEBUG MainThread:31 - SerialManager - Connected to port /dev/ttyUSB0

2026-08-26,02:27:11:DEBUG MainThread:31 - SerialManager - Connected to port /dev/ttyUSB0

2026-08-26,02:27:17:DEBUG MainThread:31 - SerialManager - Connected to port /dev/ttyUSB0

2026-08-26,02:27:23:DEBUG MainThread:31 - SerialManager - Connected to port /dev/ttyUSB0

2026-08-26,02:27:29:DEBUG MainThread:31 - SerialManager - Connected to port /dev/ttyUSB0

2026-08-26,02:27:35:DEBUG MainThread:31 - SerialManager - Connected to port /dev/ttyUSB0

2026-08-26,02:27:41:DEBUG MainThread:31 - SerialManager - Connected to port /dev/ttyUSB0

2026-08-26,02:27:48:DEBUG MainThread:31 - SerialManager - Connected to port /dev/ttyUSB0

2026-08-26,02:27:54:DEBUG MainThread:31 - SerialManager - Connected to port /dev/ttyUSB0

2026-08-26 02:28:00,104  ERROR  MainThread:465 -
Attempting to use a port that is not open

2026-08-26,02:28:00:DEBUG MainThread:31 - SerialManager - Connected to port /dev/ttyUSB0

2026-08-26,02:28:06:DEBUG MainThread:544 - All serial ports cannot be opened: reconnecting...

2026-08-26,02:28:07:DEBUG MainThread:31 - SerialManager - Connected to port /dev/ttyUSB0

2026-08-26,02:28:13:DEBUG MainThread:31 - SerialManager - Connected to port /dev/ttyUSB0

2026-08-26,02:28:19:DEBUG MainThread:31 - SerialManager - Connected to port /dev/ttyUSB0

2026-08-26,02:28:25:DEBUG MainThread:31 - SerialManager - Connected to port /dev/ttyUSB0

2026-08-26,02:28:31:DEBUG MainThread:31 - SerialManager - Connected to port /dev/ttyUSB0

2026-08-26,02:28:37:DEBUG MainThread:31 - SerialManager - Connected to port /dev/ttyUSB0

2026-08-26,02:28:43:DEBUG MainThread:31 - SerialManager - Connected to port /dev/ttyUSB0

2026-08-26,02:28:49:DEBUG MainThread:31 - SerialManager - Connected to port /dev/ttyUSB0

2026-08-26,02:28:55:DEBUG MainThread:31 - SerialManager - Connected to port /dev/ttyUSB0

2026-08-26,02:29:01:DEBUG MainThread:31 - SerialManager - Connected to port /dev/ttyUSB0

2026-08-26,02:29:07:DEBUG MainThread:31 - SerialManager - Connected to port /dev/ttyUSB0

2026-08-26,02:29:13:DEBUG MainThread:31 - SerialManager - Connected to port /dev/ttyUSB0

2026-08-26,02:29:19:DEBUG MainThread:31 - SerialManager - Connected to port /dev/ttyUSB0

2026-08-26,02:29:25:DEBUG MainThread:31 - SerialManager - Connected to port /dev/ttyUSB0

2026-08-26,02:29:31:DEBUG MainThread:31 - SerialManager - Connected to port /dev/ttyUSB0

2026-08-26,02:29:37:DEBUG MainThread:31 - SerialManager - Connected to port /dev/ttyUSB0

2026-08-26,02:29:43:DEBUG MainThread:31 - SerialManager - Connected to port /dev/ttyUSB0

2026-08-26,02:29:50:DEBUG MainThread:31 - SerialManager - Connected to port /dev/ttyUSB0

2026-08-26,02:29:56:DEBUG MainThread:31 - SerialManager - Connected to port /dev/ttyUSB0

2026-08-26,02:30:02:DEBUG MainThread:394 - [ACTIVE] HTTP link quality: 0/0 messages.

2026-08-26,02:30:02:DEBUG MainThread:31 - SerialManager - Connected to port /dev/ttyUSB0

2026-08-26,02:30:08:DEBUG MainThread:31 - SerialManager - Connected to port /dev/ttyUSB0

2026-08-26,02:30:14:DEBUG MainThread:31 - SerialManager - Connected to port /dev/ttyUSB0

2026-08-26,02:30:20:DEBUG MainThread:31 - SerialManager - Connected to port /dev/ttyUSB0

2026-08-26,02:30:26:DEBUG MainThread:31 - SerialManager - Connected to port /dev/ttyUSB0

2026-08-26,02:30:32:DEBUG MainThread:31 - SerialManager - Connected to port /dev/ttyUSB0

2026-08-26,02:30:38:DEBUG MainThread:31 - SerialManager - Connected to port /dev/ttyUSB0

2026-08-26,02:30:44:DEBUG MainThread:31 - SerialManager - Connected to port /dev/ttyUSB0

2026-08-26,02:30:50:DEBUG MainThread:31 - SerialManager - Connected to port /dev/ttyUSB0

2026-08-26,02:30:56:DEBUG MainThread:31 - SerialManager - Connected to port /dev/ttyUSB0

2026-08-26,02:31:02:DEBUG MainThread:31 - SerialManager - Connected to port /dev/ttyUSB0

2026-08-26,02:31:08:DEBUG MainThread:31 - SerialManager - Connected to port /dev/ttyUSB0

2026-08-26,02:31:14:DEBUG MainThread:31 - SerialManager - Connected to port /dev/ttyUSB0

2026-08-26,02:31:20:DEBUG MainThread:31 - SerialManager - Connected to port /dev/ttyUSB0

2026-08-26,02:31:26:DEBUG MainThread:31 - SerialManager - Connected to port /dev/ttyUSB0

2026-08-26,02:31:32:DEBUG MainThread:31 - SerialManager - Connected to port /dev/ttyUSB0

2026-08-26,02:31:38:DEBUG MainThread:31 - SerialManager - Connected to port /dev/ttyUSB0

2026-08-26,02:31:44:DEBUG MainThread:31 - SerialManager - Connected to port /dev/ttyUSB0

2026-08-26,02:31:51:DEBUG MainThread:31 - SerialManager - Connected to port /dev/ttyUSB0

2026-08-26,02:31:57:DEBUG MainThread:31 - SerialManager - Connected to port /dev/ttyUSB0

2026-08-26,02:32:03:DEBUG MainThread:31 - SerialManager - Connected to port /dev/ttyUSB0

2026-08-26,02:32:09:DEBUG MainThread:31 - SerialManager - Connected to port /dev/ttyUSB0

2026-08-26,02:32:15:DEBUG MainThread:31 - SerialManager - Connected to port /dev/ttyUSB0

2026-08-26,02:32:21:DEBUG MainThread:31 - SerialManager - Connected to port /dev/ttyUSB0

2026-08-26,02:32:27:DEBUG MainThread:31 - SerialManager - Connected to port /dev/ttyUSB0

2026-08-26,02:32:33:DEBUG MainThread:31 - SerialManager - Connected to port /dev/ttyUSB0

2026-08-26,02:32:39:DEBUG MainThread:31 - SerialManager - Connected to port /dev/ttyUSB0

2026-08-26,02:32:45:DEBUG MainThread:31 - SerialManager - Connected to port /dev/ttyUSB0

2026-08-26,02:32:51:DEBUG MainThread:31 - SerialManager - Connected to port /dev/ttyUSB0

2026-08-26,02:32:57:DEBUG MainThread:31 - SerialManager - Connected to port /dev/ttyUSB0

2026-08-26,02:33:03:DEBUG MainThread:31 - SerialManager - Connected to port /dev/ttyUSB0

2026-08-26,02:33:09:DEBUG MainThread:31 - SerialManager - Connected to port /dev/ttyUSB0

2026-08-26,02:33:15:DEBUG MainThread:31 - SerialManager - Connected to port /dev/ttyUSB0

2026-08-26,02:33:21:DEBUG MainThread:31 - SerialManager - Connected to port /dev/ttyUSB0

2026-08-26,02:33:27:DEBUG MainThread:31 - SerialManager - Connected to port /dev/ttyUSB0

2026-08-26,02:33:33:DEBUG MainThread:31 - SerialManager - Connected to port /dev/ttyUSB0

2026-08-26,02:33:39:DEBUG MainThread:31 - SerialManager - Connected to port /dev/ttyUSB0

2026-08-26,02:33:45:DEBUG MainThread:31 - SerialManager - Connected to port /dev/ttyUSB0

2026-08-26,02:33:51:DEBUG MainThread:31 - SerialManager - Connected to port /dev/ttyUSB0

2026-08-26,02:33:58:DEBUG MainThread:31 - SerialManager - Connected to port /dev/ttyUSB0

2026-08-26,02:34:04:DEBUG MainThread:31 - SerialManager - Connected to port /dev/ttyUSB0

2026-08-26,02:34:10:DEBUG MainThread:31 - SerialManager - Connected to port /dev/ttyUSB0

2026-08-26,02:34:16:DEBUG MainThread:31 - SerialManager - Connected to port /dev/ttyUSB0

2026-08-26,02:34:22:DEBUG MainThread:31 - SerialManager - Connected to port /dev/ttyUSB0

2026-08-26,02:34:28:DEBUG MainThread:31 - SerialManager - Connected to port /dev/ttyUSB0

2026-08-26,02:34:34:DEBUG MainThread:31 - SerialManager - Connected to port /dev/ttyUSB0

2026-08-26,02:34:40:DEBUG MainThread:31 - SerialManager - Connected to port /dev/ttyUSB0

2026-08-26,02:34:46:DEBUG MainThread:31 - SerialManager - Connected to port /dev/ttyUSB0

2026-08-26,02:34:52:DEBUG MainThread:31 - SerialManager - Connected to port /dev/ttyUSB0

2026-08-26,02:34:58:DEBUG MainThread:31 - SerialManager - Connected to port /dev/ttyUSB0

2026-08-26,02:35:04:DEBUG MainThread:31 - SerialManager - Connected to port /dev/ttyUSB0

2026-08-26,02:35:10:DEBUG MainThread:31 - SerialManager - Connected to port /dev/ttyUSB0

2026-08-26,02:35:16:DEBUG MainThread:31 - SerialManager - Connected to port /dev/ttyUSB0

2026-08-26,02:35:22:DEBUG MainThread:31 - SerialManager - Connected to port /dev/ttyUSB0

2026-08-26,02:35:28:DEBUG MainThread:31 - SerialManager - Connected to port /dev/ttyUSB0

2026-08-26,02:35:34:DEBUG MainThread:31 - SerialManager - Connected to port /dev/ttyUSB0

2026-08-26,02:35:40:DEBUG MainThread:31 - SerialManager - Connected to port /dev/ttyUSB0

2026-08-26,02:35:47:DEBUG MainThread:31 - SerialManager - Connected to port /dev/ttyUSB0

2026-08-26,02:35:53:DEBUG MainThread:31 - SerialManager - Connected to port /dev/ttyUSB0

2026-08-26,02:35:59:DEBUG MainThread:31 - SerialManager - Connected to port /dev/ttyUSB0

2026-08-26,02:36:05:DEBUG MainThread:31 - SerialManager - Connected to port /dev/ttyUSB0

2026-08-26,02:36:11:DEBUG MainThread:31 - SerialManager - Connected to port /dev/ttyUSB0

2026-08-26,02:36:17:DEBUG MainThread:31 - SerialManager - Connected to port /dev/ttyUSB0

2026-08-26,02:36:23:DEBUG MainThread:31 - SerialManager - Connected to port /dev/ttyUSB0

2026-08-26,02:36:29:DEBUG MainThread:31 - SerialManager - Connected to port /dev/ttyUSB0

2026-08-26,02:36:35:DEBUG MainThread:31 - SerialManager - Connected to port /dev/ttyUSB0

2026-08-26,02:36:41:DEBUG MainThread:31 - SerialManager - Connected to port /dev/ttyUSB0

2026-08-26,02:36:47:DEBUG MainThread:31 - SerialManager - Connected to port /dev/ttyUSB0

2026-08-26,02:36:53:DEBUG MainThread:31 - SerialManager - Connected to port /dev/ttyUSB0

2026-08-26,02:36:59:DEBUG MainThread:31 - SerialManager - Connected to port /dev/ttyUSB0

2026-08-26,02:37:05:DEBUG MainThread:31 - SerialManager - Connected to port /dev/ttyUSB0

2026-08-26,02:37:11:DEBUG MainThread:31 - SerialManager - Connected to port /dev/ttyUSB0

2026-08-26,02:37:17:DEBUG MainThread:31 - SerialManager - Connected to port /dev/ttyUSB0

2026-08-26,02:37:23:DEBUG MainThread:31 - SerialManager - Connected to port /dev/ttyUSB0

2026-08-26,02:37:29:DEBUG MainThread:31 - SerialManager - Connected to port /dev/ttyUSB0

2026-08-26,02:37:35:DEBUG MainThread:31 - SerialManager - Connected to port /dev/ttyUSB0

2026-08-26,02:37:41:DEBUG MainThread:31 - SerialManager - Connected to port /dev/ttyUSB0

2026-08-26,02:37:47:DEBUG MainThread:31 - SerialManager - Connected to port /dev/ttyUSB0

2026-08-26,02:37:53:DEBUG MainThread:31 - SerialManager - Connected to port /dev/ttyUSB0

2026-08-26,02:38:00:DEBUG MainThread:31 - SerialManager - Connected to port /dev/ttyUSB0

2026-08-26,02:38:06:DEBUG MainThread:31 - SerialManager - Connected to port /dev/ttyUSB0

2026-08-26,02:38:12:DEBUG MainThread:31 - SerialManager - Connected to port /dev/ttyUSB0

2026-08-26,02:38:18:DEBUG MainThread:31 - SerialManager - Connected to port /dev/ttyUSB0

2026-08-26,02:38:24:DEBUG MainThread:31 - SerialManager - Connected to port /dev/ttyUSB0

2026-08-26,02:38:30:DEBUG MainThread:31 - SerialManager - Connected to port /dev/ttyUSB0

2026-08-26,02:38:36:DEBUG MainThread:31 - SerialManager - Connected to port /dev/ttyUSB0

2026-08-26,02:38:42:DEBUG MainThread:31 - SerialManager - Connected to port /dev/ttyUSB0

2026-08-26,02:38:48:DEBUG MainThread:31 - SerialManager - Connected to port /dev/ttyUSB0

2026-08-26,02:38:54:DEBUG MainThread:31 - SerialManager - Connected to port /dev/ttyUSB0

2026-08-26 02:39:00,483  ERROR  MainThread:465 -
Attempting to use a port that is not open

2026-08-26,02:39:01:DEBUG MainThread:31 - SerialManager - Connected to port /dev/ttyUSB0

2026-08-26,02:39:07:DEBUG MainThread:544 - All serial ports cannot be opened: reconnecting...

2026-08-26,02:39:07:DEBUG MainThread:31 - SerialManager - Connected to port /dev/ttyUSB0

2026-08-26,02:39:13:DEBUG MainThread:31 - SerialManager - Connected to port /dev/ttyUSB0

2026-08-26,02:39:19:DEBUG MainThread:31 - SerialManager - Connected to port /dev/ttyUSB0

2026-08-26,02:39:25:DEBUG MainThread:31 - SerialManager - Connected to port /dev/ttyUSB0

2026-08-26,02:39:31:DEBUG MainThread:31 - SerialManager - Connected to port /dev/ttyUSB0

2026-08-26,02:39:37:DEBUG MainThread:31 - SerialManager - Connected to port /dev/ttyUSB0

2026-08-26,02:39:43:DEBUG MainThread:31 - SerialManager - Connected to port /dev/ttyUSB0

2026-08-26,02:39:49:DEBUG MainThread:31 - SerialManager - Connected to port /dev/ttyUSB0

2026-08-26,02:39:55:DEBUG MainThread:31 - SerialManager - Connected to port /dev/ttyUSB0

2026-08-26,02:40:01:DEBUG MainThread:31 - SerialManager - Connected to port /dev/ttyUSB0

2026-08-26,02:40:08:DEBUG MainThread:31 - SerialManager - Connected to port /dev/ttyUSB0

2026-08-26,02:40:14:DEBUG MainThread:31 - SerialManager - Connected to port /dev/ttyUSB0

2026-08-26,02:40:20:DEBUG MainThread:31 - SerialManager - Connected to port /dev/ttyUSB0

2026-08-26,02:40:26:DEBUG MainThread:31 - SerialManager - Connected to port /dev/ttyUSB0

2026-08-26,02:40:32:DEBUG MainThread:31 - SerialManager - Connected to port /dev/ttyUSB0

2026-08-26,02:40:38:DEBUG MainThread:31 - SerialManager - Connected to port /dev/ttyUSB0

2026-08-26,02:40:44:DEBUG MainThread:31 - SerialManager - Connected to port /dev/ttyUSB0

2026-08-26,02:40:50:DEBUG MainThread:31 - SerialManager - Connected to port /dev/ttyUSB0

2026-08-26,02:40:56:DEBUG MainThread:31 - SerialManager - Connected to port /dev/ttyUSB0

2026-08-26,02:41:02:DEBUG MainThread:31 - SerialManager - Connected to port /dev/ttyUSB0

2026-08-26,02:41:08:DEBUG MainThread:31 - SerialManager - Connected to port /dev/ttyUSB0

2026-08-26,02:41:14:DEBUG MainThread:31 - SerialManager - Connected to port /dev/ttyUSB0

2026-08-26,02:41:20:DEBUG MainThread:31 - SerialManager - Connected to port /dev/ttyUSB0

2026-08-26,02:41:26:DEBUG MainThread:31 - SerialManager - Connected to port /dev/ttyUSB0

2026-08-26,02:41:32:DEBUG MainThread:31 - SerialManager - Connected to port /dev/ttyUSB0

2026-08-26,02:41:38:DEBUG MainThread:31 - SerialManager - Connected to port /dev/ttyUSB0

2026-08-26,02:41:44:DEBUG MainThread:31 - SerialManager - Connected to port /dev/ttyUSB0

2026-08-26,02:41:50:DEBUG MainThread:31 - SerialManager - Connected to port /dev/ttyUSB0

2026-08-26,02:41:56:DEBUG MainThread:31 - SerialManager - Connected to port /dev/ttyUSB0

2026-08-26,02:42:02:DEBUG MainThread:31 - SerialManager - Connected to port /dev/ttyUSB0

2026-08-26,02:42:08:DEBUG MainThread:31 - SerialManager - Connected to port /dev/ttyUSB0

2026-08-26,02:42:14:DEBUG MainThread:31 - SerialManager - Connected to port /dev/ttyUSB0

2026-08-26,02:42:20:DEBUG MainThread:31 - SerialManager - Connected to port /dev/ttyUSB0

2026-08-26,02:42:27:DEBUG MainThread:31 - SerialManager - Connected to port /dev/ttyUSB0

2026-08-26,02:42:33:DEBUG MainThread:31 - SerialManager - Connected to port /dev/ttyUSB0

2026-08-26,02:42:39:DEBUG MainThread:31 - SerialManager - Connected to port /dev/ttyUSB0

2026-08-26,02:42:45:DEBUG MainThread:31 - SerialManager - Connected to port /dev/ttyUSB0

2026-08-26,02:42:51:DEBUG MainThread:31 - SerialManager - Connected to port /dev/ttyUSB0

2026-08-26,02:42:57:DEBUG MainThread:31 - SerialManager - Connected to port /dev/ttyUSB0

2026-08-26,02:43:03:DEBUG MainThread:31 - SerialManager - Connected to port /dev/ttyUSB0

2026-08-26,02:43:09:DEBUG MainThread:31 - SerialManager - Connected to port /dev/ttyUSB0

2026-08-26,02:43:15:DEBUG MainThread:31 - SerialManager - Connected to port /dev/ttyUSB0

2026-08-26,02:43:21:DEBUG MainThread:31 - SerialManager - Connected to port /dev/ttyUSB0

2026-08-26,02:43:27:DEBUG MainThread:31 - SerialManager - Connected to port /dev/ttyUSB0

2026-08-26,02:43:33:DEBUG MainThread:31 - SerialManager - Connected to port /dev/ttyUSB0

2026-08-26,02:43:39:DEBUG MainThread:31 - SerialManager - Connected to port /dev/ttyUSB0

2026-08-26,02:43:45:DEBUG MainThread:31 - SerialManager - Connected to port /dev/ttyUSB0

2026-08-26,02:43:51:DEBUG MainThread:31 - SerialManager - Connected to port /dev/ttyUSB0

2026-08-26,02:43:57:DEBUG MainThread:31 - SerialManager - Connected to port /dev/ttyUSB0

2026-08-26,02:44:03:DEBUG MainThread:31 - SerialManager - Connected to port /dev/ttyUSB0

2026-08-26,02:44:09:DEBUG MainThread:31 - SerialManager - Connected to port /dev/ttyUSB0

2026-08-26,02:44:15:DEBUG MainThread:31 - SerialManager - Connected to port /dev/ttyUSB0

2026-08-26,02:44:21:DEBUG MainThread:31 - SerialManager - Connected to port /dev/ttyUSB0

2026-08-26,02:44:27:DEBUG MainThread:31 - SerialManager - Connected to port /dev/ttyUSB0

2026-08-26,02:44:33:DEBUG MainThread:31 - SerialManager - Connected to port /dev/ttyUSB0

2026-08-26,02:44:40:DEBUG MainThread:31 - SerialManager - Connected to port /dev/ttyUSB0

2026-08-26,02:44:46:DEBUG MainThread:31 - SerialManager - Connected to port /dev/ttyUSB0

2026-08-26,02:44:52:DEBUG MainThread:31 - SerialManager - Connected to port /dev/ttyUSB0

2026-08-26,02:44:58:DEBUG MainThread:31 - SerialManager - Connected to port /dev/ttyUSB0

2026-08-26,02:45:04:DEBUG MainThread:31 - SerialManager - Connected to port /dev/ttyUSB0

2026-08-26,02:45:10:DEBUG MainThread:31 - SerialManager - Connected to port /dev/ttyUSB0

2026-08-26,02:45:16:DEBUG MainThread:31 - SerialManager - Connected to port /dev/ttyUSB0

2026-08-26,02:45:22:DEBUG MainThread:31 - SerialManager - Connected to port /dev/ttyUSB0

2026-08-26,02:45:28:DEBUG MainThread:31 - SerialManager - Connected to port /dev/ttyUSB0

2026-08-26,02:45:34:DEBUG MainThread:31 - SerialManager - Connected to port /dev/ttyUSB0

2026-08-26,02:45:40:DEBUG MainThread:31 - SerialManager - Connected to port /dev/ttyUSB0

2026-08-26,02:45:46:DEBUG MainThread:31 - SerialManager - Connected to port /dev/ttyUSB0

2026-08-26,02:45:52:DEBUG MainThread:31 - SerialManager - Connected to port /dev/ttyUSB0

2026-08-26,02:45:58:DEBUG MainThread:31 - SerialManager - Connected to port /dev/ttyUSB0

2026-08-26,02:46:04:DEBUG MainThread:31 - SerialManager - Connected to port /dev/ttyUSB0

2026-08-26,02:46:10:DEBUG MainThread:31 - SerialManager - Connected to port /dev/ttyUSB0

2026-08-26,02:46:16:DEBUG MainThread:31 - SerialManager - Connected to port /dev/ttyUSB0

2026-08-26,02:46:22:DEBUG MainThread:31 - SerialManager - Connected to port /dev/ttyUSB0

2026-08-26,02:46:28:DEBUG MainThread:31 - SerialManager - Connected to port /dev/ttyUSB0

2026-08-26,02:46:34:DEBUG MainThread:31 - SerialManager - Connected to port /dev/ttyUSB0

2026-08-26,02:46:40:DEBUG MainThread:31 - SerialManager - Connected to port /dev/ttyUSB0

2026-08-26,02:46:46:DEBUG MainThread:31 - SerialManager - Connected to port /dev/ttyUSB0

2026-08-26,02:46:53:DEBUG MainThread:31 - SerialManager - Connected to port /dev/ttyUSB0

